message_id,from_name,from_addr,reply_to,subject,body,spf_result,dkim_result,domain_age_days,attachments,urls,label
legit-0580@vegalog.com.br,Bruno Souza,bruno.costa@vegalog.com.br,,Ata da reuniao de terca,"Oi,

Segue a segunda via do boleto do fornecedor. O pagamento pode ser feito via pix pela conta da empresa. O comprovante de pagamento esta em anexo.

Bruno - Vega Log",pass,pass,4669,backup.zip,,0
legit-0565@sigmaalimentos.com.br,Juliana Silva,juliana.souza@sigmaalimentos.com.br,,Pagamento via pix ao fornecedor - confirmacao,"Prezados,

Encaminho o relatorio da semana 794 com os numeros de juridico. Os detalhes estao na planilha anexa. Podemos discutir na reuniao de quarta.

Atenciosamente,
Juliana",pass,pass,2169,relatorio.pdf,,0
legit-0729@norteseguros.com.br,Nara Costa,nara.souza@norteseguros.com.br,,Ata da reuniao de terca,"Time,

O deploy em homologacao foi concluido. O ambiente esta disponivel em https://homolog.norteseguros.com.br/painel para validacao funcional. Reportem os problemas pelo Jira.

Nara",pass,pass,5326,planilha.xlsx,,0
legit-0024@atlasenergia.com.br,Paula Almeida,paula.silva@atlasenergia.com.br,,Fechamento contabil de abril,"Bom dia,

Segue a nota fiscal 162 do servico de consultoria prestado em abril. O pagamento segue o combinado, boleto com vencimento em 15 dias.

Financeiro - Atlas Energia",pass,pass,3891,ata.pdf,,0
legit-0299@riobrancoindustria.com.br,Gustavo Souza,gustavo.silva@riobrancoindustria.com.br,gustavo@prisparceiro.com.br,Atualizacao do cronograma do projeto Aurora,"Igor, tudo bem?

Revisei o documento e deixei comentarios nas secoes 2 e 4. A versao consolidada esta em https://docs.google.com/document/d/f9i5pyx21gb8tbidnh3xac

Abraco,
Gustavo",pass,pass,2069,ata.pdf,,0
legit-0171@deltasaude.com.br,Carla Costa,carla.costa@deltasaude.com.br,,Verifique agora os numeros da planilha de juridico,"Bom dia,

Segue a nota fiscal 512 do servico de consultoria prestado em fevereiro. O pagamento segue o combinado, boleto com vencimento em 15 dias.

Financeiro - Delta Saude",pass,pass,6285,contrato.docx,,0
legit-0567@riobrancoindustria.com.br,Gustavo Almeida,gustavo.costa@riobrancoindustria.com.br,,Urgente: cliente Rio Branco Industria pediu retorno hoje,"Bom dia,

Segue a nota fiscal 408 do servico de consultoria prestado em julho. O pagamento segue o combinado, boleto com vencimento em 15 dias.

Financeiro - Rio Branco Industria",pass,fail,2608,relatorio.pdf,,0
legit-0498@atlasenergia.com.br,Juliana Silva,juliana.silva@atlasenergia.com.br,,Follow-up da call de ontem,"Pessoal,

A pauta do comite de operacoes esta definida: orcamento, contratacoes e o roadmap do projeto Baobab. Chamada no calendario para sexta.

Juliana",pass,pass,1812,backup.zip,,0
legit-0620@sigmaalimentos.com.br,Rafael Silva,rafael.costa@sigmaalimentos.com.br,,Pagamento via pix ao fornecedor - confirmacao,"Bom dia,

Segue a nota fiscal 871 do servico de consultoria prestado em maio. O pagamento segue o combinado, boleto com vencimento em 15 dias.

Financeiro - Sigma Alimentos",pass,pass,6762,relatorio.pdf,,0
legit-0168@oriontelecom.com.br,Mariana Costa,mariana.silva@oriontelecom.com.br,,Urgente: cliente Orion Telecom pediu retorno hoje,"Oi Eduardo,

Conforme conversamos, a proposta para Orion Telecom esta anexada. O prazo de validade e de 30 dias e o escopo cobre as tres frentes que voce pediu.

Obrigado,
Mariana",pass,pass,5216,,,0
legit-0542@vegalog.com.br,Eduardo Costa,eduardo.souza@vegalog.com.br,,Contrato 243 para assinatura,"Oi Lucas,

Conforme conversamos, a proposta para Vega Log esta anexada. O prazo de validade e de 30 dias e o escopo cobre as tres frentes que voce pediu.

Obrigado,
Eduardo",pass,pass,2600,contrato.docx,,0
legit-0403@sigmaalimentos.com.br,Lucas Almeida,lucas.souza@sigmaalimentos.com.br,,Convite: alinhamento do projeto Aurora,"Oi Diego,

Conforme conversamos, a proposta para Sigma Alimentos esta anexada. O prazo de validade e de 30 dias e o escopo cobre as tres frentes que voce pediu.

Obrigado,
Lucas",pass,pass,3902,relatorio.pdf,,0
legit-0712@riobrancoindustria.com.br,Carla Souza,carla.souza@riobrancoindustria.com.br,,Resultado do teste de carga no ambiente de homologacao,"Pessoal,

A pauta do comite de suprimentos esta definida: orcamento, contratacoes e o roadmap do projeto Aurora. Chamada no calendario para sexta.

Carla",none,pass,5944,relatorio.pdf,,0
legit-0673@prismavarejo.com.br,Diego Costa,diego.silva@prismavarejo.com.br,,Segunda via do boleto do fornecedor Prisma Varejo,"Ola Paula,

Segue o resumo do que combinamos na reuniao e os proximos passos do projeto Baobab. Qualquer ajuste me avise ate quarta.

Abraco,
Diego
Prisma Varejo",pass,pass,1961,backup.zip,,0
phish-0162@seguranca-nubank.click,Nubank Cobranca,atendimento@seguranca-nubank.click,,Pix nao autorizado detectado na sua conta Nubank,"Sua encomenda esta retida na alfandega por pendencia de taxa. Regularize em http://170.208.221.200/nubank/login para liberar a entrega.

Nao ignore este ultimo aviso.

Nubank",fail,none,49,comprovante.zip,http://170.208.221.200/nubank/login,1
legit-0758@deltasaude.com.br,Paula Costa,paula.costa@deltasaude.com.br,,Ferias aprovadas - Lucas,"Lucas,

O cliente pediu retorno urgente sobre a proposta. Verifique agora se a versao no portal esta correta: https://deltasaude.com.br/propostas/326

Obrigado,
Paula",pass,pass,6907,planilha.xlsx,,0
phish-0183@encurtador.com.br,PicPay Seguranca,suporte@encurtador.com.br,,Processo judicial em seu nome - intimacao eletronica,"Informamos que sua restituicao foi liberada. Para receber o valor via pix, confirme seus dados bancarios em https://encurtador.com.br/wimww05

O prazo final para resgate expira hoje.

Receita Federal - PicPay",softfail,none,52,fatura.html,https://encurtador.com.br/wimww05,1
legit-0625@vegalog.com.br,Juliana Costa,juliana.costa@vegalog.com.br,,Reserva de sala para a apresentacao de abril,"Oi,

Segue a segunda via do boleto do fornecedor. O pagamento pode ser feito via pix pela conta da empresa. O comprovante de pagamento esta em anexo.

Juliana - Vega Log",pass,pass,6032,,,0
legit-0013@vegalog.com.br,Mariana Souza,mariana.souza@vegalog.com.br,,Fechamento contabil de marco,"Prezados,

Encaminho o relatorio da semana 492 com os numeros de tecnologia. Os detalhes estao na planilha anexa. Podemos discutir na reuniao de quarta.

Atenciosamente,
Mariana",pass,pass,5730,relatorio.pdf,,0
legit-0737@deltasaude.com.br,Carla Silva,carla.silva@deltasaude.com.br,,Follow-up da call de ontem,"Hi Nara,

Please find attached the updated forecast for tecnologia. The numbers were reviewed with the regional team. Let us discuss on sexta.

Best regards,
Carla

Link rapido: https://cutt.ly/ro868k",pass,none,2339,,,0
legit-0110@oriontelecom.com.br,Lucas Souza,lucas.silva@oriontelecom.com.br,,Ata da reuniao de quinta,"Hi Rafael,

Please find attached the updated forecast for vendas. The numbers were reviewed with the regional team. Let us discuss on quinta.

Best regards,
Lucas",pass,pass,1610,,,0
phish-0148@cutt.ly,Magalu Central,seguranca@cutt.ly,retorno60@gmail.com,URGENTE: sua conta Magalu sera bloqueada em 24 horas,"Sua encomenda esta retida na alfandega por pendencia de taxa. Regularize em https://cutt.ly/96ok26q para liberar a entrega.

Nao ignore este ultimo aviso.

Magalu",fail,none,77,fatura.html,https://cutt.ly/96ok26q,1
phish-0167@picpay.bv8tj85z.com,Bruno Lima,atendimento@picpay.bv8tj85z.com,retorno71@mail.ru,Sua encomenda esta retida - pague a taxa de liberacao,"Sua encomenda esta retida na alfandega por pendencia de taxa. Regularize em https://picpay.bv8tj85z.com/seguranca/validacao para liberar a entrega.

Nao ignore este ultimo aviso.

PicPay",none,fail,14,,https://picpay.bv8tj85z.com/seguranca/validacao,1
legit-0025@sigmaalimentos.com.br,Bruno Silva,bruno.souza@sigmaalimentos.com.br,,Nota fiscal 608 referente ao servico de consultoria,"Ola Eduardo,

Segue o resumo do que combinamos na reuniao e os proximos passos do projeto Cobalto. Qualquer ajuste me avise ate sexta.

Abraco,
Bruno
Sigma Alimentos",pass,pass,3473,ata.pdf,,0
legit-0493@prismavarejo.com.br,Eduardo Souza,eduardo.souza@prismavarejo.com.br,,Relatorio semanal de vendas - semana 321,"Oi Fernanda,

Conforme conversamos, a proposta para Prisma Varejo esta anexada. O prazo de validade e de 30 dias e o escopo cobre as tres frentes que voce pediu.

Obrigado,
Eduardo

Link rapido: https://tinyurl.com/0sevmh",none,pass,865,,,0
legit-0327@riobrancoindustria.com.br,Carla Souza,carla.souza@riobrancoindustria.com.br,carla@vegaparceiro.com.br,Proposta comercial Rio Branco Industria,"Oi Lucas,

Conforme conversamos, a proposta para Rio Branco Industria esta anexada. O prazo de validade e de 30 dias e o escopo cobre as tres frentes que voce pediu.

Obrigado,
Carla",pass,pass,5506,relatorio.pdf,,0
legit-0146@oriontelecom.com.br,Paula Costa,paula.costa@oriontelecom.com.br,paula@rio parceiro.com.br,Pagamento via pix ao fornecedor - confirmacao,"Pessoal,

A pauta do comite de financeiro esta definida: orcamento, contratacoes e o roadmap do projeto Aurora. Chamada no calendario para sexta.

Paula

Link rapido: https://encurtador.com.br/zlwgew

Canal oficial do banco: https://picpay.com/empresas",pass,pass,2408,contrato.docx,,0
legit-0271@vegalog.com.br,Fernanda Costa,fernanda.costa@vegalog.com.br,fernanda@sigmparceiro.com.br,Nota fiscal 703 referente ao servico de consultoria,"Hi Mariana,

Please find attached the updated forecast for financeiro. The numbers were reviewed with the regional team. Let us discuss on sexta.

Best regards,
Fernanda",softfail,pass,4472,relatorio.pdf,,0
phish-0055@outlook.com,Nubank Cobranca,seguranca@outlook.com,,Sua encomenda esta retida - pague a taxa de liberacao,"Sua fatura esta em atraso e o nome sera negativado.

Acesse http://15.244.208.48/nubank/login e emita a segunda via do boleto para evitar restricao no seu CPF.

Setor de Cobranca Nubank",none,fail,82,comprovante.zip,http://15.244.208.48/nubank/login,1
legit-0228@riobrancoindustria.com.br,Mariana Costa,mariana.souza@riobrancoindustria.com.br,mariana@vegaparceiro.com.br,Contrato 496 para assinatura,"Oi Otavio,

Conforme conversamos, a proposta para Rio Branco Industria esta anexada. O prazo de validade e de 30 dias e o escopo cobre as tres frentes que voce pediu.

Obrigado,
Mariana

Link rapido: https://cutt.ly/iuyvzp",pass,pass,6335,backup.zip,,0
legit-0164@deltasaude.com.br,Lucas Silva,lucas.souza@deltasaude.com.br,lucas@orioparceiro.com.br,Follow-up da call de ontem,"Rafael,

O cliente pediu retorno urgente sobre a proposta. Verifique agora se a versao no portal esta correta: https://deltasaude.com.br/propostas/919

Obrigado,
Lucas",pass,none,6925,ata.pdf,,0
legit-0053@prismavarejo.com.br,Eduardo Costa,eduardo.costa@prismavarejo.com.br,,Atualizacao do cronograma do projeto Cobalto,"Oi,

Segue a segunda via do boleto do fornecedor. O pagamento pode ser feito via pix pela conta da empresa. O comprovante de pagamento esta em anexo.

Eduardo - Prisma Varejo",pass,pass,3490,backup.zip,,0
legit-0685@vegalog.com.br,Ana Costa,ana.silva@vegalog.com.br,ana@orioparceiro.com.br,Segunda via do boleto do fornecedor Vega Log,"Carla, tudo bem?

Revisei o documento e deixei comentarios nas secoes 2 e 4. A versao consolidada esta em https://docs.google.com/document/d/42dluwepg0i2d86dtxbe8l

Abraco,
Ana",pass,none,1810,planilha.xlsx,,0
phish-0184@centralmagalu.icu,Magalu Central,atendimento@centralmagalu.icu,,Pix nao autorizado detectado na sua conta Magalu,"Sua encomenda esta retida na alfandega por pendencia de taxa. Regularize em http://18.118.182.209/magalu/login para liberar a entrega.

Nao ignore este ultimo aviso.

Magalu",none,fail,19,documento.exe,http://18.118.182.209/magalu/login,1
legit-0408@riobrancoindustria.com.br,Igor Almeida,igor.costa@riobrancoindustria.com.br,,Verifique agora os numeros da planilha de tecnologia,"Bom dia,

Segue a nota fiscal 990 do servico de consultoria prestado em junho. O pagamento segue o combinado, boleto com vencimento em 15 dias.

Financeiro - Rio Branco Industria",pass,pass,1661,,,0
legit-0153@vegalog.com.br,Paula Costa,paula.costa@vegalog.com.br,,Urgente: cliente Vega Log pediu retorno hoje,"Hi Ana,

Please find attached the updated forecast for juridico. The numbers were reviewed with the regional team. Let us discuss on quarta.

Best regards,
Paula",softfail,pass,6608,ata.pdf,,0
legit-0294@oriontelecom.com.br,Carla Almeida,carla.silva@oriontelecom.com.br,,Relatorio semanal de vendas - semana 755,"Pessoal,

A pauta do comite de juridico esta definida: orcamento, contratacoes e o roadmap do projeto Aurora. Chamada no calendario para terca.

Carla",pass,none,5752,ata.pdf,,0
legit-0754@riobrancoindustria.com.br,Bruno Silva,bruno.souza@riobrancoindustria.com.br,,Feedback da sprint 858,"Oi Mariana,

Conforme conversamos, a proposta para Rio Branco Industria esta anexada. O prazo de validade e de 30 dias e o escopo cobre as tres frentes que voce pediu.

Obrigado,
Bruno",pass,pass,1846,ata.pdf,,0
legit-0034@sigmaalimentos.com.br,Mariana Almeida,mariana.silva@sigmaalimentos.com.br,,Ferias aprovadas - Eduardo,"Time,

O deploy em homologacao foi concluido. O ambiente esta disponivel em https://homolog.sigmaalimentos.com.br/painel para validacao funcional. Reportem os problemas pelo Jira.

Mariana",pass,pass,733,contrato.docx,,0
legit-0125@riobrancoindustria.com.br,Bruno Silva,bruno.silva@riobrancoindustria.com.br,,Ata da reuniao de sexta,"Oi Paula,

Conforme conversamos, a proposta para Rio Branco Industria esta anexada. O prazo de validade e de 30 dias e o escopo cobre as tres frentes que voce pediu.

Obrigado,
Bruno",pass,pass,2064,contrato.docx,,0
legit-0094@deltasaude.com.br,Otavio Almeida,otavio.costa@deltasaude.com.br,,Segunda via do boleto do fornecedor Delta Saude,"Oi Gustavo,

Conforme conversamos, a proposta para Delta Saude esta anexada. O prazo de validade e de 30 dias e o escopo cobre as tres frentes que voce pediu.

Obrigado,
Otavio

Link rapido: https://tinyurl.com/xywu8k",pass,pass,4120,ata.pdf,,0
legit-0399@sigmaalimentos.com.br,Nara Almeida,nara.silva@sigmaalimentos.com.br,nara@orioparceiro.com.br,Pauta do comite de vendas,"Oi,

Segue a segunda via do boleto do fornecedor. O pagamento pode ser feito via pix pela conta da empresa. O comprovante de pagamento esta em anexo.

Nara - Sigma Alimentos",pass,pass,5541,ata.pdf,,0
legit-0660@norteseguros.com.br,Igor Silva,igor.silva@norteseguros.com.br,,Onboarding do novo analista de operacoes,"Time,

O deploy em homologacao foi concluido. O ambiente esta disponivel em https://homolog.norteseguros.com.br/painel para validacao funcional. Reportem os problemas pelo Jira.

Igor",pass,pass,2953,planilha.xlsx,,0
legit-0098@oriontelecom.com.br,Bruno Souza,bruno.souza@oriontelecom.com.br,,Urgente: cliente Orion Telecom pediu retorno hoje,"Bruno,

O cliente pediu retorno urgente sobre a proposta. Verifique agora se a versao no portal esta correta: https://oriontelecom.com.br/propostas/507

Obrigado,
Bruno",pass,pass,1358,planilha.xlsx,,0
legit-0375@deltasaude.com.br,Igor Almeida,igor.costa@deltasaude.com.br,,Onboarding do novo analista de tecnologia,"Oi Nara,

Conforme conversamos, a proposta para Delta Saude esta anexada. O prazo de validade e de 30 dias e o escopo cobre as tres frentes que voce pediu.

Obrigado,
Igor",pass,pass,3774,relatorio.pdf,,0
legit-0585@oriontelecom.com.br,Gustavo Costa,gustavo.costa@oriontelecom.com.br,,Ferias aprovadas - Paula,"Prezados,

Encaminho o relatorio da semana 872 com os numeros de vendas. Os detalhes estao na planilha anexa. Podemos discutir na reuniao de terca.

Atenciosamente,
Gustavo

Canal oficial do banco: https://mercadopago.com.br/empresas",pass,pass,3001,relatorio.pdf,,0
phish-0119@outlook.com,Itau Central,nao-responda@outlook.com,,Assinatura Itau suspensa: atualize a forma de pagamento,"Prezado cliente,

Detectamos uma movimentacao suspeita e sua conta sera bloqueada. Clique aqui para verificar agora: http://144.159.186.166/itau/login

Voce tem 24 horas para confirmar seus dados, caso contrario a conta sera suspensa definitivamente.

Atenciosamente,
Central de Seguranca Itau",pass,pass,2059,comprovante.zip,http://144.159.186.166/itau/login,1
legit-0513@prismavarejo.com.br,Lucas Costa,lucas.silva@prismavarejo.com.br,,Atualizacao do cronograma do projeto Aurora,"Bom dia,

Segue a nota fiscal 481 do servico de consultoria prestado em maio. O pagamento segue o combinado, boleto com vencimento em 15 dias.

Financeiro - Prisma Varejo",pass,pass,4027,,,0
legit-0365@sigmaalimentos.com.br,Helena Almeida,helena.costa@sigmaalimentos.com.br,,Fechamento contabil de maio,"Nara, tudo bem?

Revisei o documento e deixei comentarios nas secoes 2 e 4. A versao consolidada esta em https://docs.google.com/document/d/l86z0eccvdnl9anv3zi8mt

Abraco,
Helena

Canal oficial do banco: https://nubank.com.br/empresas",pass,pass,6351,,,0
legit-0626@vegalog.com.br,Juliana Silva,juliana.souza@vegalog.com.br,,Urgente: cliente Vega Log pediu retorno hoje,"Ola Igor,

Segue o resumo do que combinamos na reuniao e os proximos passos do projeto Farol. Qualquer ajuste me avise ate terca.

Abraco,
Juliana
Vega Log

Link rapido: https://tinyurl.com/z4qk24

Canal oficial do banco: https://nubank.com.br/empresas",none,pass,5499,,,0
legit-0140@prismavarejo.com.br,Eduardo Silva,eduardo.souza@prismavarejo.com.br,,Relatorio semanal de vendas - semana 913,"Ola Nara,

Segue o resumo do que combinamos na reuniao e os proximos passos do projeto Dunas. Qualquer ajuste me avise ate terca.

Abraco,
Eduardo
Prisma Varejo",pass,pass,3431,backup.zip,,0
legit-0170@riobrancoindustria.com.br,Rafael Souza,rafael.souza@riobrancoindustria.com.br,,Pauta do comite de operacoes,"Pessoal,

A pauta do comite de operacoes esta definida: orcamento, contratacoes e o roadmap do projeto Everest. Chamada no calendario para segunda.

Rafael",none,fail,6067,contrato.docx,,0
legit-0060@deltasaude.com.br,Eduardo Costa,eduardo.costa@deltasaude.com.br,,Convite: alinhamento do projeto Cobalto,"Prezados,

Encaminho o relatorio da semana 876 com os numeros de tecnologia. Os detalhes estao na planilha anexa. Podemos discutir na reuniao de quinta.

Atenciosamente,
Eduardo",pass,pass,883,ata.pdf,,0
legit-0692@vegalog.com.br,Carla Almeida,carla.souza@vegalog.com.br,,Reserva de sala para a apresentacao de junho,"Oi Fernanda,

Conforme conversamos, a proposta para Vega Log esta anexada. O prazo de validade e de 30 dias e o escopo cobre as tres frentes que voce pediu.

Obrigado,
Carla",pass,pass,6202,backup.zip,,0
legit-0277@riobrancoindustria.com.br,Bruno Silva,bruno.costa@riobrancoindustria.com.br,,Fechamento contabil de junho,"Hi Ana,

Please find attached the updated forecast for tecnologia. The numbers were reviewed with the regional team. Let us discuss on quarta.

Best regards,
Bruno",pass,pass,2506,contrato.docx,,0
legit-0682@oriontelecom.com.br,Juliana Costa,juliana.costa@oriontelecom.com.br,,Ata da reuniao de quarta,"Time,

O deploy em homologacao foi concluido. O ambiente esta disponivel em https://homolog.oriontelecom.com.br/painel para validacao funcional. Reportem os problemas pelo Jira.

Juliana",pass,pass,961,planilha.xlsx,,0
phish-0143@meunetflix.work,Diego Lima,nao-responda@meunetflix.work,,Comprovante de pagamento em anexo - confira agora,"Sua encomenda esta retida na alfandega por pendencia de taxa. Regularize em http://meunetflix.work/acesso.php?id=kv2rsvk1ut para liberar a entrega.

Nao ignore este ultimo aviso.

Netflix",fail,none,67,fatura.html,http://meunetflix.work/acesso.php?id=kv2rsvk1ut,1
phish-0080@picpay-clientes.sbs,PicPay Atendimento,suporte@picpay-clientes.sbs,retorno12@yandex.com,Processo judicial em seu nome - intimacao eletronica,"Informamos que sua restituicao foi liberada. Para receber o valor via pix, confirme seus dados bancarios em http://picpay-clientes.sbs/login.php?id=jxwc7eb9zi

O prazo final para resgate expira hoje.

Receita Federal - PicPay",none,fail,45,documento.exe,http://picpay-clientes.sbs/login.php?id=jxwc7eb9zi,1
legit-0205@sigmaalimentos.com.br,Ana Souza,ana.costa@sigmaalimentos.com.br,,Ferias aprovadas - Diego,"Time,

O deploy em homologacao foi concluido. O ambiente esta disponivel em https://homolog.sigmaalimentos.com.br/painel para validacao funcional. Reportem os problemas pelo Jira.

Ana",pass,pass,145,ata.pdf,,0
legit-0297@atlasenergia.com.br,Lucas Souza,lucas.costa@atlasenergia.com.br,,Fechamento contabil de julho,"Ola Otavio,

Segue o resumo do que combinamos na reuniao e os proximos passos do projeto Dunas. Qualquer ajuste me avise ate quinta.

Abraco,
Lucas
Atlas Energia",pass,pass,1974,relatorio.pdf,,0
legit-0159@riobrancoindustria.com.br,Nara Souza,nara.costa@riobrancoindustria.com.br,,Proposta comercial Rio Branco Industria,"Bom dia,

Segue a nota fiscal 702 do servico de consultoria prestado em fevereiro. O pagamento segue o combinado, boleto com vencimento em 15 dias.

Financeiro - Rio Branco Industria",none,pass,6537,planilha.xlsx,,0
legit-0148@oriontelecom.com.br,Eduardo Silva,eduardo.silva@oriontelecom.com.br,,Ata da reuniao de quinta,"Time,

O deploy em homologacao foi concluido. O ambiente esta disponivel em https://homolog.oriontelecom.com.br/painel para validacao funcional. Reportem os problemas pelo Jira.

Eduardo",pass,pass,4599,contrato.docx,,0
legit-0204@deltasaude.com.br,Eduardo Silva,eduardo.costa@deltasaude.com.br,,Pauta do comite de suprimentos,"Time,

O deploy em homologacao foi concluido. O ambiente esta disponivel em https://homolog.deltasaude.com.br/painel para validacao funcional. Reportem os problemas pelo Jira.

Eduardo",pass,pass,6468,backup.zip,,0
phish-0124@meubradesco.work,Fernanda Reis,suporte@meubradesco.work,,Pix nao autorizado detectado na sua conta Bradesco,"Detectamos um pix nao autorizado de R$ 4.780,00 na sua conta. Se nao reconhece, cancele imediatamente: http://meubradesco.work/login.php?id=h39krggnf2

Informe sua senha de 6 digitos para validar o cancelamento.

Seguranca Bradesco",fail,fail,61,documento.exe,http://meubradesco.work/login.php?id=h39krggnf2,1
phish-0078@caixa.cqpa3qtl.com,Caixa Atendimento,seguranca@caixa.cqpa3qtl.com,,Processo judicial em seu nome - intimacao eletronica,"Prezado cliente,

Detectamos uma movimentacao suspeita e sua conta sera bloqueada. Clique aqui para verificar agora: https://caixa.cqpa3qtl.com/seguranca/validacao

Voce tem 24 horas para confirmar seus dados, caso contrario a conta sera suspensa definitivamente.

Atenciosamente,
Central de Seguranca Caixa",softfail,none,12,comprovante.zip,https://caixa.cqpa3qtl.com/seguranca/validacao,1
phish-0112@correiosonline.zip,Correios Central,nao-responda@correiosonline.zip,retorno59@gmail.com,Processo judicial em seu nome - intimacao eletronica,"Informamos que sua restituicao foi liberada. Para receber o valor via pix, confirme seus dados bancarios em http://26.35.177.31/correios/login

O prazo final para resgate expira hoje.

Receita Federal - Correios",softfail,none,46,nota.pdf.zip,http://26.35.177.31/correios/login,1
legit-0371@atlasenergia.com.br,Helena Almeida,helena.costa@atlasenergia.com.br,,Ata da reuniao de segunda,"Time,

O deploy em homologacao foi concluido. O ambiente esta disponivel em https://homolog.atlasenergia.com.br/painel para validacao funcional. Reportem os problemas pelo Jira.

Helena",pass,pass,1651,ata.pdf,,0
legit-0237@oriontelecom.com.br,Fernanda Almeida,fernanda.costa@oriontelecom.com.br,,Pagamento via pix ao fornecedor - confirmacao,"Ola Bruno,

Segue o resumo do que combinamos na reuniao e os proximos passos do projeto Farol. Qualquer ajuste me avise ate quarta.

Abraco,
Fernanda
Orion Telecom",pass,pass,3709,planilha.xlsx,,0
phish-0136@gmail.com,Serasa Central,seguranca@gmail.com,retorno42@yandex.com,Processo judicial em seu nome - intimacao eletronica,"Sua fatura esta em atraso e o nome sera negativado.

Acesse http://serasaonline.zip/acesso.php?id=50czf2owdf e emita a segunda via do boleto para evitar restricao no seu CPF.

Setor de Cobranca Serasa",none,none,43,fatura.html,http://serasaonline.zip/acesso.php?id=50czf2owdf,1
legit-0357@riobrancoindustria.com.br,Helena Silva,helena.costa@riobrancoindustria.com.br,,Contrato 905 para assinatura,"Bom dia,

Segue a nota fiscal 905 do servico de consultoria prestado em julho. O pagamento segue o combinado, boleto com vencimento em 15 dias.

Financeiro - Rio Branco Industria",pass,pass,4204,planilha.xlsx,,0
legit-0108@riobrancoindustria.com.br,Paula Souza,paula.silva@riobrancoindustria.com.br,,Convite: alinhamento do projeto Dunas,"Time,

O deploy em homologacao foi concluido. O ambiente esta disponivel em https://homolog.riobrancoindustria.com.br/painel para validacao funcional. Reportem os problemas pelo Jira.

Paula",pass,pass,6545,,,0
legit-0449@deltasaude.com.br,Helena Almeida,helena.costa@deltasaude.com.br,,Urgente: cliente Delta Saude pediu retorno hoje,"Fernanda, tudo bem?

Revisei o documento e deixei comentarios nas secoes 2 e 4. A versao consolidada esta em https://docs.google.com/document/d/sc3ehaqwir4f0ny0r3y2jf

Abraco,
Helena",pass,pass,1987,contrato.docx,,0
legit-0613@sigmaalimentos.com.br,Fernanda Silva,fernanda.souza@sigmaalimentos.com.br,,Proposta comercial Sigma Alimentos,"Oi,

Segue a segunda via do boleto do fornecedor. O pagamento pode ser feito via pix pela conta da empresa. O comprovante de pagamento esta em anexo.

Fernanda - Sigma Alimentos",pass,pass,3313,ata.pdf,,0
phish-bec-0017@deltasaude.com.br,Juliana Costa,juliana.souza@deltasaude.com.br,,Confirmacao de dados bancarios do fornecedor,"Bom dia,

Mudamos a conta de recebimento. Pode atualizar o cadastro do fornecedor para a nova conta antes do pagamento de amanha? Envio os dados no retorno deste e-mail.

Obrigado,
Juliana",pass,pass,6489,,,1
phish-0079@meunetflix.work,Netflix Cobranca,nao-responda@meunetflix.work,,[Netflix] Confirme seus dados agora para evitar o bloqueio,"Prezado cliente,

Detectamos uma movimentacao suspeita e sua conta sera bloqueada. Clique aqui para verificar agora: http://124.162.111.26/netflix/login

Voce tem 24 horas para confirmar seus dados, caso contrario a conta sera suspensa definitivamente.

Atenciosamente,
Central de Seguranca Netflix",softfail,none,76,,http://124.162.111.26/netflix/login,1
legit-0026@vegalog.com.br,Diego Costa,diego.silva@vegalog.com.br,,Onboarding do novo analista de operacoes,"Bruno,

O cliente pediu retorno urgente sobre a proposta. Verifique agora se a versao no portal esta correta: https://vegalog.com.br/propostas/831

Obrigado,
Diego

Link rapido: https://encurtador.com.br/e34ss9",pass,pass,1887,,,0
legit-0582@sigmaalimentos.com.br,Otavio Silva,otavio.silva@sigmaalimentos.com.br,,Proposta comercial Sigma Alimentos,"Pessoal,

A pauta do comite de juridico esta definida: orcamento, contratacoes e o roadmap do projeto Cobalto. Chamada no calendario para sexta.

Otavio",none,pass,5545,contrato.docx,,0
legit-0046@norteseguros.com.br,Lucas Silva,lucas.souza@norteseguros.com.br,,Pagamento via pix ao fornecedor - confirmacao,"Prezados,

Encaminho o relatorio da semana 731 com os numeros de operacoes. Os detalhes estao na planilha anexa. Podemos discutir na reuniao de quinta.

Atenciosamente,
Lucas",pass,pass,4888,relatorio.pdf,,0
legit-0259@oriontelecom.com.br,Otavio Almeida,otavio.costa@oriontelecom.com.br,,Relatorio semanal de vendas - semana 292,"Oi Carla,

Conforme conversamos, a proposta para Orion Telecom esta anexada. O prazo de validade e de 30 dias e o escopo cobre as tres frentes que voce pediu.

Obrigado,
Otavio",pass,pass,2237,,,0
phish-0181@caixa.1vqxcqcz.com,Caixa Central,atendimento@caixa.1vqxcqcz.com,,URGENTE: sua conta Caixa sera bloqueada em 24 horas,"Parabens! Voce foi selecionado no sorteio Caixa e tem um premio de R$ 5.000 para resgatar. Clique aqui: https://caixa.1vqxcqcz.com/seguranca/validacao

Vagas limitadas, resgate seu premio em 24 horas.",fail,fail,45,comprovante.zip,https://caixa.1vqxcqcz.com/seguranca/validacao,1
legit-0717@riobrancoindustria.com.br,Diego Almeida,diego.silva@riobrancoindustria.com.br,diego@atlaparceiro.com.br,Verifique agora os numeros da planilha de vendas,"Prezados,

Encaminho o relatorio da semana 467 com os numeros de vendas. Os detalhes estao na planilha anexa. Podemos discutir na reuniao de segunda.

Atenciosamente,
Diego

Link rapido: https://cutt.ly/q9kg98",pass,pass,2763,backup.zip,,0
legit-0742@norteseguros.com.br,Gustavo Silva,gustavo.costa@norteseguros.com.br,,Ferias aprovadas - Otavio,"Oi Otavio,

Conforme conversamos, a proposta para Norte Seguros esta anexada. O prazo de validade e de 30 dias e o escopo cobre as tres frentes que voce pediu.

Obrigado,
Gustavo",pass,fail,1263,ata.pdf,,0
legit-0473@sigmaalimentos.com.br,Helena Costa,helena.costa@sigmaalimentos.com.br,,Proposta comercial Sigma Alimentos,"Ola Fernanda,

Segue o resumo do que combinamos na reuniao e os proximos passos do projeto Aurora. Qualquer ajuste me avise ate sexta.

Abraco,
Helena
Sigma Alimentos",pass,pass,3441,backup.zip,,0
legit-0372@deltasaude.com.br,Gustavo Costa,gustavo.silva@deltasaude.com.br,,Verifique agora os numeros da planilha de juridico,"Carla,

O cliente pediu retorno urgente sobre a proposta. Verifique agora se a versao no portal esta correta: https://deltasaude.com.br/propostas/880

Obrigado,
Gustavo",pass,pass,4731,planilha.xlsx,,0
legit-0623@prismavarejo.com.br,Ana Souza,ana.silva@prismavarejo.com.br,,Pagamento via pix ao fornecedor - confirmacao,"Carla,

O cliente pediu retorno urgente sobre a proposta. Verifique agora se a versao no portal esta correta: https://prismavarejo.com.br/propostas/599

Obrigado,
Ana",pass,pass,4770,backup.zip,,0
phish-0126@itau-atendimento.xyz,Itau Cobranca,seguranca@itau-atendimento.xyz,,Comprovante de pagamento em anexo - confira agora,"Sua encomenda esta retida na alfandega por pendencia de taxa. Regularize em http://itau-atendimento.xyz/acesso.php?id=py23a8aa8h para liberar a entrega.

Nao ignore este ultimo aviso.

Itau",none,none,37,comprovante.zip,http://itau-atendimento.xyz/acesso.php?id=py23a8aa8h,1
phish-0155@nubankonline.zip,Igor Lima,nao-responda@nubankonline.zip,,Processo judicial em seu nome - intimacao eletronica,"Parabens! Voce foi selecionado no sorteio Nubank e tem um premio de R$ 5.000 para resgatar. Clique aqui: http://78.209.118.131/nubank/login

Vagas limitadas, resgate seu premio em 24 horas.",softfail,none,73,,http://78.209.118.131/nubank/login,1
legit-0619@deltasaude.com.br,Paula Souza,paula.silva@deltasaude.com.br,,Atualizacao do cronograma do projeto Aurora,"Oi Otavio,

Conforme conversamos, a proposta para Delta Saude esta anexada. O prazo de validade e de 30 dias e o escopo cobre as tres frentes que voce pediu.

Obrigado,
Paula",softfail,pass,1511,backup.zip,,0
legit-0465@vegalog.com.br,Lucas Costa,lucas.costa@vegalog.com.br,,Follow-up da call de ontem,"Pessoal,

A pauta do comite de financeiro esta definida: orcamento, contratacoes e o roadmap do projeto Dunas. Chamada no calendario para sexta.

Lucas",softfail,pass,4468,contrato.docx,,0
legit-0441@riobrancoindustria.com.br,Helena Costa,helena.silva@riobrancoindustria.com.br,,Relatorio semanal de vendas - semana 523,"Time,

O deploy em homologacao foi concluido. O ambiente esta disponivel em https://homolog.riobrancoindustria.com.br/painel para validacao funcional. Reportem os problemas pelo Jira.

Helena",pass,pass,6143,,,0
legit-0063@riobrancoindustria.com.br,Otavio Silva,otavio.costa@riobrancoindustria.com.br,,Contrato 806 para assinatura,"Bom dia,

Segue a nota fiscal 806 do servico de consultoria prestado em julho. O pagamento segue o combinado, boleto com vencimento em 15 dias.

Financeiro - Rio Branco Industria",pass,pass,5982,planilha.xlsx,,0
phish-0189@meusantander.work,Eduardo Lima,nao-responda@meusantander.work,,URGENTE: sua conta Santander sera bloqueada em 24 horas,"Sua fatura esta em atraso e o nome sera negativado.

Acesse http://meusantander.work/atualizar.php?id=fl0n8qpqsy e emita a segunda via do boleto para evitar restricao no seu CPF.

Setor de Cobranca Santander",none,fail,65,fatura.html,http://meusantander.work/atualizar.php?id=fl0n8qpqsy,1
legit-0708@atlasenergia.com.br,Igor Costa,igor.costa@atlasenergia.com.br,,Reserva de sala para a apresentacao de janeiro,"Carla, tudo bem?

Revisei o documento e deixei comentarios nas secoes 2 e 4. A versao consolidada esta em https://docs.google.com/document/d/e8dzv3riqwdm8z4khohc30

Abraco,
Igor",pass,pass,4420,backup.zip,,0
legit-0389@atlasenergia.com.br,Igor Silva,igor.souza@atlasenergia.com.br,,Verifique agora os numeros da planilha de tecnologia,"Prezados,

Encaminho o relatorio da semana 776 com os numeros de tecnologia. Os detalhes estao na planilha anexa. Podemos discutir na reuniao de segunda.

Atenciosamente,
Igor",pass,pass,3036,,,0
legit-0743@vegalog.com.br,Diego Silva,diego.silva@vegalog.com.br,,Verifique agora os numeros da planilha de financeiro,"Bom dia,

Segue a nota fiscal 268 do servico de consultoria prestado em julho. O pagamento segue o combinado, boleto com vencimento em 15 dias.

Financeiro - Vega Log

Link rapido: https://bit.ly/qzoe7k",pass,pass,1728,relatorio.pdf,,0
legit-0099@oriontelecom.com.br,Otavio Almeida,otavio.souza@oriontelecom.com.br,,Feedback da sprint 302,"Pessoal,

A pauta do comite de tecnologia esta definida: orcamento, contratacoes e o roadmap do projeto Everest. Chamada no calendario para terca.

Otavio",pass,pass,6101,relatorio.pdf,,0
legit-0454@prismavarejo.com.br,Mariana Costa,mariana.souza@prismavarejo.com.br,,Follow-up da call de ontem,"Prezados,

Encaminho o relatorio da semana 548 com os numeros de tecnologia. Os detalhes estao na planilha anexa. Podemos discutir na reuniao de terca.

Atenciosamente,
Mariana",pass,pass,6689,planilha.xlsx,,0
phish-0196@picpay.uc2ubyr0.com,PicPay Cobranca,nao-responda@picpay.uc2ubyr0.com,,[PicPay] Confirme seus dados agora para evitar o bloqueio,"Segue em anexo o comprovante de pagamento. Abra o documento e confirme os dados em https://picpay.uc2ubyr0.com/seguranca/validacao para dar baixa na pendencia.

Departamento Financeiro PicPay",none,none,62,comprovante.zip,https://picpay.uc2ubyr0.com/seguranca/validacao,1
phish-0130@is.gd,Receita Federal Central,atendimento@is.gd,,Processo judicial em seu nome - intimacao eletronica,"Prezado cliente,

Detectamos uma movimentacao suspeita e sua conta sera bloqueada. Clique aqui para verificar agora: https://is.gd/hq54mqj

Voce tem 24 horas para confirmar seus dados, caso contrario a conta sera suspensa definitivamente.

Atenciosamente,
Central de Seguranca Receita Federal",pass,pass,3383,,https://is.gd/hq54mqj,1
legit-0426@oriontelecom.com.br,Carla Souza,carla.silva@oriontelecom.com.br,,Proposta comercial Orion Telecom,"Hi Bruno,

Please find attached the updated forecast for suprimentos. The numbers were reviewed with the regional team. Let us discuss on quarta.

Best regards,
Carla",pass,pass,6481,relatorio.pdf,,0
legit-0387@deltasaude.com.br,Otavio Costa,otavio.costa@deltasaude.com.br,,Relatorio semanal de vendas - semana 145,"Oi,

Segue a segunda via do boleto do fornecedor. O pagamento pode ser feito via pix pela conta da empresa. O comprovante de pagamento esta em anexo.

Otavio - Delta Saude",pass,pass,4432,ata.pdf,,0
legit-0526@riobrancoindustria.com.br,Rafael Souza,rafael.costa@riobrancoindustria.com.br,,Proposta comercial Rio Branco Industria,"Lucas,

O cliente pediu retorno urgente sobre a proposta. Verifique agora se a versao no portal esta correta: https://riobrancoindustria.com.br/propostas/445

Obrigado,
Rafael",pass,pass,6700,ata.pdf,,0
legit-0752@atlasenergia.com.br,Lucas Almeida,lucas.costa@atlasenergia.com.br,,Relatorio semanal de vendas - semana 460,"Hi Nara,

Please find attached the updated forecast for vendas. The numbers were reviewed with the regional team. Let us discuss on sexta.

Best regards,
Lucas

Canal oficial do banco: https://bradesco.com.br/empresas",pass,pass,1393,relatorio.pdf,,0
phish-0072@hotmail.com,Netflix Cobranca,seguranca@hotmail.com,retorno63@gmail.com,Comprovante de pagamento em anexo - confira agora,"Detectamos um pix nao autorizado de R$ 4.780,00 na sua conta. Se nao reconhece, cancele imediatamente: http://meunetflix.work/acesso.php?id=w9d6igk6ta

Informe sua senha de 6 digitos para validar o cancelamento.

Seguranca Netflix",none,fail,84,,http://meunetflix.work/acesso.php?id=w9d6igk6ta,1
phish-0057@picpay-seguro.top,Diego Reis,suporte@picpay-seguro.top,retorno19@mail.ru,[PicPay] Confirme seus dados agora para evitar o bloqueio,"Segue em anexo o comprovante de pagamento. Abra o documento e confirme os dados em http://picpay-seguro.top/acesso.php?id=n3gkrhxd9r para dar baixa na pendencia.

Departamento Financeiro PicPay",pass,pass,2559,comprovante.zip,http://picpay-seguro.top/acesso.php?id=n3gkrhxd9r,1
phish-bec-0000@norteseguros.com.br,Lucas Silva,lucas.souza@norteseguros.com.br,,Documento para revisao,"Eduardo, segue o documento que comentamos na call. Preciso da sua validacao para seguir com o contrato.

Abraco,
Lucas",pass,pass,2305,,,1
legit-0009@prismavarejo.com.br,Mariana Silva,mariana.silva@prismavarejo.com.br,mariana@nortparceiro.com.br,Fechamento contabil de junho,"Prezados,

Encaminho o relatorio da semana 924 com os numeros de juridico. Os detalhes estao na planilha anexa. Podemos discutir na reuniao de quarta.

Atenciosamente,
Mariana",softfail,pass,3398,relatorio.pdf,,0
legit-0523@riobrancoindustria.com.br,Rafael Costa,rafael.silva@riobrancoindustria.com.br,,Feedback da sprint 565,"Time,

O deploy em homologacao foi concluido. O ambiente esta disponivel em https://homolog.riobrancoindustria.com.br/painel para validacao funcional. Reportem os problemas pelo Jira.

Rafael",pass,pass,2244,planilha.xlsx,,0
phish-0100@hotmail.com,Gustavo Lima,nao-responda@hotmail.com,,Processo judicial em seu nome - intimacao eletronica,"Segue em anexo o comprovante de pagamento. Abra o documento e confirme os dados em https://nubank.17c8jwyg.com/seguranca/validacao para dar baixa na pendencia.

Departamento Financeiro Nubank",fail,fail,78,,https://nubank.17c8jwyg.com/seguranca/validacao,1
legit-0057@oriontelecom.com.br,Carla Almeida,carla.costa@oriontelecom.com.br,,Verifique agora os numeros da planilha de juridico,"Time,

O deploy em homologacao foi concluido. O ambiente esta disponivel em https://homolog.oriontelecom.com.br/painel para validacao funcional. Reportem os problemas pelo Jira.

Carla",pass,pass,51,relatorio.pdf,,0
legit-0455@oriontelecom.com.br,Diego Almeida,diego.silva@oriontelecom.com.br,diego@atlaparceiro.com.br,Ferias aprovadas - Helena,"Prezados,

Encaminho o relatorio da semana 215 com os numeros de operacoes. Os detalhes estao na planilha anexa. Podemos discutir na reuniao de quinta.

Atenciosamente,
Diego

Canal oficial do banco: https://serasa.com.br/empresas",none,pass,5071,contrato.docx,,0
legit-0705@deltasaude.com.br,Lucas Costa,lucas.souza@deltasaude.com.br,,Ata da reuniao de segunda,"Diego, tudo bem?

Revisei o documento e deixei comentarios nas secoes 2 e 4. A versao consolidada esta em https://docs.google.com/document/d/naatvxqpk459i8f3oh3mrd

Abraco,
Lucas",none,pass,2358,planilha.xlsx,,0
legit-0530@prismavarejo.com.br,Diego Costa,diego.costa@prismavarejo.com.br,,Resultado do teste de carga no ambiente de homologacao,"Hi Helena,

Please find attached the updated forecast for financeiro. The numbers were reviewed with the regional team. Let us discuss on quinta.

Best regards,
Diego",none,pass,2026,ata.pdf,,0
legit-0419@atlasenergia.com.br,Eduardo Silva,eduardo.souza@atlasenergia.com.br,,Relatorio semanal de vendas - semana 551,"Pessoal,

A pauta do comite de vendas esta definida: orcamento, contratacoes e o roadmap do projeto Farol. Chamada no calendario para sexta.

Eduardo",pass,pass,4770,planilha.xlsx,,0
legit-0472@prismavarejo.com.br,Mariana Costa,mariana.souza@prismavarejo.com.br,,Verifique agora os numeros da planilha de financeiro,"Oi Diego,

Conforme conversamos, a proposta para Prisma Varejo esta anexada. O prazo de validade e de 30 dias e o escopo cobre as tres frentes que voce pediu.

Obrigado,
Mariana",pass,pass,2365,relatorio.pdf,,0
phish-0106@encurtador.com.br,Paula Lima,suporte@encurtador.com.br,retorno37@yandex.com,"Receita Federal: token de seguranca expirado, atualize seu cadastro","Informamos que sua restituicao foi liberada. Para receber o valor via pix, confirme seus dados bancarios em https://encurtador.com.br/4gh9fvl

O prazo final para resgate expira hoje.

Receita Federal - Receita Federal",pass,pass,1353,,https://encurtador.com.br/4gh9fvl,1
phish-bec-0019@oriontelecom.com.br,Gustavo Costa,gustavo.souza@oriontelecom.com.br,,Confirmacao de dados bancarios do fornecedor,"Bom dia,

Mudamos a conta de recebimento. Pode atualizar o cadastro do fornecedor para a nova conta antes do pagamento de amanha? Envio os dados no retorno deste e-mail.

Obrigado,
Gustavo",pass,pass,4994,documento.pdf,,1
legit-0285@vegalog.com.br,Gustavo Silva,gustavo.silva@vegalog.com.br,,Segunda via do boleto do fornecedor Vega Log,"Bruno, tudo bem?

Revisei o documento e deixei comentarios nas secoes 2 e 4. A versao consolidada esta em https://docs.google.com/document/d/bt30pkpkrk6jmkheqzmtx6

Abraco,
Gustavo",pass,pass,4905,backup.zip,,0
legit-0289@oriontelecom.com.br,Eduardo Silva,eduardo.costa@oriontelecom.com.br,,Resultado do teste de carga no ambiente de homologacao,"Time,

O deploy em homologacao foi concluido. O ambiente esta disponivel em https://homolog.oriontelecom.com.br/painel para validacao funcional. Reportem os problemas pelo Jira.

Eduardo",pass,pass,2956,backup.zip,,0
legit-0061@riobrancoindustria.com.br,Helena Silva,helena.costa@riobrancoindustria.com.br,,Feedback da sprint 905,"Pessoal,

A pauta do comite de financeiro esta definida: orcamento, contratacoes e o roadmap do projeto Baobab. Chamada no calendario para terca.

Helena",pass,pass,3542,relatorio.pdf,,0
legit-0694@prismavarejo.com.br,Fernanda Souza,fernanda.silva@prismavarejo.com.br,,Pagamento via pix ao fornecedor - confirmacao,"Hi Paula,

Please find attached the updated forecast for tecnologia. The numbers were reviewed with the regional team. Let us discuss on quarta.

Best regards,
Fernanda

Link rapido: https://cutt.ly/nuufbs",softfail,pass,4459,planilha.xlsx,,0
legit-0684@prismavarejo.com.br,Helena Almeida,helena.souza@prismavarejo.com.br,,Resultado do teste de carga no ambiente de homologacao,"Time,

O deploy em homologacao foi concluido. O ambiente esta disponivel em https://homolog.prismavarejo.com.br/painel para validacao funcional. Reportem os problemas pelo Jira.

Helena

Canal oficial do banco: https://magazineluiza.com.br/empresas",pass,pass,5600,,,0
legit-0328@deltasaude.com.br,Otavio Silva,otavio.costa@deltasaude.com.br,,Convite: alinhamento do projeto Aurora,"Oi Nara,

Conforme conversamos, a proposta para Delta Saude esta anexada. O prazo de validade e de 30 dias e o escopo cobre as tres frentes que voce pediu.

Obrigado,
Otavio",pass,pass,3137,relatorio.pdf,,0
phish-bec-0034@sigmaalimentos.com.br,Otavio Souza,otavio.costa@sigmaalimentos.com.br,,Ferias aprovadas - Bruno,"Time,

O deploy em homologacao foi concluido. O ambiente esta disponivel em https://homolog.sigmaalimentos.com.br/painel para validacao funcional. Reportem os problemas pelo Jira.

Otavio",pass,pass,1349,relatorio.pdf,,1
legit-0702@sigmaalimentos.com.br,Ana Costa,ana.souza@sigmaalimentos.com.br,,Convite: alinhamento do projeto Everest,"Pessoal,

A pauta do comite de financeiro esta definida: orcamento, contratacoes e o roadmap do projeto Everest. Chamada no calendario para segunda.

Ana

Canal oficial do banco: https://netflix.com/empresas",pass,pass,64,contrato.docx,,0
phish-bec-0021@atlasenergia.com.br,Fernanda Silva,fernanda.souza@atlasenergia.com.br,,Follow-up da call de ontem,"Bom dia,

Segue a nota fiscal 340 do servico de consultoria prestado em julho. O pagamento segue o combinado, boleto com vencimento em 15 dias.

Financeiro - Atlas Energia",pass,pass,3434,relatorio.pdf,,1
phish-0160@santander.verifica-cliente.com,Santander Cobranca,seguranca@santander.verifica-cliente.com,,URGENTE: sua conta Santander sera bloqueada em 24 horas,"Sua assinatura foi suspensa por falha na cobranca. Atualize seu cadastro em http://santander.verifica-cliente.com/login.php?id=a3ucwpa0tf para reativar o acesso agora mesmo.

Equipe Santander",softfail,none,52,,http://santander.verifica-cliente.com/login.php?id=a3ucwpa0tf,1
phish-0115@caixa-seguro.top,Caixa Seguranca,nao-responda@caixa-seguro.top,,[Caixa] Confirme seus dados agora para evitar o bloqueio,"Sua encomenda esta retida na alfandega por pendencia de taxa. Regularize em http://184.152.195.2/caixa/login para liberar a entrega.

Nao ignore este ultimo aviso.

Caixa",softfail,none,15,fatura.html,http://184.152.195.2/caixa/login,1
legit-0686@riobrancoindustria.com.br,Lucas Almeida,lucas.costa@riobrancoindustria.com.br,,Atualizacao do cronograma do projeto Baobab,"Oi,

Segue a segunda via do boleto do fornecedor. O pagamento pode ser feito via pix pela conta da empresa. O comprovante de pagamento esta em anexo.

Lucas - Rio Branco Industria

Canal oficial do banco: https://picpay.com/empresas",pass,pass,4955,relatorio.pdf,,0
legit-0232@vegalog.com.br,Paula Costa,paula.silva@vegalog.com.br,,Onboarding do novo analista de suprimentos,"Oi,

Segue a segunda via do boleto do fornecedor. O pagamento pode ser feito via pix pela conta da empresa. O comprovante de pagamento esta em anexo.

Paula - Vega Log",pass,pass,6752,ata.pdf,,0
legit-0757@norteseguros.com.br,Gustavo Silva,gustavo.costa@norteseguros.com.br,,Resultado do teste de carga no ambiente de homologacao,"Ola Ana,

Segue o resumo do que combinamos na reuniao e os proximos passos do projeto Everest. Qualquer ajuste me avise ate sexta.

Abraco,
Gustavo
Norte Seguros",pass,pass,1393,,,0
legit-0109@deltasaude.com.br,Bruno Silva,bruno.costa@deltasaude.com.br,,Atualizacao do cronograma do projeto Everest,"Hi Eduardo,

Please find attached the updated forecast for suprimentos. The numbers were reviewed with the regional team. Let us discuss on quinta.

Best regards,
Bruno",pass,pass,112,backup.zip,,0
phish-0209@encurtador.com.br,Nubank Atendimento,suporte@encurtador.com.br,retorno14@yandex.com,[Nubank] Confirme seus dados agora para evitar o bloqueio,"Sua fatura esta em atraso e o nome sera negativado.

Acesse https://encurtador.com.br/qnvrags e emita a segunda via do boleto para evitar restricao no seu CPF.

Setor de Cobranca Nubank",pass,pass,1912,fatura.html,https://encurtador.com.br/qnvrags,1
legit-0551@riobrancoindustria.com.br,Lucas Almeida,lucas.silva@riobrancoindustria.com.br,,Fechamento contabil de maio,"Time,

O deploy em homologacao foi concluido. O ambiente esta disponivel em https://homolog.riobrancoindustria.com.br/painel para validacao funcional. Reportem os problemas pelo Jira.

Lucas

Link rapido: https://tinyurl.com/oeceyf",pass,pass,1172,contrato.docx,,0
legit-0669@riobrancoindustria.com.br,Otavio Silva,otavio.souza@riobrancoindustria.com.br,,Reserva de sala para a apresentacao de marco,"Ola Paula,

Segue o resumo do que combinamos na reuniao e os proximos passos do projeto Aurora. Qualquer ajuste me avise ate segunda.

Abraco,
Otavio
Rio Branco Industria",pass,pass,5651,relatorio.pdf,,0
legit-0296@atlasenergia.com.br,Helena Silva,helena.souza@atlasenergia.com.br,,Ata da reuniao de quarta,"Hi Lucas,

Please find attached the updated forecast for tecnologia. The numbers were reviewed with the regional team. Let us discuss on quarta.

Best regards,
Helena",pass,pass,5335,planilha.xlsx,,0
legit-0614@sigmaalimentos.com.br,Paula Costa,paula.silva@sigmaalimentos.com.br,,Atualizacao do cronograma do projeto Aurora,"Oi Bruno,

Conforme conversamos, a proposta para Sigma Alimentos esta anexada. O prazo de validade e de 30 dias e o escopo cobre as tres frentes que voce pediu.

Obrigado,
Paula

Link rapido: https://tinyurl.com/r61o02",softfail,pass,6287,contrato.docx,,0
legit-0367@sigmaalimentos.com.br,Paula Souza,paula.silva@sigmaalimentos.com.br,,Segunda via do boleto do fornecedor Sigma Alimentos,"Mariana,

O cliente pediu retorno urgente sobre a proposta. Verifique agora se a versao no portal esta correta: https://sigmaalimentos.com.br/propostas/525

Obrigado,
Paula",pass,pass,3534,contrato.docx,,0
legit-0511@sigmaalimentos.com.br,Ana Almeida,ana.silva@sigmaalimentos.com.br,ana@prisparceiro.com.br,Resultado do teste de carga no ambiente de homologacao,"Carla, tudo bem?

Revisei o documento e deixei comentarios nas secoes 2 e 4. A versao consolidada esta em https://docs.google.com/document/d/s6lhvoagl05q2x4pckmhbw

Abraco,
Ana",pass,pass,4462,backup.zip,,0
legit-0577@vegalog.com.br,Helena Costa,helena.souza@vegalog.com.br,,Atualizacao do cronograma do projeto Aurora,"Otavio,

O cliente pediu retorno urgente sobre a proposta. Verifique agora se a versao no portal esta correta: https://vegalog.com.br/propostas/778

Obrigado,
Helena

Link rapido: https://bit.ly/61x9j2",pass,pass,3082,planilha.xlsx,,0
legit-0595@riobrancoindustria.com.br,Lucas Souza,lucas.souza@riobrancoindustria.com.br,,Pagamento via pix ao fornecedor - confirmacao,"Carla,

O cliente pediu retorno urgente sobre a proposta. Verifique agora se a versao no portal esta correta: https://riobrancoindustria.com.br/propostas/650

Obrigado,
Lucas",pass,pass,4408,,,0
legit-0305@deltasaude.com.br,Paula Almeida,paula.silva@deltasaude.com.br,,Proposta comercial Delta Saude,"Lucas,

O cliente pediu retorno urgente sobre a proposta. Verifique agora se a versao no portal esta correta: https://deltasaude.com.br/propostas/721

Obrigado,
Paula

Link rapido: https://encurtador.com.br/nhnsn7",pass,pass,5119,planilha.xlsx,,0
legit-0128@sigmaalimentos.com.br,Gustavo Souza,gustavo.costa@sigmaalimentos.com.br,,Resultado do teste de carga no ambiente de homologacao,"Hi Mariana,

Please find attached the updated forecast for juridico. The numbers were reviewed with the regional team. Let us discuss on sexta.

Best regards,
Gustavo",pass,pass,2747,backup.zip,,0
legit-0562@vegalog.com.br,Fernanda Silva,fernanda.souza@vegalog.com.br,,Nota fiscal 732 referente ao servico de consultoria,"Prezados,

Encaminho o relatorio da semana 732 com os numeros de suprimentos. Os detalhes estao na planilha anexa. Podemos discutir na reuniao de quinta.

Atenciosamente,
Fernanda",pass,pass,5516,planilha.xlsx,,0
legit-0471@vegalog.com.br,Juliana Souza,juliana.silva@vegalog.com.br,,Pagamento via pix ao fornecedor - confirmacao,"Pessoal,

A pauta do comite de vendas esta definida: orcamento, contratacoes e o roadmap do projeto Baobab. Chamada no calendario para quarta.

Juliana",pass,pass,6987,backup.zip,,0
legit-0568@deltasaude.com.br,Diego Almeida,diego.souza@deltasaude.com.br,,Contrato 153 para assinatura,"Oi,

Segue a segunda via do boleto do fornecedor. O pagamento pode ser feito via pix pela conta da empresa. O comprovante de pagamento esta em anexo.

Diego - Delta Saude",pass,pass,4020,planilha.xlsx,,0
phish-0151@gmail.com,Itau Atendimento,nao-responda@gmail.com,retorno96@yandex.com,Processo judicial em seu nome - intimacao eletronica,"Sua fatura esta em atraso e o nome sera negativado.

Acesse http://37.78.130.51/itau/login e emita a segunda via do boleto para evitar restricao no seu CPF.

Setor de Cobranca Itau",fail,none,27,,http://37.78.130.51/itau/login,1
legit-0515@prismavarejo.com.br,Helena Costa,helena.costa@prismavarejo.com.br,,Feedback da sprint 287,"Oi,

Segue a segunda via do boleto do fornecedor. O pagamento pode ser feito via pix pela conta da empresa. O comprovante de pagamento esta em anexo.

Helena - Prisma Varejo

Link rapido: https://bit.ly/tz10jv

Canal oficial do banco: https://nubank.com.br/empresas",pass,pass,122,contrato.docx,,0
legit-0570@sigmaalimentos.com.br,Mariana Silva,mariana.souza@sigmaalimentos.com.br,,Pauta do comite de vendas,"Ola Otavio,

Segue o resumo do que combinamos na reuniao e os proximos passos do projeto Baobab. Qualquer ajuste me avise ate quinta.

Abraco,
Mariana
Sigma Alimentos",pass,none,4395,contrato.docx,,0
legit-0541@deltasaude.com.br,Ana Almeida,ana.souza@deltasaude.com.br,,Ata da reuniao de quinta,"Oi Lucas,

Conforme conversamos, a proposta para Delta Saude esta anexada. O prazo de validade e de 30 dias e o escopo cobre as tres frentes que voce pediu.

Obrigado,
Ana",pass,pass,3386,backup.zip,,0
legit-0525@vegalog.com.br,Juliana Almeida,juliana.silva@vegalog.com.br,,Follow-up da call de ontem,"Hi Helena,

Please find attached the updated forecast for financeiro. The numbers were reviewed with the regional team. Let us discuss on sexta.

Best regards,
Juliana",pass,pass,1678,planilha.xlsx,,0
legit-0507@atlasenergia.com.br,Rafael Silva,rafael.silva@atlasenergia.com.br,,Follow-up da call de ontem,"Bom dia,

Segue a nota fiscal 115 do servico de consultoria prestado em marco. O pagamento segue o combinado, boleto com vencimento em 15 dias.

Financeiro - Atlas Energia

Canal oficial do banco: https://serasa.com.br/empresas",pass,pass,6616,backup.zip,,0
legit-0430@vegalog.com.br,Juliana Souza,juliana.costa@vegalog.com.br,,Proposta comercial Vega Log,"Oi Ana,

Conforme conversamos, a proposta para Vega Log esta anexada. O prazo de validade e de 30 dias e o escopo cobre as tres frentes que voce pediu.

Obrigado,
Juliana",softfail,pass,6625,,,0
legit-0242@norteseguros.com.br,Fernanda Costa,fernanda.costa@norteseguros.com.br,fernanda@rio parceiro.com.br,Feedback da sprint 516,"Pessoal,

A pauta do comite de suprimentos esta definida: orcamento, contratacoes e o roadmap do projeto Everest. Chamada no calendario para terca.

Fernanda",pass,pass,2158,ata.pdf,,0
legit-0134@vegalog.com.br,Diego Almeida,diego.costa@vegalog.com.br,diego@sigmparceiro.com.br,Ferias aprovadas - Gustavo,"Hi Gustavo,

Please find attached the updated forecast for tecnologia. The numbers were reviewed with the regional team. Let us discuss on sexta.

Best regards,
Diego",pass,pass,2153,planilha.xlsx,,0
phish-0182@meupicpay.work,PicPay Atendimento,atendimento@meupicpay.work,,URGENTE: sua conta PicPay sera bloqueada em 24 horas,"Sua encomenda esta retida na alfandega por pendencia de taxa. Regularize em http://meupicpay.work/login.php?id=sf9xp8ij8p para liberar a entrega.

Nao ignore este ultimo aviso.

PicPay",none,fail,74,nota.pdf.zip,http://meupicpay.work/login.php?id=sf9xp8ij8p,1
phish-0102@bradescoonline.zip,Bradesco Atendimento,atendimento@bradescoonline.zip,retorno82@gmail.com,Voce foi selecionado! Premio de R$ 5.000 do Bradesco,"Informamos que sua restituicao foi liberada. Para receber o valor via pix, confirme seus dados bancarios em http://bradescoonline.zip/acesso.php?id=qlnbsoxwvt

O prazo final para resgate expira hoje.

Receita Federal - Bradesco",softfail,fail,19,,http://bradescoonline.zip/acesso.php?id=qlnbsoxwvt,1
phish-0145@correios-clientes.sbs,Helena Lima,atendimento@correios-clientes.sbs,,Processo judicial em seu nome - intimacao eletronica,"Parabens! Voce foi selecionado no sorteio Correios e tem um premio de R$ 5.000 para resgatar. Clique aqui: http://correios-clientes.sbs/login.php?id=uvmohi6cux

Vagas limitadas, resgate seu premio em 24 horas.",pass,pass,2828,,http://correios-clientes.sbs/login.php?id=uvmohi6cux,1
phish-0061@outlook.com,Caixa Cobranca,nao-responda@outlook.com,retorno88@yandex.com,Voce foi selecionado! Premio de R$ 5.000 do Caixa,"Sua fatura esta em atraso e o nome sera negativado.

Acesse https://cutt.ly/zgvi9bi e emita a segunda via do boleto para evitar restricao no seu CPF.

Setor de Cobranca Caixa",pass,pass,2711,documento.exe,https://cutt.ly/zgvi9bi,1
legit-0048@oriontelecom.com.br,Helena Costa,helena.silva@oriontelecom.com.br,,Contrato 577 para assinatura,"Oi,

Segue a segunda via do boleto do fornecedor. O pagamento pode ser feito via pix pela conta da empresa. O comprovante de pagamento esta em anexo.

Helena - Orion Telecom",pass,pass,6746,ata.pdf,,0
legit-0074@deltasaude.com.br,Lucas Souza,lucas.souza@deltasaude.com.br,,Onboarding do novo analista de juridico,"Time,

O deploy em homologacao foi concluido. O ambiente esta disponivel em https://homolog.deltasaude.com.br/painel para validacao funcional. Reportem os problemas pelo Jira.

Lucas",pass,pass,4041,relatorio.pdf,,0
legit-0641@deltasaude.com.br,Juliana Silva,juliana.souza@deltasaude.com.br,,Feedback da sprint 915,"Time,

O deploy em homologacao foi concluido. O ambiente esta disponivel em https://homolog.deltasaude.com.br/painel para validacao funcional. Reportem os problemas pelo Jira.

Juliana",none,pass,2827,,,0
legit-0756@norteseguros.com.br,Otavio Silva,otavio.costa@norteseguros.com.br,,Contrato 933 para assinatura,"Oi Lucas,

Conforme conversamos, a proposta para Norte Seguros esta anexada. O prazo de validade e de 30 dias e o escopo cobre as tres frentes que voce pediu.

Obrigado,
Otavio

Link rapido: https://cutt.ly/zgbsmz

Canal oficial do banco: https://santander.com.br/empresas",pass,pass,3293,backup.zip,,0
phish-0093@correiosonline.zip,Correios Seguranca,atendimento@correiosonline.zip,,Comprovante de pagamento em anexo - confira agora,"Segue em anexo o comprovante de pagamento. Abra o documento e confirme os dados em http://correiosonline.zip/login.php?id=9cafix7caq para dar baixa na pendencia.

Departamento Financeiro Correios",pass,pass,1818,fatura.html,http://correiosonline.zip/login.php?id=9cafix7caq,1
legit-0596@vegalog.com.br,Lucas Costa,lucas.silva@vegalog.com.br,,Segunda via do boleto do fornecedor Vega Log,"Oi Mariana,

Conforme conversamos, a proposta para Vega Log esta anexada. O prazo de validade e de 30 dias e o escopo cobre as tres frentes que voce pediu.

Obrigado,
Lucas",pass,pass,4751,contrato.docx,,0
legit-0284@oriontelecom.com.br,Carla Costa,carla.souza@oriontelecom.com.br,,Ferias aprovadas - Igor,"Igor, tudo bem?

Revisei o documento e deixei comentarios nas secoes 2 e 4. A versao consolidada esta em https://docs.google.com/document/d/todcln6w4kip49ujc67k31

Abraco,
Carla",pass,pass,5234,backup.zip,,0
legit-0256@oriontelecom.com.br,Helena Silva,helena.silva@oriontelecom.com.br,,Segunda via do boleto do fornecedor Orion Telecom,"Bom dia,

Segue a nota fiscal 249 do servico de consultoria prestado em abril. O pagamento segue o combinado, boleto com vencimento em 15 dias.

Financeiro - Orion Telecom",pass,pass,2443,planilha.xlsx,,0
legit-0594@vegalog.com.br,Helena Almeida,helena.souza@vegalog.com.br,,Follow-up da call de ontem,"Oi Mariana,

Conforme conversamos, a proposta para Vega Log esta anexada. O prazo de validade e de 30 dias e o escopo cobre as tres frentes que voce pediu.

Obrigado,
Helena",pass,pass,5023,backup.zip,,0
phish-0166@santander-seguro.top,Otavio Reis,seguranca@santander-seguro.top,,URGENTE: sua conta Santander sera bloqueada em 24 horas,"Informamos que sua restituicao foi liberada. Para receber o valor via pix, confirme seus dados bancarios em http://santander-seguro.top/acesso.php?id=bks6ng5lxw

O prazo final para resgate expira hoje.

Receita Federal - Santander",none,none,58,documento.exe,http://santander-seguro.top/acesso.php?id=bks6ng5lxw,1
legit-0431@oriontelecom.com.br,Gustavo Almeida,gustavo.costa@oriontelecom.com.br,,Feedback da sprint 268,"Oi Nara,

Conforme conversamos, a proposta para Orion Telecom esta anexada. O prazo de validade e de 30 dias e o escopo cobre as tres frentes que voce pediu.

Obrigado,
Gustavo",pass,pass,3171,ata.pdf,,0
legit-0649@oriontelecom.com.br,Mariana Souza,mariana.silva@oriontelecom.com.br,,Verifique agora os numeros da planilha de suprimentos,"Pessoal,

A pauta do comite de suprimentos esta definida: orcamento, contratacoes e o roadmap do projeto Aurora. Chamada no calendario para quinta.

Mariana",pass,pass,994,relatorio.pdf,,0
legit-0362@vegalog.com.br,Paula Silva,paula.souza@vegalog.com.br,,Fechamento contabil de julho,"Oi Fernanda,

Conforme conversamos, a proposta para Vega Log esta anexada. O prazo de validade e de 30 dias e o escopo cobre as tres frentes que voce pediu.

Obrigado,
Paula",pass,pass,2595,relatorio.pdf,,0
legit-0097@prismavarejo.com.br,Carla Costa,carla.souza@prismavarejo.com.br,carla@atlaparceiro.com.br,Segunda via do boleto do fornecedor Prisma Varejo,"Bom dia,

Segue a nota fiscal 688 do servico de consultoria prestado em junho. O pagamento segue o combinado, boleto com vencimento em 15 dias.

Financeiro - Prisma Varejo

Canal oficial do banco: https://serasa.com.br/empresas",softfail,pass,1244,backup.zip,,0
legit-0270@norteseguros.com.br,Carla Almeida,carla.silva@norteseguros.com.br,,Contrato 474 para assinatura,"Rafael, tudo bem?

Revisei o documento e deixei comentarios nas secoes 2 e 4. A versao consolidada esta em https://docs.google.com/document/d/vsvmdpctb8jou3atpuj6dp

Abraco,
Carla",pass,pass,3636,contrato.docx,,0
phish-0208@hotmail.com,Serasa Cobranca,atendimento@hotmail.com,retorno35@mail.ru,Comprovante de pagamento em anexo - confira agora,"Sua encomenda esta retida na alfandega por pendencia de taxa. Regularize em https://serasa.rl8ig3zl.com/seguranca/validacao para liberar a entrega.

Nao ignore este ultimo aviso.

Serasa",fail,fail,63,documento.exe,https://serasa.rl8ig3zl.com/seguranca/validacao,1
legit-0324@norteseguros.com.br,Mariana Costa,mariana.souza@norteseguros.com.br,mariana@orioparceiro.com.br,Resultado do teste de carga no ambiente de homologacao,"Juliana,

O cliente pediu retorno urgente sobre a proposta. Verifique agora se a versao no portal esta correta: https://norteseguros.com.br/propostas/383

Obrigado,
Mariana",pass,none,2374,backup.zip,,0
legit-0127@deltasaude.com.br,Helena Souza,helena.costa@deltasaude.com.br,,Pagamento via pix ao fornecedor - confirmacao,"Gustavo,

O cliente pediu retorno urgente sobre a proposta. Verifique agora se a versao no portal esta correta: https://deltasaude.com.br/propostas/158

Obrigado,
Helena",pass,pass,3894,ata.pdf,,0
legit-0351@norteseguros.com.br,Paula Silva,paula.silva@norteseguros.com.br,,Nota fiscal 913 referente ao servico de consultoria,"Oi Diego,

Conforme conversamos, a proposta para Norte Seguros esta anexada. O prazo de validade e de 30 dias e o escopo cobre as tres frentes que voce pediu.

Obrigado,
Paula",pass,pass,1730,contrato.docx,,0
phish-0194@centralmagalu.icu,Magalu Atendimento,seguranca@centralmagalu.icu,,ULTIMO AVISO: fatura em atraso do Magalu,"Segue em anexo o comprovante de pagamento. Abra o documento e confirme os dados em http://centralmagalu.icu/atualizar.php?id=7udecmgwh0 para dar baixa na pendencia.

Departamento Financeiro Magalu",pass,pass,3079,,http://centralmagalu.icu/atualizar.php?id=7udecmgwh0,1
legit-0244@prismavarejo.com.br,Rafael Costa,rafael.silva@prismavarejo.com.br,,Convite: alinhamento do projeto Dunas,"Hi Lucas,

Please find attached the updated forecast for suprimentos. The numbers were reviewed with the regional team. Let us discuss on terca.

Best regards,
Rafael",none,pass,737,backup.zip,,0
legit-0350@deltasaude.com.br,Paula Costa,paula.souza@deltasaude.com.br,,Pauta do comite de financeiro,"Oi,

Segue a segunda via do boleto do fornecedor. O pagamento pode ser feito via pix pela conta da empresa. O comprovante de pagamento esta em anexo.

Paula - Delta Saude",pass,pass,6304,,,0
legit-0080@atlasenergia.com.br,Igor Almeida,igor.costa@atlasenergia.com.br,,Atualizacao do cronograma do projeto Baobab,"Hi Bruno,

Please find attached the updated forecast for suprimentos. The numbers were reviewed with the regional team. Let us discuss on terca.

Best regards,
Igor",pass,pass,1860,backup.zip,,0
legit-0158@atlasenergia.com.br,Lucas Costa,lucas.costa@atlasenergia.com.br,,Reserva de sala para a apresentacao de maio,"Oi Lucas,

Conforme conversamos, a proposta para Atlas Energia esta anexada. O prazo de validade e de 30 dias e o escopo cobre as tres frentes que voce pediu.

Obrigado,
Lucas

Canal oficial do banco: https://santander.com.br/empresas",pass,none,4932,contrato.docx,,0
phish-0142@serasa-atendimento.xyz,Serasa Atendimento,nao-responda@serasa-atendimento.xyz,,"Serasa: token de seguranca expirado, atualize seu cadastro","Segue em anexo o comprovante de pagamento. Abra o documento e confirme os dados em http://serasa-atendimento.xyz/acesso.php?id=0zng1qjzlr para dar baixa na pendencia.

Departamento Financeiro Serasa",pass,pass,3003,nota.pdf.zip,http://serasa-atendimento.xyz/acesso.php?id=0zng1qjzlr,1
legit-0390@vegalog.com.br,Fernanda Costa,fernanda.costa@vegalog.com.br,,Verifique agora os numeros da planilha de vendas,"Oi Paula,

Conforme conversamos, a proposta para Vega Log esta anexada. O prazo de validade e de 30 dias e o escopo cobre as tres frentes que voce pediu.

Obrigado,
Fernanda",pass,pass,1296,relatorio.pdf,,0
phish-0089@hotmail.com,Otavio Reis,atendimento@hotmail.com,,URGENTE: sua conta Correios sera bloqueada em 24 horas,"Informamos que sua restituicao foi liberada. Para receber o valor via pix, confirme seus dados bancarios em http://86.0.49.118/correios/login

O prazo final para resgate expira hoje.

Receita Federal - Correios",pass,pass,608,,http://86.0.49.118/correios/login,1
legit-0492@oriontelecom.com.br,Carla Silva,carla.costa@oriontelecom.com.br,,Contrato 300 para assinatura,"Oi Mariana,

Conforme conversamos, a proposta para Orion Telecom esta anexada. O prazo de validade e de 30 dias e o escopo cobre as tres frentes que voce pediu.

Obrigado,
Carla",pass,pass,2477,backup.zip,,0
phish-0082@netflix-atendimento.xyz,Netflix Central,atendimento@netflix-atendimento.xyz,,Pix nao autorizado detectado na sua conta Netflix,"Informamos que sua restituicao foi liberada. Para receber o valor via pix, confirme seus dados bancarios em http://netflix-atendimento.xyz/validar.php?id=1c30eqchx8

O prazo final para resgate expira hoje.

Receita Federal - Netflix",fail,fail,82,nota.pdf.zip,http://netflix-atendimento.xyz/validar.php?id=1c30eqchx8,1
legit-0586@prismavarejo.com.br,Mariana Costa,mariana.costa@prismavarejo.com.br,,Ata da reuniao de quarta,"Pessoal,

A pauta do comite de tecnologia esta definida: orcamento, contratacoes e o roadmap do projeto Dunas. Chamada no calendario para quarta.

Mariana",pass,fail,1681,contrato.docx,,0
legit-0467@norteseguros.com.br,Juliana Almeida,juliana.souza@norteseguros.com.br,,Follow-up da call de ontem,"Prezados,

Encaminho o relatorio da semana 859 com os numeros de vendas. Os detalhes estao na planilha anexa. Podemos discutir na reuniao de quarta.

Atenciosamente,
Juliana

Link rapido: https://tinyurl.com/1ckguu",pass,pass,913,ata.pdf,,0
legit-0681@vegalog.com.br,Otavio Costa,otavio.silva@vegalog.com.br,,Ata da reuniao de quarta,"Oi Ana,

Conforme conversamos, a proposta para Vega Log esta anexada. O prazo de validade e de 30 dias e o escopo cobre as tres frentes que voce pediu.

Obrigado,
Otavio",pass,fail,6866,backup.zip,,0
phish-bec-0032@prismavarejo.com.br,Gustavo Silva,gustavo.costa@prismavarejo.com.br,,Alteracao de dados cadastrais,"Prezados,

Solicito a alteracao do e-mail de contato da nossa conta corporativa. O novo endereco sera usado para as notas fiscais a partir deste mes.

Atenciosamente,
Gustavo",pass,pass,4680,,,1
legit-0445@prismavarejo.com.br,Gustavo Silva,gustavo.silva@prismavarejo.com.br,,Pagamento via pix ao fornecedor - confirmacao,"Time,

O deploy em homologacao foi concluido. O ambiente esta disponivel em https://homolog.prismavarejo.com.br/painel para validacao funcional. Reportem os problemas pelo Jira.

Gustavo",pass,pass,4480,ata.pdf,,0
legit-0179@riobrancoindustria.com.br,Otavio Souza,otavio.silva@riobrancoindustria.com.br,,Resultado do teste de carga no ambiente de homologacao,"Ola Eduardo,

Segue o resumo do que combinamos na reuniao e os proximos passos do projeto Cobalto. Qualquer ajuste me avise ate sexta.

Abraco,
Otavio
Rio Branco Industria",pass,pass,3581,ata.pdf,,0
legit-0672@oriontelecom.com.br,Gustavo Almeida,gustavo.silva@oriontelecom.com.br,,Urgente: cliente Orion Telecom pediu retorno hoje,"Oi Eduardo,

Conforme conversamos, a proposta para Orion Telecom esta anexada. O prazo de validade e de 30 dias e o escopo cobre as tres frentes que voce pediu.

Obrigado,
Gustavo

Link rapido: https://is.gd/9czngk",pass,pass,5153,relatorio.pdf,,0
legit-0253@atlasenergia.com.br,Lucas Costa,lucas.costa@atlasenergia.com.br,,Ferias aprovadas - Diego,"Hi Diego,

Please find attached the updated forecast for operacoes. The numbers were reviewed with the regional team. Let us discuss on terca.

Best regards,
Lucas",pass,none,1525,ata.pdf,,0
phish-0049@mercadopago-atendimento.xyz,Mercado Pago Seguranca,nao-responda@mercadopago-atendimento.xyz,,Sua encomenda esta retida - pague a taxa de liberacao,"Prezado cliente,

Detectamos uma movimentacao suspeita e sua conta sera bloqueada. Clique aqui para verificar agora: http://mercadopago-atendimento.xyz/acesso.php?id=m2uoybjgny

Voce tem 24 horas para confirmar seus dados, caso contrario a conta sera suspensa definitivamente.

Atenciosamente,
Central de Seguranca Mercado Pago",softfail,none,63,fatura.html,http://mercadopago-atendimento.xyz/acesso.php?id=m2uoybjgny,1
legit-0122@norteseguros.com.br,Juliana Almeida,juliana.costa@norteseguros.com.br,,Resultado do teste de carga no ambiente de homologacao,"Oi,

Segue a segunda via do boleto do fornecedor. O pagamento pode ser feito via pix pela conta da empresa. O comprovante de pagamento esta em anexo.

Juliana - Norte Seguros

Link rapido: https://bit.ly/fiin0l",pass,fail,141,backup.zip,,0
phish-bec-0026@oriontelecom.com.br,Lucas Silva,lucas.costa@oriontelecom.com.br,,Resultado do teste de carga no ambiente de homologacao,"Eduardo, tudo bem?

Revisei o documento e deixei comentarios nas secoes 2 e 4. A versao consolidada esta em https://docs.google.com/document/d/kx4k72h2co5nrid68pwjsd

Abraco,
Lucas",pass,pass,6897,,,1
legit-0728@vegalog.com.br,Carla Souza,carla.silva@vegalog.com.br,,Atualizacao do cronograma do projeto Aurora,"Prezados,

Encaminho o relatorio da semana 228 com os numeros de juridico. Os detalhes estao na planilha anexa. Podemos discutir na reuniao de terca.

Atenciosamente,
Carla

Canal oficial do banco: https://correios.com.br/empresas",pass,pass,1645,ata.pdf,,0
phish-0087@meureceita.work,Receita Federal Atendimento,seguranca@meureceita.work,retorno59@mail.ru,Seu CPF foi negativado - regularize em 24 horas,"Sua assinatura foi suspensa por falha na cobranca. Atualize seu cadastro em http://meureceita.work/validar.php?id=sznruid3la para reativar o acesso agora mesmo.

Equipe Receita Federal",fail,none,51,fatura.html,http://meureceita.work/validar.php?id=sznruid3la,1
legit-0509@prismavarejo.com.br,Paula Silva,paula.souza@prismavarejo.com.br,,Urgente: cliente Prisma Varejo pediu retorno hoje,"Pessoal,

A pauta do comite de suprimentos esta definida: orcamento, contratacoes e o roadmap do projeto Cobalto. Chamada no calendario para quarta.

Paula",pass,pass,5466,contrato.docx,,0
legit-0482@riobrancoindustria.com.br,Eduardo Souza,eduardo.souza@riobrancoindustria.com.br,,Verifique agora os numeros da planilha de operacoes,"Prezados,

Encaminho o relatorio da semana 119 com os numeros de operacoes. Os detalhes estao na planilha anexa. Podemos discutir na reuniao de quinta.

Atenciosamente,
Eduardo",none,pass,5293,,,0
phish-0092@nubank-atendimento.xyz,Nubank Cobranca,atendimento@nubank-atendimento.xyz,retorno19@gmail.com,Sua encomenda esta retida - pague a taxa de liberacao,"Sua assinatura foi suspensa por falha na cobranca. Atualize seu cadastro em http://nubank-atendimento.xyz/login.php?id=4mjh3gqoey para reativar o acesso agora mesmo.

Equipe Nubank",fail,none,58,,http://nubank-atendimento.xyz/login.php?id=4mjh3gqoey,1
phish-0198@gmail.com,Itau Cobranca,seguranca@gmail.com,,Assinatura Itau suspensa: atualize a forma de pagamento,"Sua encomenda esta retida na alfandega por pendencia de taxa. Regularize em http://itauonline.zip/validar.php?id=kf3e7frk5c para liberar a entrega.

Nao ignore este ultimo aviso.

Itau",softfail,none,14,documento.exe,http://itauonline.zip/validar.php?id=kf3e7frk5c,1
legit-0220@norteseguros.com.br,Ana Souza,ana.costa@norteseguros.com.br,,Reserva de sala para a apresentacao de janeiro,"Prezados,

Encaminho o relatorio da semana 787 com os numeros de vendas. Os detalhes estao na planilha anexa. Podemos discutir na reuniao de segunda.

Atenciosamente,
Ana",pass,pass,4911,relatorio.pdf,,0
legit-0395@deltasaude.com.br,Gustavo Souza,gustavo.costa@deltasaude.com.br,,Feedback da sprint 732,"Ola Juliana,

Segue o resumo do que combinamos na reuniao e os proximos passos do projeto Dunas. Qualquer ajuste me avise ate quinta.

Abraco,
Gustavo
Delta Saude",pass,pass,6342,relatorio.pdf,,0
legit-0222@atlasenergia.com.br,Bruno Silva,bruno.silva@atlasenergia.com.br,,Pauta do comite de vendas,"Eduardo,

O cliente pediu retorno urgente sobre a proposta. Verifique agora se a versao no portal esta correta: https://atlasenergia.com.br/propostas/797

Obrigado,
Bruno",pass,pass,1527,backup.zip,,0
legit-0423@vegalog.com.br,Mariana Costa,mariana.silva@vegalog.com.br,,Relatorio semanal de vendas - semana 322,"Bom dia,

Segue a nota fiscal 322 do servico de consultoria prestado em janeiro. O pagamento segue o combinado, boleto com vencimento em 15 dias.

Financeiro - Vega Log

Canal oficial do banco: https://magazineluiza.com.br/empresas",pass,pass,1551,planilha.xlsx,,0
legit-0015@deltasaude.com.br,Carla Silva,carla.silva@deltasaude.com.br,,Atualizacao do cronograma do projeto Farol,"Ana, tudo bem?

Revisei o documento e deixei comentarios nas secoes 2 e 4. A versao consolidada esta em https://docs.google.com/document/d/z91zwszoo8qjmkwhokt55e

Abraco,
Carla",pass,pass,1385,contrato.docx,,0
legit-0377@riobrancoindustria.com.br,Carla Silva,carla.costa@riobrancoindustria.com.br,,Verifique agora os numeros da planilha de juridico,"Prezados,

Encaminho o relatorio da semana 386 com os numeros de juridico. Os detalhes estao na planilha anexa. Podemos discutir na reuniao de segunda.

Atenciosamente,
Carla",pass,pass,6799,contrato.docx,,0
legit-0466@atlasenergia.com.br,Nara Costa,nara.silva@atlasenergia.com.br,,Proposta comercial Atlas Energia,"Oi,

Segue a segunda via do boleto do fornecedor. O pagamento pode ser feito via pix pela conta da empresa. O comprovante de pagamento esta em anexo.

Nara - Atlas Energia

Canal oficial do banco: https://mercadopago.com.br/empresas",pass,pass,1520,contrato.docx,,0
legit-0740@atlasenergia.com.br,Paula Almeida,paula.souza@atlasenergia.com.br,,Onboarding do novo analista de juridico,"Pessoal,

A pauta do comite de juridico esta definida: orcamento, contratacoes e o roadmap do projeto Farol. Chamada no calendario para segunda.

Paula",pass,pass,1307,contrato.docx,,0
legit-0316@riobrancoindustria.com.br,Nara Costa,nara.costa@riobrancoindustria.com.br,,Fechamento contabil de fevereiro,"Diego, tudo bem?

Revisei o documento e deixei comentarios nas secoes 2 e 4. A versao consolidada esta em https://docs.google.com/document/d/2l6adtok56rkxbe33g860i

Abraco,
Nara",pass,pass,4365,relatorio.pdf,,0
legit-0499@atlasenergia.com.br,Mariana Almeida,mariana.silva@atlasenergia.com.br,,Convite: alinhamento do projeto Aurora,"Pessoal,

A pauta do comite de operacoes esta definida: orcamento, contratacoes e o roadmap do projeto Aurora. Chamada no calendario para sexta.

Mariana",none,pass,6894,backup.zip,,0
phish-bec-0009@vegalog.com.br,Lucas Souza,lucas.silva@vegalog.com.br,lucas.financeiro@vegalog.com.br,Feedback da sprint 188,"Pessoal,

A pauta do comite de suprimentos esta definida: orcamento, contratacoes e o roadmap do projeto Cobalto. Chamada no calendario para sexta.

Lucas",pass,pass,3252,documento.pdf,,1
phish-0062@serasa.verifica-cliente.com,Fernanda Lima,atendimento@serasa.verifica-cliente.com,,Restituicao do IRPF liberada - resgate seu valor hoje,"Segue em anexo o comprovante de pagamento. Abra o documento e confirme os dados em http://serasa.verifica-cliente.com/login.php?id=0ck9zhdxc7 para dar baixa na pendencia.

Departamento Financeiro Serasa",fail,none,3,,http://serasa.verifica-cliente.com/login.php?id=0ck9zhdxc7,1
phish-bec-0001@vegalog.com.br,Diego Souza,diego.silva@vegalog.com.br,diego.financeiro@vegalog.com.br,Pauta do comite de suprimentos,"Pessoal,

A pauta do comite de suprimentos esta definida: orcamento, contratacoes e o roadmap do projeto Farol. Chamada no calendario para sexta.

Diego",pass,pass,3472,planilha.xlsx,,1
phish-0200@itau.8ylndj6u.com,Itau Cobranca,atendimento@itau.8ylndj6u.com,retorno72@mail.ru,Assinatura Itau suspensa: atualize a forma de pagamento,"Detectamos um pix nao autorizado de R$ 4.780,00 na sua conta. Se nao reconhece, cancele imediatamente: https://itau.8ylndj6u.com/seguranca/validacao

Informe sua senha de 6 digitos para validar o cancelamento.

Seguranca Itau",pass,pass,2982,documento.exe,https://itau.8ylndj6u.com/seguranca/validacao,1
legit-0480@norteseguros.com.br,Juliana Souza,juliana.costa@norteseguros.com.br,,Pauta do comite de suprimentos,"Oi Mariana,

Conforme conversamos, a proposta para Norte Seguros esta anexada. O prazo de validade e de 30 dias e o escopo cobre as tres frentes que voce pediu.

Obrigado,
Juliana",pass,pass,2911,ata.pdf,,0
legit-0172@atlasenergia.com.br,Ana Costa,ana.silva@atlasenergia.com.br,ana@deltparceiro.com.br,Contrato 784 para assinatura,"Paula, tudo bem?

Revisei o documento e deixei comentarios nas secoes 2 e 4. A versao consolidada esta em https://docs.google.com/document/d/o9y8jxrph9qhttekqqsfwu

Abraco,
Ana",pass,pass,3958,relatorio.pdf,,0
legit-0666@sigmaalimentos.com.br,Paula Almeida,paula.silva@sigmaalimentos.com.br,,Contrato 235 para assinatura,"Pessoal,

A pauta do comite de juridico esta definida: orcamento, contratacoes e o roadmap do projeto Dunas. Chamada no calendario para quarta.

Paula",pass,pass,3437,contrato.docx,,0
legit-0147@atlasenergia.com.br,Carla Costa,carla.costa@atlasenergia.com.br,,Segunda via do boleto do fornecedor Atlas Energia,"Oi Bruno,

Conforme conversamos, a proposta para Atlas Energia esta anexada. O prazo de validade e de 30 dias e o escopo cobre as tres frentes que voce pediu.

Obrigado,
Carla",pass,pass,3834,contrato.docx,,0
legit-0186@sigmaalimentos.com.br,Carla Silva,carla.costa@sigmaalimentos.com.br,,Verifique agora os numeros da planilha de juridico,"Ola Paula,

Segue o resumo do que combinamos na reuniao e os proximos passos do projeto Farol. Qualquer ajuste me avise ate terca.

Abraco,
Carla
Sigma Alimentos",pass,pass,2901,backup.zip,,0
legit-0510@oriontelecom.com.br,Lucas Almeida,lucas.costa@oriontelecom.com.br,,Proposta comercial Orion Telecom,"Ola Mariana,

Segue o resumo do que combinamos na reuniao e os proximos passos do projeto Aurora. Qualquer ajuste me avise ate terca.

Abraco,
Lucas
Orion Telecom",pass,pass,891,,,0
legit-0326@riobrancoindustria.com.br,Otavio Costa,otavio.silva@riobrancoindustria.com.br,,Atualizacao do cronograma do projeto Cobalto,"Bom dia,

Segue a nota fiscal 556 do servico de consultoria prestado em fevereiro. O pagamento segue o combinado, boleto com vencimento em 15 dias.

Financeiro - Rio Branco Industria",pass,pass,2377,relatorio.pdf,,0
legit-0330@atlasenergia.com.br,Lucas Silva,lucas.costa@atlasenergia.com.br,,Convite: alinhamento do projeto Dunas,"Oi Ana,

Conforme conversamos, a proposta para Atlas Energia esta anexada. O prazo de validade e de 30 dias e o escopo cobre as tres frentes que voce pediu.

Obrigado,
Lucas",pass,pass,3622,relatorio.pdf,,0
phish-0138@hotmail.com,Itau Seguranca,suporte@hotmail.com,retorno49@gmail.com,URGENTE: sua conta Itau sera bloqueada em 24 horas,"Parabens! Voce foi selecionado no sorteio Itau e tem um premio de R$ 5.000 para resgatar. Clique aqui: https://encurtador.com.br/9ml7qhc

Vagas limitadas, resgate seu premio em 24 horas.",pass,pass,2183,,https://encurtador.com.br/9ml7qhc,1
legit-0283@sigmaalimentos.com.br,Fernanda Almeida,fernanda.silva@sigmaalimentos.com.br,,Atualizacao do cronograma do projeto Baobab,"Lucas, tudo bem?

Revisei o documento e deixei comentarios nas secoes 2 e 4. A versao consolidada esta em https://docs.google.com/document/d/5gez4fbkpxo7kvhtipa65t

Abraco,
Fernanda",pass,pass,992,backup.zip,,0
legit-0747@norteseguros.com.br,Eduardo Almeida,eduardo.silva@norteseguros.com.br,,Relatorio semanal de vendas - semana 243,"Time,

O deploy em homologacao foi concluido. O ambiente esta disponivel em https://homolog.norteseguros.com.br/painel para validacao funcional. Reportem os problemas pelo Jira.

Eduardo",pass,pass,4519,planilha.xlsx,,0
legit-0138@atlasenergia.com.br,Carla Silva,carla.souza@atlasenergia.com.br,,Contrato 336 para assinatura,"Fernanda,

O cliente pediu retorno urgente sobre a proposta. Verifique agora se a versao no portal esta correta: https://atlasenergia.com.br/propostas/336

Obrigado,
Carla",softfail,pass,3523,relatorio.pdf,,0
legit-0054@vegalog.com.br,Fernanda Costa,fernanda.souza@vegalog.com.br,,Segunda via do boleto do fornecedor Vega Log,"Time,

O deploy em homologacao foi concluido. O ambiente esta disponivel em https://homolog.vegalog.com.br/painel para validacao funcional. Reportem os problemas pelo Jira.

Fernanda",pass,pass,42,ata.pdf,,0
legit-0360@riobrancoindustria.com.br,Diego Silva,diego.costa@riobrancoindustria.com.br,,Onboarding do novo analista de vendas,"Pessoal,

A pauta do comite de vendas esta definida: orcamento, contratacoes e o roadmap do projeto Dunas. Chamada no calendario para quinta.

Diego",softfail,fail,2809,ata.pdf,,0
legit-0216@sigmaalimentos.com.br,Paula Costa,paula.souza@sigmaalimentos.com.br,,Relatorio semanal de vendas - semana 339,"Diego, tudo bem?

Revisei o documento e deixei comentarios nas secoes 2 e 4. A versao consolidada esta em https://docs.google.com/document/d/pf3el0cmwb2nh4qdsfu7i4

Abraco,
Paula",softfail,none,6356,ata.pdf,,0
legit-0388@atlasenergia.com.br,Eduardo Costa,eduardo.silva@atlasenergia.com.br,,Follow-up da call de ontem,"Bom dia,

Segue a nota fiscal 212 do servico de consultoria prestado em julho. O pagamento segue o combinado, boleto com vencimento em 15 dias.

Financeiro - Atlas Energia",softfail,pass,3508,contrato.docx,,0
legit-0051@norteseguros.com.br,Otavio Souza,otavio.costa@norteseguros.com.br,,Segunda via do boleto do fornecedor Norte Seguros,"Hi Juliana,

Please find attached the updated forecast for vendas. The numbers were reviewed with the regional team. Let us discuss on quarta.

Best regards,
Otavio",pass,pass,5347,relatorio.pdf,,0
legit-0447@vegalog.com.br,Mariana Souza,mariana.souza@vegalog.com.br,,Contrato 508 para assinatura,"Bom dia,

Segue a nota fiscal 508 do servico de consultoria prestado em junho. O pagamento segue o combinado, boleto com vencimento em 15 dias.

Financeiro - Vega Log",pass,pass,5276,ata.pdf,,0
phish-bec-0035@prismavarejo.com.br,Rafael Almeida,rafael.costa@prismavarejo.com.br,,Relatorio semanal de vendas - semana 936,"Oi Carla,

Conforme conversamos, a proposta para Prisma Varejo esta anexada. O prazo de validade e de 30 dias e o escopo cobre as tres frentes que voce pediu.

Obrigado,
Rafael",pass,pass,4320,documento.pdf,,1
legit-0491@norteseguros.com.br,Otavio Souza,otavio.souza@norteseguros.com.br,,Resultado do teste de carga no ambiente de homologacao,"Prezados,

Encaminho o relatorio da semana 847 com os numeros de operacoes. Os detalhes estao na planilha anexa. Podemos discutir na reuniao de terca.

Atenciosamente,
Otavio",pass,pass,6585,backup.zip,,0
legit-0022@prismavarejo.com.br,Gustavo Costa,gustavo.souza@prismavarejo.com.br,,Contrato 475 para assinatura,"Oi,

Segue a segunda via do boleto do fornecedor. O pagamento pode ser feito via pix pela conta da empresa. O comprovante de pagamento esta em anexo.

Gustavo - Prisma Varejo",pass,pass,2361,ata.pdf,,0
phish-0120@tinyurl.com,Eduardo Reis,nao-responda@tinyurl.com,,Restituicao do IRPF liberada - resgate seu valor hoje,"Parabens! Voce foi selecionado no sorteio Netflix e tem um premio de R$ 5.000 para resgatar. Clique aqui: https://tinyurl.com/gmp5381

Vagas limitadas, resgate seu premio em 24 horas.",none,none,56,,https://tinyurl.com/gmp5381,1
legit-0534@riobrancoindustria.com.br,Diego Costa,diego.souza@riobrancoindustria.com.br,,Ata da reuniao de quarta,"Time,

O deploy em homologacao foi concluido. O ambiente esta disponivel em https://homolog.riobrancoindustria.com.br/painel para validacao funcional. Reportem os problemas pelo Jira.

Diego",pass,pass,1569,planilha.xlsx,,0
legit-0652@oriontelecom.com.br,Eduardo Silva,eduardo.costa@oriontelecom.com.br,,Ferias aprovadas - Fernanda,"Fernanda,

O cliente pediu retorno urgente sobre a proposta. Verifique agora se a versao no portal esta correta: https://oriontelecom.com.br/propostas/220

Obrigado,
Eduardo",pass,pass,4017,relatorio.pdf,,0
legit-0609@atlasenergia.com.br,Paula Silva,paula.souza@atlasenergia.com.br,paula@atlaparceiro.com.br,Onboarding do novo analista de tecnologia,"Prezados,

Encaminho o relatorio da semana 582 com os numeros de tecnologia. Os detalhes estao na planilha anexa. Podemos discutir na reuniao de quarta.

Atenciosamente,
Paula

Link rapido: https://cutt.ly/bedajf",pass,pass,6124,contrato.docx,,0
phish-0191@outlook.com,Nubank Cobranca,nao-responda@outlook.com,retorno25@mail.ru,"Nubank: token de seguranca expirado, atualize seu cadastro","Sua encomenda esta retida na alfandega por pendencia de taxa. Regularize em https://cutt.ly/q12xzer para liberar a entrega.

Nao ignore este ultimo aviso.

Nubank",pass,pass,737,comprovante.zip,https://cutt.ly/q12xzer,1
legit-0113@prismavarejo.com.br,Bruno Almeida,bruno.souza@prismavarejo.com.br,,Feedback da sprint 317,"Fernanda,

O cliente pediu retorno urgente sobre a proposta. Verifique agora se a versao no portal esta correta: https://prismavarejo.com.br/propostas/317

Obrigado,
Bruno",pass,pass,3232,backup.zip,,0
legit-0361@oriontelecom.com.br,Helena Silva,helena.silva@oriontelecom.com.br,,Fechamento contabil de abril,"Hi Igor,

Please find attached the updated forecast for financeiro. The numbers were reviewed with the regional team. Let us discuss on quinta.

Best regards,
Helena",pass,fail,4486,backup.zip,,0
phish-0176@hotmail.com,Nubank Seguranca,atendimento@hotmail.com,,Restituicao do IRPF liberada - resgate seu valor hoje,"Sua assinatura foi suspensa por falha na cobranca. Atualize seu cadastro em https://nubank.30rv0ny0.com/seguranca/validacao para reativar o acesso agora mesmo.

Equipe Nubank",softfail,fail,34,nota.pdf.zip,https://nubank.30rv0ny0.com/seguranca/validacao,1
phish-0111@meucorreios.work,Correios Seguranca,seguranca@meucorreios.work,retorno35@yandex.com,Comprovante de pagamento em anexo - confira agora,"Parabens! Voce foi selecionado no sorteio Correios e tem um premio de R$ 5.000 para resgatar. Clique aqui: http://meucorreios.work/atualizar.php?id=kmzfh6cmxt

Vagas limitadas, resgate seu premio em 24 horas.",softfail,fail,40,fatura.html,http://meucorreios.work/atualizar.php?id=kmzfh6cmxt,1
phish-0207@hotmail.com,Santander Cobranca,nao-responda@hotmail.com,retorno11@mail.ru,URGENTE: sua conta Santander sera bloqueada em 24 horas,"Segue em anexo o comprovante de pagamento. Abra o documento e confirme os dados em https://santander.fjrz6o6i.com/seguranca/validacao para dar baixa na pendencia.

Departamento Financeiro Santander",pass,pass,2865,fatura.html,https://santander.fjrz6o6i.com/seguranca/validacao,1
legit-0209@vegalog.com.br,Nara Silva,nara.costa@vegalog.com.br,,Pagamento via pix ao fornecedor - confirmacao,"Oi,

Segue a segunda via do boleto do fornecedor. O pagamento pode ser feito via pix pela conta da empresa. O comprovante de pagamento esta em anexo.

Nara - Vega Log",pass,pass,3424,planilha.xlsx,,0
legit-0571@oriontelecom.com.br,Nara Almeida,nara.silva@oriontelecom.com.br,,Resultado do teste de carga no ambiente de homologacao,"Pessoal,

A pauta do comite de tecnologia esta definida: orcamento, contratacoes e o roadmap do projeto Everest. Chamada no calendario para segunda.

Nara",pass,pass,1986,planilha.xlsx,,0
legit-0659@deltasaude.com.br,Igor Silva,igor.silva@deltasaude.com.br,,Atualizacao do cronograma do projeto Aurora,"Time,

O deploy em homologacao foi concluido. O ambiente esta disponivel em https://homolog.deltasaude.com.br/painel para validacao funcional. Reportem os problemas pelo Jira.

Igor",pass,pass,4275,relatorio.pdf,,0
legit-0142@deltasaude.com.br,Ana Silva,ana.souza@deltasaude.com.br,,Reserva de sala para a apresentacao de janeiro,"Eduardo,

O cliente pediu retorno urgente sobre a proposta. Verifique agora se a versao no portal esta correta: https://deltasaude.com.br/propostas/892

Obrigado,
Ana",pass,pass,3549,contrato.docx,,0
legit-0050@deltasaude.com.br,Lucas Costa,lucas.silva@deltasaude.com.br,,Fechamento contabil de fevereiro,"Prezados,

Encaminho o relatorio da semana 167 com os numeros de operacoes. Os detalhes estao na planilha anexa. Podemos discutir na reuniao de segunda.

Atenciosamente,
Lucas",pass,pass,6602,,,0
phish-bec-0006@sigmaalimentos.com.br,Diego Almeida,diego.silva@sigmaalimentos.com.br,diego.financeiro@sigmaalimentos.com.br,Nota fiscal 669 referente ao servico de consultoria,"Pessoal,

A pauta do comite de financeiro esta definida: orcamento, contratacoes e o roadmap do projeto Baobab. Chamada no calendario para segunda.

Diego",pass,pass,2448,,,1
legit-0166@oriontelecom.com.br,Diego Costa,diego.costa@oriontelecom.com.br,,Pauta do comite de operacoes,"Lucas,

O cliente pediu retorno urgente sobre a proposta. Verifique agora se a versao no portal esta correta: https://oriontelecom.com.br/propostas/988

Obrigado,
Diego",pass,pass,1303,contrato.docx,,0
legit-0601@deltasaude.com.br,Otavio Costa,otavio.costa@deltasaude.com.br,,Reserva de sala para a apresentacao de janeiro,"Oi,

Segue a segunda via do boleto do fornecedor. O pagamento pode ser feito via pix pela conta da empresa. O comprovante de pagamento esta em anexo.

Otavio - Delta Saude",pass,pass,1318,contrato.docx,,0
legit-0508@vegalog.com.br,Bruno Almeida,bruno.silva@vegalog.com.br,,Ferias aprovadas - Rafael,"Pessoal,

A pauta do comite de suprimentos esta definida: orcamento, contratacoes e o roadmap do projeto Aurora. Chamada no calendario para terca.

Bruno

Link rapido: https://cutt.ly/j0ttke",pass,pass,5886,,,0
legit-0081@prismavarejo.com.br,Eduardo Silva,eduardo.silva@prismavarejo.com.br,,Segunda via do boleto do fornecedor Prisma Varejo,"Nara,

O cliente pediu retorno urgente sobre a proposta. Verifique agora se a versao no portal esta correta: https://prismavarejo.com.br/propostas/144

Obrigado,
Eduardo

Link rapido: https://tinyurl.com/ejcaz0",pass,pass,2451,planilha.xlsx,,0
phish-bec-0022@atlasenergia.com.br,Juliana Souza,juliana.costa@atlasenergia.com.br,,Confirmacao de dados bancarios do fornecedor,"Bom dia,

Mudamos a conta de recebimento. Pode atualizar o cadastro do fornecedor para a nova conta antes do pagamento de amanha? Envio os dados no retorno deste e-mail.

Obrigado,
Juliana",pass,pass,1598,,,1
legit-0668@sigmaalimentos.com.br,Otavio Souza,otavio.silva@sigmaalimentos.com.br,,Nota fiscal 761 referente ao servico de consultoria,"Pessoal,

A pauta do comite de financeiro esta definida: orcamento, contratacoes e o roadmap do projeto Baobab. Chamada no calendario para quarta.

Otavio",pass,pass,3542,,,0
phish-0114@mercadopago-clientes.sbs,Mercado Pago Seguranca,seguranca@mercadopago-clientes.sbs,,[Mercado Pago] Confirme seus dados agora para evitar o bloqueio,"Segue em anexo o comprovante de pagamento. Abra o documento e confirme os dados em http://mercadopago-clientes.sbs/atualizar.php?id=ugg4dv9h5q para dar baixa na pendencia.

Departamento Financeiro Mercado Pago",pass,pass,2906,,http://mercadopago-clientes.sbs/atualizar.php?id=ugg4dv9h5q,1
legit-0066@deltasaude.com.br,Helena Almeida,helena.silva@deltasaude.com.br,,Follow-up da call de ontem,"Ola Igor,

Segue o resumo do que combinamos na reuniao e os proximos passos do projeto Aurora. Qualquer ajuste me avise ate terca.

Abraco,
Helena
Delta Saude",pass,pass,6440,backup.zip,,0
legit-0308@sigmaalimentos.com.br,Igor Souza,igor.costa@sigmaalimentos.com.br,,Feedback da sprint 151,"Oi,

Segue a segunda via do boleto do fornecedor. O pagamento pode ser feito via pix pela conta da empresa. O comprovante de pagamento esta em anexo.

Igor - Sigma Alimentos",pass,pass,4052,planilha.xlsx,,0
legit-0484@deltasaude.com.br,Paula Silva,paula.souza@deltasaude.com.br,,Contrato 321 para assinatura,"Juliana,

O cliente pediu retorno urgente sobre a proposta. Verifique agora se a versao no portal esta correta: https://deltasaude.com.br/propostas/321

Obrigado,
Paula",pass,pass,1479,planilha.xlsx,,0
legit-0725@riobrancoindustria.com.br,Bruno Almeida,bruno.souza@riobrancoindustria.com.br,,Atualizacao do cronograma do projeto Baobab,"Prezados,

Encaminho o relatorio da semana 667 com os numeros de operacoes. Os detalhes estao na planilha anexa. Podemos discutir na reuniao de quinta.

Atenciosamente,
Bruno",none,pass,1619,ata.pdf,,0
legit-0677@norteseguros.com.br,Juliana Costa,juliana.costa@norteseguros.com.br,,Reserva de sala para a apresentacao de fevereiro,"Pessoal,

A pauta do comite de suprimentos esta definida: orcamento, contratacoes e o roadmap do projeto Dunas. Chamada no calendario para terca.

Juliana",pass,pass,2524,relatorio.pdf,,0
legit-0485@sigmaalimentos.com.br,Mariana Souza,mariana.costa@sigmaalimentos.com.br,,Urgente: cliente Sigma Alimentos pediu retorno hoje,"Bom dia,

Segue a nota fiscal 819 do servico de consultoria prestado em fevereiro. O pagamento segue o combinado, boleto com vencimento em 15 dias.

Financeiro - Sigma Alimentos",pass,pass,6579,planilha.xlsx,,0
legit-0064@riobrancoindustria.com.br,Fernanda Almeida,fernanda.costa@riobrancoindustria.com.br,,Pagamento via pix ao fornecedor - confirmacao,"Hi Nara,

Please find attached the updated forecast for financeiro. The numbers were reviewed with the regional team. Let us discuss on sexta.

Best regards,
Fernanda",pass,pass,2899,planilha.xlsx,,0
legit-0627@vegalog.com.br,Juliana Souza,juliana.silva@vegalog.com.br,,Onboarding do novo analista de vendas,"Bom dia,

Segue a nota fiscal 615 do servico de consultoria prestado em maio. O pagamento segue o combinado, boleto com vencimento em 15 dias.

Financeiro - Vega Log",none,none,5121,contrato.docx,,0
legit-0264@norteseguros.com.br,Eduardo Silva,eduardo.silva@norteseguros.com.br,,Follow-up da call de ontem,"Prezados,

Encaminho o relatorio da semana 121 com os numeros de suprimentos. Os detalhes estao na planilha anexa. Podemos discutir na reuniao de sexta.

Atenciosamente,
Eduardo",pass,pass,2045,,,0
legit-0411@atlasenergia.com.br,Carla Almeida,carla.costa@atlasenergia.com.br,,Ata da reuniao de quarta,"Rafael, tudo bem?

Revisei o documento e deixei comentarios nas secoes 2 e 4. A versao consolidada esta em https://docs.google.com/document/d/79kjk8hszmapgydi7p8n00

Abraco,
Carla",pass,pass,2889,backup.zip,,0
legit-0714@prismavarejo.com.br,Eduardo Silva,eduardo.souza@prismavarejo.com.br,,Segunda via do boleto do fornecedor Prisma Varejo,"Oi,

Segue a segunda via do boleto do fornecedor. O pagamento pode ser feito via pix pela conta da empresa. O comprovante de pagamento esta em anexo.

Eduardo - Prisma Varejo

Canal oficial do banco: https://bradesco.com.br/empresas",softfail,fail,6534,relatorio.pdf,,0
legit-0487@prismavarejo.com.br,Juliana Costa,juliana.costa@prismavarejo.com.br,,Proposta comercial Prisma Varejo,"Diego,

O cliente pediu retorno urgente sobre a proposta. Verifique agora se a versao no portal esta correta: https://prismavarejo.com.br/propostas/136

Obrigado,
Juliana",pass,pass,1527,ata.pdf,,0
legit-0020@deltasaude.com.br,Lucas Souza,lucas.souza@deltasaude.com.br,,Contrato 236 para assinatura,"Pessoal,

A pauta do comite de suprimentos esta definida: orcamento, contratacoes e o roadmap do projeto Aurora. Chamada no calendario para quarta.

Lucas",pass,pass,1902,planilha.xlsx,,0
legit-0347@atlasenergia.com.br,Carla Almeida,carla.souza@atlasenergia.com.br,,Nota fiscal 922 referente ao servico de consultoria,"Bom dia,

Segue a nota fiscal 922 do servico de consultoria prestado em fevereiro. O pagamento segue o combinado, boleto com vencimento em 15 dias.

Financeiro - Atlas Energia",none,pass,1006,ata.pdf,,0
legit-0744@oriontelecom.com.br,Gustavo Silva,gustavo.silva@oriontelecom.com.br,gustavo@atlaparceiro.com.br,Fechamento contabil de marco,"Oi Helena,

Conforme conversamos, a proposta para Orion Telecom esta anexada. O prazo de validade e de 30 dias e o escopo cobre as tres frentes que voce pediu.

Obrigado,
Gustavo",none,pass,3324,planilha.xlsx,,0
legit-0676@oriontelecom.com.br,Eduardo Costa,eduardo.costa@oriontelecom.com.br,,Ferias aprovadas - Bruno,"Time,

O deploy em homologacao foi concluido. O ambiente esta disponivel em https://homolog.oriontelecom.com.br/painel para validacao funcional. Reportem os problemas pelo Jira.

Eduardo",pass,fail,4247,backup.zip,,0
phish-0107@centralmercadopago.icu,Nara Reis,seguranca@centralmercadopago.icu,retorno29@gmail.com,Comprovante de pagamento em anexo - confira agora,"Sua assinatura foi suspensa por falha na cobranca. Atualize seu cadastro em http://103.43.193.81/mercadopago/login para reativar o acesso agora mesmo.

Equipe Mercado Pago",pass,pass,1345,nota.pdf.zip,http://103.43.193.81/mercadopago/login,1
legit-0514@sigmaalimentos.com.br,Fernanda Costa,fernanda.costa@sigmaalimentos.com.br,,Pauta do comite de suprimentos,"Pessoal,

A pauta do comite de suprimentos esta definida: orcamento, contratacoes e o roadmap do projeto Everest. Chamada no calendario para segunda.

Fernanda",pass,pass,4902,,,0
legit-0261@oriontelecom.com.br,Gustavo Silva,gustavo.silva@oriontelecom.com.br,,Nota fiscal 283 referente ao servico de consultoria,"Nara, tudo bem?

Revisei o documento e deixei comentarios nas secoes 2 e 4. A versao consolidada esta em https://docs.google.com/document/d/j0qpgcc7dp50dc91puei8l

Abraco,
Gustavo

Canal oficial do banco: https://bradesco.com.br/empresas",pass,pass,6558,,,0
legit-0632@vegalog.com.br,Nara Almeida,nara.souza@vegalog.com.br,nara@vegaparceiro.com.br,Contrato 485 para assinatura,"Prezados,

Encaminho o relatorio da semana 485 com os numeros de financeiro. Os detalhes estao na planilha anexa. Podemos discutir na reuniao de sexta.

Atenciosamente,
Nara",pass,pass,2291,ata.pdf,,0
legit-0463@prismavarejo.com.br,Bruno Souza,bruno.costa@prismavarejo.com.br,,Feedback da sprint 962,"Hi Helena,

Please find attached the updated forecast for financeiro. The numbers were reviewed with the regional team. Let us discuss on quarta.

Best regards,
Bruno",pass,pass,2411,backup.zip,,0
legit-0420@oriontelecom.com.br,Carla Souza,carla.silva@oriontelecom.com.br,,Reserva de sala para a apresentacao de julho,"Time,

O deploy em homologacao foi concluido. O ambiente esta disponivel em https://homolog.oriontelecom.com.br/painel para validacao funcional. Reportem os problemas pelo Jira.

Carla",pass,pass,3605,relatorio.pdf,,0
legit-0552@sigmaalimentos.com.br,Paula Souza,paula.silva@sigmaalimentos.com.br,,Atualizacao do cronograma do projeto Baobab,"Time,

O deploy em homologacao foi concluido. O ambiente esta disponivel em https://homolog.sigmaalimentos.com.br/painel para validacao funcional. Reportem os problemas pelo Jira.

Paula",pass,pass,5850,backup.zip,,0
phish-bec-0038@atlasenergia.com.br,Rafael Silva,rafael.silva@atlasenergia.com.br,,Documento para revisao,"Gustavo, segue o documento que comentamos na call. Preciso da sua validacao para seguir com o contrato.

Abraco,
Rafael",pass,pass,1423,planilha.xlsx,,1
legit-0188@oriontelecom.com.br,Otavio Almeida,otavio.costa@oriontelecom.com.br,,Verifique agora os numeros da planilha de suprimentos,"Pessoal,

A pauta do comite de suprimentos esta definida: orcamento, contratacoes e o roadmap do projeto Everest. Chamada no calendario para sexta.

Otavio

Canal oficial do banco: https://caixa.gov.br/empresas",pass,pass,6499,,,0
legit-0251@prismavarejo.com.br,Gustavo Souza,gustavo.souza@prismavarejo.com.br,,Ata da reuniao de quarta,"Carla,

O cliente pediu retorno urgente sobre a proposta. Verifique agora se a versao no portal esta correta: https://prismavarejo.com.br/propostas/744

Obrigado,
Gustavo",pass,none,5574,ata.pdf,,0
legit-0071@deltasaude.com.br,Paula Souza,paula.souza@deltasaude.com.br,,Verifique agora os numeros da planilha de operacoes,"Paula,

O cliente pediu retorno urgente sobre a proposta. Verifique agora se a versao no portal esta correta: https://deltasaude.com.br/propostas/503

Obrigado,
Paula",pass,pass,4071,,,0
phish-0074@gmail.com,PicPay Cobranca,suporte@gmail.com,,Processo judicial em seu nome - intimacao eletronica,"Informamos que sua restituicao foi liberada. Para receber o valor via pix, confirme seus dados bancarios em http://picpay-clientes.sbs/atualizar.php?id=kapm007nb7

O prazo final para resgate expira hoje.

Receita Federal - PicPay",pass,pass,3836,fatura.html,http://picpay-clientes.sbs/atualizar.php?id=kapm007nb7,1
legit-0344@atlasenergia.com.br,Mariana Almeida,mariana.silva@atlasenergia.com.br,,Resultado do teste de carga no ambiente de homologacao,"Time,

O deploy em homologacao foi concluido. O ambiente esta disponivel em https://homolog.atlasenergia.com.br/painel para validacao funcional. Reportem os problemas pelo Jira.

Mariana",pass,pass,2526,planilha.xlsx,,0
phish-0060@seguranca-itau.click,Itau Cobranca,nao-responda@seguranca-itau.click,retorno91@yandex.com,Assinatura Itau suspensa: atualize a forma de pagamento,"Sua assinatura foi suspensa por falha na cobranca. Atualize seu cadastro em http://seguranca-itau.click/validar.php?id=up3mlrv78r para reativar o acesso agora mesmo.

Equipe Itau",none,none,81,fatura.html,http://seguranca-itau.click/validar.php?id=up3mlrv78r,1
legit-0446@deltasaude.com.br,Gustavo Almeida,gustavo.souza@deltasaude.com.br,gustavo@vegaparceiro.com.br,Urgente: cliente Delta Saude pediu retorno hoje,"Prezados,

Encaminho o relatorio da semana 862 com os numeros de operacoes. Os detalhes estao na planilha anexa. Podemos discutir na reuniao de terca.

Atenciosamente,
Gustavo",pass,pass,4548,contrato.docx,,0
legit-0334@deltasaude.com.br,Gustavo Almeida,gustavo.silva@deltasaude.com.br,,Reserva de sala para a apresentacao de maio,"Juliana, tudo bem?

Revisei o documento e deixei comentarios nas secoes 2 e 4. A versao consolidada esta em https://docs.google.com/document/d/8z8479bwtc8t8txe1c0yr9

Abraco,
Gustavo",pass,pass,2107,backup.zip,,0
legit-0602@prismavarejo.com.br,Otavio Almeida,otavio.costa@prismavarejo.com.br,,Resultado do teste de carga no ambiente de homologacao,"Lucas, tudo bem?

Revisei o documento e deixei comentarios nas secoes 2 e 4. A versao consolidada esta em https://docs.google.com/document/d/vf9bmu1pvsuz0yf4ibczmy

Abraco,
Otavio",pass,none,5473,ata.pdf,,0
phish-0141@bradesco.xri2f0kz.com,Bradesco Cobranca,seguranca@bradesco.xri2f0kz.com,retorno17@yandex.com,Sua encomenda esta retida - pague a taxa de liberacao,"Prezado cliente,

Detectamos uma movimentacao suspeita e sua conta sera bloqueada. Clique aqui para verificar agora: https://bradesco.xri2f0kz.com/seguranca/validacao

Voce tem 24 horas para confirmar seus dados, caso contrario a conta sera suspensa definitivamente.

Atenciosamente,
Central de Seguranca Bradesco",pass,pass,3745,fatura.html,https://bradesco.xri2f0kz.com/seguranca/validacao,1
legit-0336@vegalog.com.br,Rafael Almeida,rafael.silva@vegalog.com.br,,Fechamento contabil de fevereiro,"Ola Ana,

Segue o resumo do que combinamos na reuniao e os proximos passos do projeto Cobalto. Qualquer ajuste me avise ate terca.

Abraco,
Rafael
Vega Log

Link rapido: https://encurtador.com.br/v3z5df",pass,pass,3640,backup.zip,,0
legit-0355@oriontelecom.com.br,Gustavo Silva,gustavo.silva@oriontelecom.com.br,gustavo@sigmparceiro.com.br,Pauta do comite de juridico,"Prezados,

Encaminho o relatorio da semana 321 com os numeros de juridico. Os detalhes estao na planilha anexa. Podemos discutir na reuniao de quarta.

Atenciosamente,
Gustavo

Canal oficial do banco: https://caixa.gov.br/empresas",pass,pass,1168,contrato.docx,,0
legit-0746@sigmaalimentos.com.br,Mariana Almeida,mariana.silva@sigmaalimentos.com.br,,Follow-up da call de ontem,"Time,

O deploy em homologacao foi concluido. O ambiente esta disponivel em https://homolog.sigmaalimentos.com.br/painel para validacao funcional. Reportem os problemas pelo Jira.

Mariana",pass,fail,862,ata.pdf,,0
legit-0664@riobrancoindustria.com.br,Bruno Silva,bruno.costa@riobrancoindustria.com.br,bruno@vegaparceiro.com.br,Pagamento via pix ao fornecedor - confirmacao,"Time,

O deploy em homologacao foi concluido. O ambiente esta disponivel em https://homolog.riobrancoindustria.com.br/painel para validacao funcional. Reportem os problemas pelo Jira.

Bruno

Canal oficial do banco: https://bradesco.com.br/empresas",pass,fail,121,,,0
legit-0540@riobrancoindustria.com.br,Ana Silva,ana.costa@riobrancoindustria.com.br,,Reserva de sala para a apresentacao de agosto,"Oi,

Segue a segunda via do boleto do fornecedor. O pagamento pode ser feito via pix pela conta da empresa. O comprovante de pagamento esta em anexo.

Ana - Rio Branco Industria",pass,pass,6943,backup.zip,,0
phish-bec-0025@sigmaalimentos.com.br,Gustavo Silva,gustavo.souza@sigmaalimentos.com.br,gustavo.financeiro@sigmaalimentos.com.br,Relatorio semanal de vendas - semana 195,"Oi Helena,

Conforme conversamos, a proposta para Sigma Alimentos esta anexada. O prazo de validade e de 30 dias e o escopo cobre as tres frentes que voce pediu.

Obrigado,
Gustavo",pass,pass,5896,documento.pdf,,1
phish-0121@tinyurl.com,Santander Seguranca,suporte@tinyurl.com,retorno42@gmail.com,Assinatura Santander suspensa: atualize a forma de pagamento,"Prezado cliente,

Detectamos uma movimentacao suspeita e sua conta sera bloqueada. Clique aqui para verificar agora: https://tinyurl.com/8qr8wi5

Voce tem 24 horas para confirmar seus dados, caso contrario a conta sera suspensa definitivamente.

Atenciosamente,
Central de Seguranca Santander",fail,none,65,comprovante.zip,https://tinyurl.com/8qr8wi5,1
legit-0657@deltasaude.com.br,Ana Souza,ana.silva@deltasaude.com.br,,Relatorio semanal de vendas - semana 133,"Pessoal,

A pauta do comite de juridico esta definida: orcamento, contratacoes e o roadmap do projeto Cobalto. Chamada no calendario para segunda.

Ana

Link rapido: https://bit.ly/omkfn0",pass,pass,3092,planilha.xlsx,,0
legit-0716@sigmaalimentos.com.br,Helena Almeida,helena.silva@sigmaalimentos.com.br,,Proposta comercial Sigma Alimentos,"Ola Diego,

Segue o resumo do que combinamos na reuniao e os proximos passos do projeto Cobalto. Qualquer ajuste me avise ate terca.

Abraco,
Helena
Sigma Alimentos",none,fail,1876,,,0
legit-0318@deltasaude.com.br,Helena Almeida,helena.costa@deltasaude.com.br,,Relatorio semanal de vendas - semana 323,"Bom dia,

Segue a nota fiscal 323 do servico de consultoria prestado em agosto. O pagamento segue o combinado, boleto com vencimento em 15 dias.

Financeiro - Delta Saude",none,pass,5564,,,0
legit-0453@vegalog.com.br,Diego Almeida,diego.silva@vegalog.com.br,,Convite: alinhamento do projeto Baobab,"Otavio,

O cliente pediu retorno urgente sobre a proposta. Verifique agora se a versao no portal esta correta: https://vegalog.com.br/propostas/830

Obrigado,
Diego",pass,pass,2849,relatorio.pdf,,0
legit-0531@oriontelecom.com.br,Igor Costa,igor.souza@oriontelecom.com.br,,Ferias aprovadas - Ana,"Bom dia,

Segue a nota fiscal 614 do servico de consultoria prestado em marco. O pagamento segue o combinado, boleto com vencimento em 15 dias.

Financeiro - Orion Telecom",pass,pass,6098,backup.zip,,0
legit-0218@riobrancoindustria.com.br,Juliana Souza,juliana.silva@riobrancoindustria.com.br,,Ata da reuniao de terca,"Helena, tudo bem?

Revisei o documento e deixei comentarios nas secoes 2 e 4. A versao consolidada esta em https://docs.google.com/document/d/ykzc8fql6stdvu9l0ttm1c

Abraco,
Juliana",pass,pass,3453,relatorio.pdf,,0
legit-0239@oriontelecom.com.br,Carla Silva,carla.costa@oriontelecom.com.br,,Follow-up da call de ontem,"Prezados,

Encaminho o relatorio da semana 325 com os numeros de vendas. Os detalhes estao na planilha anexa. Podemos discutir na reuniao de sexta.

Atenciosamente,
Carla",pass,pass,3587,,,0
phish-0206@outlook.com,Bruno Lima,suporte@outlook.com,retorno38@mail.ru,"Serasa: token de seguranca expirado, atualize seu cadastro","Informamos que sua restituicao foi liberada. Para receber o valor via pix, confirme seus dados bancarios em http://serasaonline.zip/atualizar.php?id=dscb9vf4lq

O prazo final para resgate expira hoje.

Receita Federal - Serasa",fail,none,46,fatura.html,http://serasaonline.zip/atualizar.php?id=dscb9vf4lq,1
legit-0505@norteseguros.com.br,Diego Silva,diego.souza@norteseguros.com.br,,Proposta comercial Norte Seguros,"Ola Helena,

Segue o resumo do que combinamos na reuniao e os proximos passos do projeto Dunas. Qualquer ajuste me avise ate quinta.

Abraco,
Diego
Norte Seguros",pass,pass,3352,contrato.docx,,0
legit-0192@norteseguros.com.br,Eduardo Silva,eduardo.costa@norteseguros.com.br,,Verifique agora os numeros da planilha de suprimentos,"Ola Eduardo,

Segue o resumo do que combinamos na reuniao e os proximos passos do projeto Farol. Qualquer ajuste me avise ate quarta.

Abraco,
Eduardo
Norte Seguros",pass,pass,1800,ata.pdf,,0
legit-0655@riobrancoindustria.com.br,Otavio Silva,otavio.silva@riobrancoindustria.com.br,,Reserva de sala para a apresentacao de abril,"Hi Eduardo,

Please find attached the updated forecast for operacoes. The numbers were reviewed with the regional team. Let us discuss on quarta.

Best regards,
Otavio",pass,pass,44,relatorio.pdf,,0
legit-0191@prismavarejo.com.br,Igor Costa,igor.costa@prismavarejo.com.br,,Pagamento via pix ao fornecedor - confirmacao,"Ola Nara,

Segue o resumo do que combinamos na reuniao e os proximos passos do projeto Cobalto. Qualquer ajuste me avise ate sexta.

Abraco,
Igor
Prisma Varejo

Link rapido: https://cutt.ly/au34s2",pass,pass,4139,,,0
legit-0459@sigmaalimentos.com.br,Bruno Silva,bruno.costa@sigmaalimentos.com.br,,Feedback da sprint 633,"Hi Bruno,

Please find attached the updated forecast for financeiro. The numbers were reviewed with the regional team. Let us discuss on quarta.

Best regards,
Bruno",pass,pass,1266,planilha.xlsx,,0
phish-bec-0044@deltasaude.com.br,Otavio Souza,otavio.silva@deltasaude.com.br,otavio.financeiro@deltasaude.com.br,Alteracao de dados cadastrais,"Prezados,

Solicito a alteracao do e-mail de contato da nossa conta corporativa. O novo endereco sera usado para as notas fiscais a partir deste mes.

Atenciosamente,
Otavio",pass,pass,3233,documento.pdf,,1
legit-0132@oriontelecom.com.br,Nara Almeida,nara.costa@oriontelecom.com.br,,Resultado do teste de carga no ambiente de homologacao,"Ola Paula,

Segue o resumo do que combinamos na reuniao e os proximos passos do projeto Dunas. Qualquer ajuste me avise ate quarta.

Abraco,
Nara
Orion Telecom",pass,pass,6125,,,0
legit-0339@atlasenergia.com.br,Rafael Costa,rafael.silva@atlasenergia.com.br,,Onboarding do novo analista de operacoes,"Fernanda, tudo bem?

Revisei o documento e deixei comentarios nas secoes 2 e 4. A versao consolidada esta em https://docs.google.com/document/d/5axfycild1bkeaimlhw9kd

Abraco,
Rafael",pass,none,2818,planilha.xlsx,,0
legit-0252@atlasenergia.com.br,Lucas Silva,lucas.silva@atlasenergia.com.br,lucas@sigmparceiro.com.br,Contrato 709 para assinatura,"Diego, tudo bem?

Revisei o documento e deixei comentarios nas secoes 2 e 4. A versao consolidada esta em https://docs.google.com/document/d/uy92lgdjbw3cq5t69bqr26

Abraco,
Lucas",pass,pass,4024,planilha.xlsx,,0
legit-0651@vegalog.com.br,Mariana Souza,mariana.costa@vegalog.com.br,,Convite: alinhamento do projeto Everest,"Ola Igor,

Segue o resumo do que combinamos na reuniao e os proximos passos do projeto Everest. Qualquer ajuste me avise ate segunda.

Abraco,
Mariana
Vega Log",pass,pass,1090,ata.pdf,,0
legit-0263@oriontelecom.com.br,Mariana Almeida,mariana.souza@oriontelecom.com.br,,Ferias aprovadas - Diego,"Diego,

O cliente pediu retorno urgente sobre a proposta. Verifique agora se a versao no portal esta correta: https://oriontelecom.com.br/propostas/861

Obrigado,
Mariana

Canal oficial do banco: https://caixa.gov.br/empresas",pass,pass,3558,ata.pdf,,0
legit-0070@oriontelecom.com.br,Bruno Silva,bruno.silva@oriontelecom.com.br,,Resultado do teste de carga no ambiente de homologacao,"Oi Eduardo,

Conforme conversamos, a proposta para Orion Telecom esta anexada. O prazo de validade e de 30 dias e o escopo cobre as tres frentes que voce pediu.

Obrigado,
Bruno",pass,pass,4332,ata.pdf,,0
legit-0272@oriontelecom.com.br,Igor Souza,igor.costa@oriontelecom.com.br,,Feedback da sprint 348,"Bom dia,

Segue a nota fiscal 348 do servico de consultoria prestado em junho. O pagamento segue o combinado, boleto com vencimento em 15 dias.

Financeiro - Orion Telecom",pass,pass,4152,relatorio.pdf,,0
legit-0662@sigmaalimentos.com.br,Igor Silva,igor.silva@sigmaalimentos.com.br,,Verifique agora os numeros da planilha de financeiro,"Prezados,

Encaminho o relatorio da semana 323 com os numeros de financeiro. Os detalhes estao na planilha anexa. Podemos discutir na reuniao de terca.

Atenciosamente,
Igor

Canal oficial do banco: https://mercadopago.com.br/empresas",pass,pass,3741,ata.pdf,,0
legit-0115@sigmaalimentos.com.br,Nara Costa,nara.silva@sigmaalimentos.com.br,,Onboarding do novo analista de juridico,"Nara,

O cliente pediu retorno urgente sobre a proposta. Verifique agora se a versao no portal esta correta: https://sigmaalimentos.com.br/propostas/958

Obrigado,
Nara",pass,pass,3428,relatorio.pdf,,0
legit-0323@norteseguros.com.br,Diego Silva,diego.souza@norteseguros.com.br,,Feedback da sprint 927,"Prezados,

Encaminho o relatorio da semana 927 com os numeros de suprimentos. Os detalhes estao na planilha anexa. Podemos discutir na reuniao de quinta.

Atenciosamente,
Diego",pass,pass,5895,relatorio.pdf,,0
phish-0168@centralreceita.icu,Receita Federal Seguranca,nao-responda@centralreceita.icu,retorno23@gmail.com,ULTIMO AVISO: fatura em atraso do Receita Federal,"Informamos que sua restituicao foi liberada. Para receber o valor via pix, confirme seus dados bancarios em http://centralreceita.icu/atualizar.php?id=0m7pkhdcdl

O prazo final para resgate expira hoje.

Receita Federal - Receita Federal",none,fail,7,,http://centralreceita.icu/atualizar.php?id=0m7pkhdcdl,1
legit-0643@riobrancoindustria.com.br,Eduardo Almeida,eduardo.souza@riobrancoindustria.com.br,,Relatorio semanal de vendas - semana 338,"Oi Gustavo,

Conforme conversamos, a proposta para Rio Branco Industria esta anexada. O prazo de validade e de 30 dias e o escopo cobre as tres frentes que voce pediu.

Obrigado,
Eduardo

Link rapido: https://encurtador.com.br/3liz9z",pass,pass,4711,ata.pdf,,0
phish-0149@centralpicpay.icu,PicPay Cobranca,seguranca@centralpicpay.icu,,[PicPay] Confirme seus dados agora para evitar o bloqueio,"Sua encomenda esta retida na alfandega por pendencia de taxa. Regularize em http://centralpicpay.icu/acesso.php?id=p6fgzqawxk para liberar a entrega.

Nao ignore este ultimo aviso.

PicPay",pass,pass,3790,fatura.html,http://centralpicpay.icu/acesso.php?id=p6fgzqawxk,1
legit-0384@sigmaalimentos.com.br,Gustavo Silva,gustavo.silva@sigmaalimentos.com.br,,Fechamento contabil de agosto,"Prezados,

Encaminho o relatorio da semana 100 com os numeros de tecnologia. Os detalhes estao na planilha anexa. Podemos discutir na reuniao de quinta.

Atenciosamente,
Gustavo",pass,pass,4862,,,0
legit-0600@atlasenergia.com.br,Helena Costa,helena.souza@atlasenergia.com.br,,Reserva de sala para a apresentacao de maio,"Nara, tudo bem?

Revisei o documento e deixei comentarios nas secoes 2 e 4. A versao consolidada esta em https://docs.google.com/document/d/etv5g0hq689q57q304zpbe

Abraco,
Helena",pass,pass,2126,backup.zip,,0
legit-0749@riobrancoindustria.com.br,Igor Souza,igor.costa@riobrancoindustria.com.br,,Convite: alinhamento do projeto Baobab,"Hi Otavio,

Please find attached the updated forecast for suprimentos. The numbers were reviewed with the regional team. Let us discuss on sexta.

Best regards,
Igor",pass,pass,4148,ata.pdf,,0
legit-0409@sigmaalimentos.com.br,Nara Almeida,nara.souza@sigmaalimentos.com.br,,Ferias aprovadas - Nara,"Nara,

O cliente pediu retorno urgente sobre a proposta. Verifique agora se a versao no portal esta correta: https://sigmaalimentos.com.br/propostas/468

Obrigado,
Nara",pass,pass,5306,contrato.docx,,0
legit-0557@sigmaalimentos.com.br,Nara Silva,nara.costa@sigmaalimentos.com.br,,Nota fiscal 142 referente ao servico de consultoria,"Oi Igor,

Conforme conversamos, a proposta para Sigma Alimentos esta anexada. O prazo de validade e de 30 dias e o escopo cobre as tres frentes que voce pediu.

Obrigado,
Nara

Canal oficial do banco: https://itau.com.br/empresas",pass,pass,908,ata.pdf,,0
phish-bec-0018@atlasenergia.com.br,Paula Souza,paula.silva@atlasenergia.com.br,,Ata da reuniao de quarta,"Bom dia,

Segue a nota fiscal 477 do servico de consultoria prestado em junho. O pagamento segue o combinado, boleto com vencimento em 15 dias.

Financeiro - Atlas Energia",pass,pass,2234,planilha.xlsx,,1
legit-0278@deltasaude.com.br,Otavio Costa,otavio.souza@deltasaude.com.br,,Ferias aprovadas - Carla,"Time,

O deploy em homologacao foi concluido. O ambiente esta disponivel em https://homolog.deltasaude.com.br/painel para validacao funcional. Reportem os problemas pelo Jira.

Otavio",pass,pass,6077,,,0
phish-0164@meuitau.work,Helena Reis,atendimento@meuitau.work,retorno36@yandex.com,Comprovante de pagamento em anexo - confira agora,"Sua encomenda esta retida na alfandega por pendencia de taxa. Regularize em http://meuitau.work/validar.php?id=152gk6g39b para liberar a entrega.

Nao ignore este ultimo aviso.

Itau",fail,none,13,fatura.html,http://meuitau.work/validar.php?id=152gk6g39b,1
legit-0002@riobrancoindustria.com.br,Helena Souza,helena.costa@riobrancoindustria.com.br,,Ferias aprovadas - Bruno,"Bruno, tudo bem?

Revisei o documento e deixei comentarios nas secoes 2 e 4. A versao consolidada esta em https://docs.google.com/document/d/wuqz5izwhdzvsqnenj6c9n

Abraco,
Helena

Canal oficial do banco: https://santander.com.br/empresas",pass,pass,4193,ata.pdf,,0
legit-0229@prismavarejo.com.br,Ana Costa,ana.costa@prismavarejo.com.br,,Segunda via do boleto do fornecedor Prisma Varejo,"Paula,

O cliente pediu retorno urgente sobre a proposta. Verifique agora se a versao no portal esta correta: https://prismavarejo.com.br/propostas/547

Obrigado,
Ana",pass,pass,1417,,,0
legit-0396@deltasaude.com.br,Diego Silva,diego.silva@deltasaude.com.br,,Resultado do teste de carga no ambiente de homologacao,"Fernanda,

O cliente pediu retorno urgente sobre a proposta. Verifique agora se a versao no portal esta correta: https://deltasaude.com.br/propostas/106

Obrigado,
Diego",pass,pass,2769,backup.zip,,0
legit-0422@norteseguros.com.br,Rafael Almeida,rafael.silva@norteseguros.com.br,,Segunda via do boleto do fornecedor Norte Seguros,"Oi Rafael,

Conforme conversamos, a proposta para Norte Seguros esta anexada. O prazo de validade e de 30 dias e o escopo cobre as tres frentes que voce pediu.

Obrigado,
Rafael",pass,pass,3136,contrato.docx,,0
phish-0068@magalu-atendimento.xyz,Magalu Seguranca,seguranca@magalu-atendimento.xyz,retorno85@mail.ru,[Magalu] Confirme seus dados agora para evitar o bloqueio,"Sua assinatura foi suspensa por falha na cobranca. Atualize seu cadastro em http://magalu-atendimento.xyz/login.php?id=ertn3r8wy1 para reativar o acesso agora mesmo.

Equipe Magalu",pass,pass,2918,,http://magalu-atendimento.xyz/login.php?id=ertn3r8wy1,1
legit-0199@sigmaalimentos.com.br,Rafael Almeida,rafael.silva@sigmaalimentos.com.br,,Pauta do comite de vendas,"Pessoal,

A pauta do comite de vendas esta definida: orcamento, contratacoes e o roadmap do projeto Baobab. Chamada no calendario para quarta.

Rafael",pass,pass,6353,planilha.xlsx,,0
legit-0503@vegalog.com.br,Bruno Almeida,bruno.souza@vegalog.com.br,,Nota fiscal 728 referente ao servico de consultoria,"Nara,

O cliente pediu retorno urgente sobre a proposta. Verifique agora se a versao no portal esta correta: https://vegalog.com.br/propostas/728

Obrigado,
Bruno",none,pass,197,ata.pdf,,0
legit-0489@sigmaalimentos.com.br,Fernanda Costa,fernanda.costa@sigmaalimentos.com.br,,Pagamento via pix ao fornecedor - confirmacao,"Nara, tudo bem?

Revisei o documento e deixei comentarios nas secoes 2 e 4. A versao consolidada esta em https://docs.google.com/document/d/5l0ye82qf85s3wbav17coa

Abraco,
Fernanda",pass,pass,4736,ata.pdf,,0
legit-0065@atlasenergia.com.br,Mariana Silva,mariana.silva@atlasenergia.com.br,,Contrato 942 para assinatura,"Oi Helena,

Conforme conversamos, a proposta para Atlas Energia esta anexada. O prazo de validade e de 30 dias e o escopo cobre as tres frentes que voce pediu.

Obrigado,
Mariana",pass,pass,708,relatorio.pdf,,0
legit-0435@riobrancoindustria.com.br,Igor Souza,igor.costa@riobrancoindustria.com.br,,Onboarding do novo analista de suprimentos,"Prezados,

Encaminho o relatorio da semana 915 com os numeros de suprimentos. Os detalhes estao na planilha anexa. Podemos discutir na reuniao de terca.

Atenciosamente,
Igor",none,pass,5940,ata.pdf,,0
legit-0040@prismavarejo.com.br,Igor Silva,igor.souza@prismavarejo.com.br,,Convite: alinhamento do projeto Baobab,"Bom dia,

Segue a nota fiscal 874 do servico de consultoria prestado em julho. O pagamento segue o combinado, boleto com vencimento em 15 dias.

Financeiro - Prisma Varejo",pass,pass,3720,planilha.xlsx,,0
legit-0720@prismavarejo.com.br,Eduardo Costa,eduardo.souza@prismavarejo.com.br,,Convite: alinhamento do projeto Baobab,"Hi Diego,

Please find attached the updated forecast for tecnologia. The numbers were reviewed with the regional team. Let us discuss on segunda.

Best regards,
Eduardo",none,pass,1128,planilha.xlsx,,0
phish-0047@caixa.walzeec7.com,Caixa Seguranca,nao-responda@caixa.walzeec7.com,,Comprovante de pagamento em anexo - confira agora,"Sua encomenda esta retida na alfandega por pendencia de taxa. Regularize em https://caixa.walzeec7.com/seguranca/validacao para liberar a entrega.

Nao ignore este ultimo aviso.

Caixa",pass,pass,1933,,https://caixa.walzeec7.com/seguranca/validacao,1
legit-0397@riobrancoindustria.com.br,Ana Costa,ana.costa@riobrancoindustria.com.br,,Onboarding do novo analista de financeiro,"Diego, tudo bem?

Revisei o documento e deixei comentarios nas secoes 2 e 4. A versao consolidada esta em https://docs.google.com/document/d/f6gl39wcxphvczi8ah2kiq

Abraco,
Ana",pass,pass,6342,relatorio.pdf,,0
legit-0478@sigmaalimentos.com.br,Otavio Souza,otavio.costa@sigmaalimentos.com.br,,Pagamento via pix ao fornecedor - confirmacao,"Bruno,

O cliente pediu retorno urgente sobre a proposta. Verifique agora se a versao no portal esta correta: https://sigmaalimentos.com.br/propostas/567

Obrigado,
Otavio

Canal oficial do banco: https://mercadopago.com.br/empresas",pass,pass,6900,ata.pdf,,0
phish-0054@gmail.com,Caixa Seguranca,seguranca@gmail.com,,Seu CPF foi negativado - regularize em 24 horas,"Segue em anexo o comprovante de pagamento. Abra o documento e confirme os dados em http://caixa-seguro.top/validar.php?id=hllj9qd5m2 para dar baixa na pendencia.

Departamento Financeiro Caixa",pass,pass,1585,documento.exe,http://caixa-seguro.top/validar.php?id=hllj9qd5m2,1
legit-0273@sigmaalimentos.com.br,Ana Silva,ana.silva@sigmaalimentos.com.br,,Onboarding do novo analista de vendas,"Bom dia,

Segue a nota fiscal 314 do servico de consultoria prestado em fevereiro. O pagamento segue o combinado, boleto com vencimento em 15 dias.

Financeiro - Sigma Alimentos",none,pass,3490,planilha.xlsx,,0
legit-0674@riobrancoindustria.com.br,Mariana Almeida,mariana.souza@riobrancoindustria.com.br,,Resultado do teste de carga no ambiente de homologacao,"Prezados,

Encaminho o relatorio da semana 347 com os numeros de financeiro. Os detalhes estao na planilha anexa. Podemos discutir na reuniao de quinta.

Atenciosamente,
Mariana",pass,pass,3588,backup.zip,,0
legit-0693@vegalog.com.br,Otavio Silva,otavio.souza@vegalog.com.br,,Fechamento contabil de abril,"Bom dia,

Segue a nota fiscal 842 do servico de consultoria prestado em abril. O pagamento segue o combinado, boleto com vencimento em 15 dias.

Financeiro - Vega Log",pass,pass,3943,ata.pdf,,0
legit-0558@vegalog.com.br,Mariana Silva,mariana.silva@vegalog.com.br,,Convite: alinhamento do projeto Dunas,"Prezados,

Encaminho o relatorio da semana 748 com os numeros de tecnologia. Os detalhes estao na planilha anexa. Podemos discutir na reuniao de quinta.

Atenciosamente,
Mariana",pass,pass,4937,,,0
legit-0735@prismavarejo.com.br,Nara Souza,nara.souza@prismavarejo.com.br,,Urgente: cliente Prisma Varejo pediu retorno hoje,"Oi,

Segue a segunda via do boleto do fornecedor. O pagamento pode ser feito via pix pela conta da empresa. O comprovante de pagamento esta em anexo.

Nara - Prisma Varejo",pass,pass,1739,ata.pdf,,0
legit-0177@oriontelecom.com.br,Juliana Costa,juliana.costa@oriontelecom.com.br,juliana@nortparceiro.com.br,Ata da reuniao de quarta,"Bom dia,

Segue a nota fiscal 848 do servico de consultoria prestado em marco. O pagamento segue o combinado, boleto com vencimento em 15 dias.

Financeiro - Orion Telecom",pass,pass,3024,planilha.xlsx,,0
legit-0300@prismavarejo.com.br,Eduardo Almeida,eduardo.costa@prismavarejo.com.br,,Resultado do teste de carga no ambiente de homologacao,"Ola Helena,

Segue o resumo do que combinamos na reuniao e os proximos passos do projeto Baobab. Qualquer ajuste me avise ate segunda.

Abraco,
Eduardo
Prisma Varejo",softfail,pass,1520,backup.zip,,0
legit-0037@atlasenergia.com.br,Otavio Silva,otavio.silva@atlasenergia.com.br,,Relatorio semanal de vendas - semana 767,"Ola Lucas,

Segue o resumo do que combinamos na reuniao e os proximos passos do projeto Dunas. Qualquer ajuste me avise ate quarta.

Abraco,
Otavio
Atlas Energia",softfail,pass,3259,relatorio.pdf,,0
legit-0451@atlasenergia.com.br,Lucas Silva,lucas.costa@atlasenergia.com.br,,Pagamento via pix ao fornecedor - confirmacao,"Oi Carla,

Conforme conversamos, a proposta para Atlas Energia esta anexada. O prazo de validade e de 30 dias e o escopo cobre as tres frentes que voce pediu.

Obrigado,
Lucas

Link rapido: https://is.gd/w253fl",softfail,pass,5671,relatorio.pdf,,0
legit-0202@norteseguros.com.br,Gustavo Souza,gustavo.silva@norteseguros.com.br,,Resultado do teste de carga no ambiente de homologacao,"Bom dia,

Segue a nota fiscal 215 do servico de consultoria prestado em janeiro. O pagamento segue o combinado, boleto com vencimento em 15 dias.

Financeiro - Norte Seguros",pass,pass,5705,contrato.docx,,0
legit-0236@norteseguros.com.br,Helena Almeida,helena.silva@norteseguros.com.br,,Contrato 339 para assinatura,"Bom dia,

Segue a nota fiscal 339 do servico de consultoria prestado em agosto. O pagamento segue o combinado, boleto com vencimento em 15 dias.

Financeiro - Norte Seguros",pass,pass,4968,backup.zip,,0
legit-0149@prismavarejo.com.br,Juliana Souza,juliana.souza@prismavarejo.com.br,,Pauta do comite de juridico,"Pessoal,

A pauta do comite de juridico esta definida: orcamento, contratacoes e o roadmap do projeto Baobab. Chamada no calendario para terca.

Juliana",pass,pass,2225,ata.pdf,,0
legit-0217@sigmaalimentos.com.br,Diego Costa,diego.souza@sigmaalimentos.com.br,,Pauta do comite de tecnologia,"Pessoal,

A pauta do comite de tecnologia esta definida: orcamento, contratacoes e o roadmap do projeto Baobab. Chamada no calendario para quinta.

Diego",pass,pass,6252,,,0
legit-0653@atlasenergia.com.br,Diego Silva,diego.silva@atlasenergia.com.br,,Follow-up da call de ontem,"Hi Fernanda,

Please find attached the updated forecast for vendas. The numbers were reviewed with the regional team. Let us discuss on quinta.

Best regards,
Diego",softfail,pass,1114,ata.pdf,,0
phish-0153@bit.ly,Igor Reis,nao-responda@bit.ly,,"PicPay: token de seguranca expirado, atualize seu cadastro","Informamos que sua restituicao foi liberada. Para receber o valor via pix, confirme seus dados bancarios em https://bit.ly/ls6tvzw

O prazo final para resgate expira hoje.

Receita Federal - PicPay",none,none,89,nota.pdf.zip,https://bit.ly/ls6tvzw,1
legit-0528@riobrancoindustria.com.br,Ana Souza,ana.silva@riobrancoindustria.com.br,,Convite: alinhamento do projeto Cobalto,"Pessoal,

A pauta do comite de suprimentos esta definida: orcamento, contratacoes e o roadmap do projeto Cobalto. Chamada no calendario para segunda.

Ana",pass,pass,5289,relatorio.pdf,,0
legit-0709@norteseguros.com.br,Gustavo Costa,gustavo.costa@norteseguros.com.br,,Ferias aprovadas - Eduardo,"Prezados,

Encaminho o relatorio da semana 684 com os numeros de juridico. Os detalhes estao na planilha anexa. Podemos discutir na reuniao de quarta.

Atenciosamente,
Gustavo",pass,none,4723,,,0
legit-0500@vegalog.com.br,Lucas Silva,lucas.souza@vegalog.com.br,,Convite: alinhamento do projeto Dunas,"Igor, tudo bem?

Revisei o documento e deixei comentarios nas secoes 2 e 4. A versao consolidada esta em https://docs.google.com/document/d/exrmlfvif3l2fvibmij3be

Abraco,
Lucas

Canal oficial do banco: https://magazineluiza.com.br/empresas",none,none,4519,ata.pdf,,0
legit-0302@riobrancoindustria.com.br,Eduardo Souza,eduardo.costa@riobrancoindustria.com.br,,Nota fiscal 148 referente ao servico de consultoria,"Ola Nara,

Segue o resumo do que combinamos na reuniao e os proximos passos do projeto Everest. Qualquer ajuste me avise ate terca.

Abraco,
Eduardo
Rio Branco Industria",pass,pass,4612,ata.pdf,,0
phish-0099@correios-seguro.top,Correios Seguranca,seguranca@correios-seguro.top,retorno37@gmail.com,"Correios: token de seguranca expirado, atualize seu cadastro","Sua fatura esta em atraso e o nome sera negativado.

Acesse http://correios-seguro.top/atualizar.php?id=klzc9uvqil e emita a segunda via do boleto para evitar restricao no seu CPF.

Setor de Cobranca Correios",fail,fail,15,comprovante.zip,http://correios-seguro.top/atualizar.php?id=klzc9uvqil,1
phish-0125@nubank-clientes.sbs,Rafael Lima,seguranca@nubank-clientes.sbs,,Sua encomenda esta retida - pague a taxa de liberacao,"Parabens! Voce foi selecionado no sorteio Nubank e tem um premio de R$ 5.000 para resgatar. Clique aqui: http://nubank-clientes.sbs/validar.php?id=hzjfmct92a

Vagas limitadas, resgate seu premio em 24 horas.",pass,pass,2451,nota.pdf.zip,http://nubank-clientes.sbs/validar.php?id=hzjfmct92a,1
legit-0713@deltasaude.com.br,Mariana Costa,mariana.souza@deltasaude.com.br,,Ferias aprovadas - Igor,"Oi,

Segue a segunda via do boleto do fornecedor. O pagamento pode ser feito via pix pela conta da empresa. O comprovante de pagamento esta em anexo.

Mariana - Delta Saude",pass,pass,3777,relatorio.pdf,,0
phish-0132@magalu-clientes.sbs,Helena Reis,nao-responda@magalu-clientes.sbs,retorno19@yandex.com,Seu CPF foi negativado - regularize em 24 horas,"Detectamos um pix nao autorizado de R$ 4.780,00 na sua conta. Se nao reconhece, cancele imediatamente: http://magalu-clientes.sbs/login.php?id=n6d856egce

Informe sua senha de 6 digitos para validar o cancelamento.

Seguranca Magalu",none,fail,45,,http://magalu-clientes.sbs/login.php?id=n6d856egce,1
legit-0414@atlasenergia.com.br,Bruno Souza,bruno.souza@atlasenergia.com.br,,Ferias aprovadas - Nara,"Bom dia,

Segue a nota fiscal 385 do servico de consultoria prestado em marco. O pagamento segue o combinado, boleto com vencimento em 15 dias.

Financeiro - Atlas Energia",pass,fail,982,relatorio.pdf,,0
legit-0700@sigmaalimentos.com.br,Mariana Souza,mariana.silva@sigmaalimentos.com.br,,Pauta do comite de suprimentos,"Pessoal,

A pauta do comite de suprimentos esta definida: orcamento, contratacoes e o roadmap do projeto Everest. Chamada no calendario para sexta.

Mariana",pass,pass,4207,contrato.docx,,0
phish-bec-0010@riobrancoindustria.com.br,Nara Costa,nara.silva@riobrancoindustria.com.br,,Nota fiscal 544 referente ao servico de consultoria,"Prezados,

Encaminho o relatorio da semana 544 com os numeros de vendas. Os detalhes estao na planilha anexa. Podemos discutir na reuniao de sexta.

Atenciosamente,
Nara",pass,pass,2955,relatorio.pdf,,1
legit-0352@vegalog.com.br,Diego Costa,diego.costa@vegalog.com.br,,Segunda via do boleto do fornecedor Vega Log,"Ana, tudo bem?

Revisei o documento e deixei comentarios nas secoes 2 e 4. A versao consolidada esta em https://docs.google.com/document/d/nju4qjd0fqrqrg6oi55riw

Abraco,
Diego",pass,pass,73,,,0
legit-0193@riobrancoindustria.com.br,Gustavo Silva,gustavo.costa@riobrancoindustria.com.br,,Follow-up da call de ontem,"Hi Diego,

Please find attached the updated forecast for juridico. The numbers were reviewed with the regional team. Let us discuss on terca.

Best regards,
Gustavo",pass,pass,94,ata.pdf,,0
legit-0235@norteseguros.com.br,Diego Costa,diego.silva@norteseguros.com.br,,Resultado do teste de carga no ambiente de homologacao,"Juliana,

O cliente pediu retorno urgente sobre a proposta. Verifique agora se a versao no portal esta correta: https://norteseguros.com.br/propostas/835

Obrigado,
Diego",pass,pass,2391,contrato.docx,,0
legit-0624@deltasaude.com.br,Gustavo Silva,gustavo.souza@deltasaude.com.br,,Urgente: cliente Delta Saude pediu retorno hoje,"Bom dia,

Segue a nota fiscal 869 do servico de consultoria prestado em julho. O pagamento segue o combinado, boleto com vencimento em 15 dias.

Financeiro - Delta Saude",pass,pass,4814,planilha.xlsx,,0
phish-0046@gmail.com,Correios Seguranca,suporte@gmail.com,,Processo judicial em seu nome - intimacao eletronica,"Sua assinatura foi suspensa por falha na cobranca. Atualize seu cadastro em https://cutt.ly/ykzs3k2 para reativar o acesso agora mesmo.

Equipe Correios",softfail,fail,77,fatura.html,https://cutt.ly/ykzs3k2,1
legit-0055@sigmaalimentos.com.br,Paula Costa,paula.silva@sigmaalimentos.com.br,,Pagamento via pix ao fornecedor - confirmacao,"Ola Paula,

Segue o resumo do que combinamos na reuniao e os proximos passos do projeto Dunas. Qualquer ajuste me avise ate terca.

Abraco,
Paula
Sigma Alimentos",none,pass,887,contrato.docx,,0
legit-0590@vegalog.com.br,Igor Silva,igor.souza@vegalog.com.br,,Contrato 232 para assinatura,"Hi Rafael,

Please find attached the updated forecast for vendas. The numbers were reviewed with the regional team. Let us discuss on quarta.

Best regards,
Igor",pass,pass,1767,contrato.docx,,0
legit-0096@atlasenergia.com.br,Mariana Costa,mariana.souza@atlasenergia.com.br,,Convite: alinhamento do projeto Everest,"Pessoal,

A pauta do comite de operacoes esta definida: orcamento, contratacoes e o roadmap do projeto Everest. Chamada no calendario para quarta.

Mariana",none,pass,6257,,,0
legit-0141@atlasenergia.com.br,Otavio Costa,otavio.souza@atlasenergia.com.br,,Follow-up da call de ontem,"Oi,

Segue a segunda via do boleto do fornecedor. O pagamento pode ser feito via pix pela conta da empresa. O comprovante de pagamento esta em anexo.

Otavio - Atlas Energia",pass,pass,1026,,,0
legit-0675@atlasenergia.com.br,Bruno Souza,bruno.costa@atlasenergia.com.br,,Ata da reuniao de segunda,"Bom dia,

Segue a nota fiscal 994 do servico de consultoria prestado em junho. O pagamento segue o combinado, boleto com vencimento em 15 dias.

Financeiro - Atlas Energia",none,pass,6430,ata.pdf,,0
phish-0071@gmail.com,PicPay Seguranca,seguranca@gmail.com,,Processo judicial em seu nome - intimacao eletronica,"Sua fatura esta em atraso e o nome sera negativado.

Acesse http://meupicpay.work/atualizar.php?id=1krxzwsz9l e emita a segunda via do boleto para evitar restricao no seu CPF.

Setor de Cobranca PicPay",pass,pass,2274,fatura.html,http://meupicpay.work/atualizar.php?id=1krxzwsz9l,1
phish-0147@centralsantander.icu,Diego Reis,seguranca@centralsantander.icu,retorno51@yandex.com,Assinatura Santander suspensa: atualize a forma de pagamento,"Parabens! Voce foi selecionado no sorteio Santander e tem um premio de R$ 5.000 para resgatar. Clique aqui: http://centralsantander.icu/acesso.php?id=jl0z8i2ksn

Vagas limitadas, resgate seu premio em 24 horas.",none,none,70,,http://centralsantander.icu/acesso.php?id=jl0z8i2ksn,1
phish-bec-0015@prismavarejo.com.br,Igor Souza,igor.silva@prismavarejo.com.br,,Resultado do teste de carga no ambiente de homologacao,"Oi,

Segue a segunda via do boleto do fornecedor. O pagamento pode ser feito via pix pela conta da empresa. O comprovante de pagamento esta em anexo.

Igor - Prisma Varejo",pass,pass,1612,planilha.xlsx,,1
legit-0120@oriontelecom.com.br,Gustavo Costa,gustavo.costa@oriontelecom.com.br,,Follow-up da call de ontem,"Bruno,

O cliente pediu retorno urgente sobre a proposta. Verifique agora se a versao no portal esta correta: https://oriontelecom.com.br/propostas/902

Obrigado,
Gustavo",pass,pass,4261,backup.zip,,0
legit-0751@sigmaalimentos.com.br,Eduardo Souza,eduardo.souza@sigmaalimentos.com.br,,Urgente: cliente Sigma Alimentos pediu retorno hoje,"Bom dia,

Segue a nota fiscal 173 do servico de consultoria prestado em fevereiro. O pagamento segue o combinado, boleto com vencimento em 15 dias.

Financeiro - Sigma Alimentos",pass,pass,3346,ata.pdf,,0
phish-bec-0011@oriontelecom.com.br,Rafael Souza,rafael.souza@oriontelecom.com.br,rafael.financeiro@oriontelecom.com.br,Sobre o pagamento de ontem,"Oi Bruno,

O pagamento de ontem nao caiu na nossa conta. Consegue verificar com o financeiro e me responder ainda hoje? Estou em reuniao, prefiro por e-mail.

Rafael",pass,pass,2417,documento.pdf,,1
legit-0062@norteseguros.com.br,Ana Souza,ana.souza@norteseguros.com.br,ana@rio parceiro.com.br,Atualizacao do cronograma do projeto Baobab,"Hi Igor,

Please find attached the updated forecast for vendas. The numbers were reviewed with the regional team. Let us discuss on segunda.

Best regards,
Ana",pass,pass,3211,relatorio.pdf,,0
legit-0734@oriontelecom.com.br,Diego Silva,diego.silva@oriontelecom.com.br,,Pauta do comite de vendas,"Oi,

Segue a segunda via do boleto do fornecedor. O pagamento pode ser feito via pix pela conta da empresa. O comprovante de pagamento esta em anexo.

Diego - Orion Telecom",pass,pass,5253,contrato.docx,,0
legit-0418@norteseguros.com.br,Juliana Souza,juliana.silva@norteseguros.com.br,,Reserva de sala para a apresentacao de agosto,"Time,

O deploy em homologacao foi concluido. O ambiente esta disponivel em https://homolog.norteseguros.com.br/painel para validacao funcional. Reportem os problemas pelo Jira.

Juliana",softfail,none,1939,contrato.docx,,0
legit-0003@atlasenergia.com.br,Lucas Silva,lucas.souza@atlasenergia.com.br,lucas@orioparceiro.com.br,Follow-up da call de ontem,"Oi,

Segue a segunda via do boleto do fornecedor. O pagamento pode ser feito via pix pela conta da empresa. O comprovante de pagamento esta em anexo.

Lucas - Atlas Energia",pass,pass,4665,,,0
legit-0058@vegalog.com.br,Mariana Costa,mariana.silva@vegalog.com.br,,Feedback da sprint 677,"Time,

O deploy em homologacao foi concluido. O ambiente esta disponivel em https://homolog.vegalog.com.br/painel para validacao funcional. Reportem os problemas pelo Jira.

Mariana",pass,pass,5362,planilha.xlsx,,0
legit-0223@oriontelecom.com.br,Diego Almeida,diego.costa@oriontelecom.com.br,,Resultado do teste de carga no ambiente de homologacao,"Pessoal,

A pauta do comite de vendas esta definida: orcamento, contratacoes e o roadmap do projeto Dunas. Chamada no calendario para segunda.

Diego",pass,pass,823,backup.zip,,0
legit-0616@deltasaude.com.br,Bruno Silva,bruno.silva@deltasaude.com.br,,Feedback da sprint 851,"Oi,

Segue a segunda via do boleto do fornecedor. O pagamento pode ser feito via pix pela conta da empresa. O comprovante de pagamento esta em anexo.

Bruno - Delta Saude",pass,pass,54,planilha.xlsx,,0
legit-0101@atlasenergia.com.br,Bruno Souza,bruno.costa@atlasenergia.com.br,,Verifique agora os numeros da planilha de tecnologia,"Prezados,

Encaminho o relatorio da semana 408 com os numeros de tecnologia. Os detalhes estao na planilha anexa. Podemos discutir na reuniao de terca.

Atenciosamente,
Bruno",softfail,pass,2767,planilha.xlsx,,0
legit-0696@sigmaalimentos.com.br,Mariana Costa,mariana.costa@sigmaalimentos.com.br,,Verifique agora os numeros da planilha de vendas,"Time,

O deploy em homologacao foi concluido. O ambiente esta disponivel em https://homolog.sigmaalimentos.com.br/painel para validacao funcional. Reportem os problemas pelo Jira.

Mariana",none,pass,1956,contrato.docx,,0
legit-0221@oriontelecom.com.br,Ana Costa,ana.costa@oriontelecom.com.br,ana@vegaparceiro.com.br,Segunda via do boleto do fornecedor Orion Telecom,"Oi Otavio,

Conforme conversamos, a proposta para Orion Telecom esta anexada. O prazo de validade e de 30 dias e o escopo cobre as tres frentes que voce pediu.

Obrigado,
Ana",pass,pass,1339,contrato.docx,,0
legit-0644@norteseguros.com.br,Helena Costa,helena.costa@norteseguros.com.br,,Reserva de sala para a apresentacao de janeiro,"Oi,

Segue a segunda via do boleto do fornecedor. O pagamento pode ser feito via pix pela conta da empresa. O comprovante de pagamento esta em anexo.

Helena - Norte Seguros",pass,pass,4657,,,0
legit-0004@prismavarejo.com.br,Lucas Almeida,lucas.souza@prismavarejo.com.br,,Atualizacao do cronograma do projeto Aurora,"Prezados,

Encaminho o relatorio da semana 405 com os numeros de operacoes. Os detalhes estao na planilha anexa. Podemos discutir na reuniao de terca.

Atenciosamente,
Lucas",pass,pass,5025,relatorio.pdf,,0
legit-0052@riobrancoindustria.com.br,Lucas Souza,lucas.souza@riobrancoindustria.com.br,,Reserva de sala para a apresentacao de agosto,"Bom dia,

Segue a nota fiscal 224 do servico de consultoria prestado em agosto. O pagamento segue o combinado, boleto com vencimento em 15 dias.

Financeiro - Rio Branco Industria",pass,pass,3108,ata.pdf,,0
legit-0017@sigmaalimentos.com.br,Carla Almeida,carla.costa@sigmaalimentos.com.br,,Pagamento via pix ao fornecedor - confirmacao,"Bom dia,

Segue a nota fiscal 339 do servico de consultoria prestado em maio. O pagamento segue o combinado, boleto com vencimento em 15 dias.

Financeiro - Sigma Alimentos",pass,pass,5781,ata.pdf,,0
legit-0719@vegalog.com.br,Fernanda Almeida,fernanda.souza@vegalog.com.br,,Resultado do teste de carga no ambiente de homologacao,"Pessoal,

A pauta do comite de suprimentos esta definida: orcamento, contratacoes e o roadmap do projeto Dunas. Chamada no calendario para sexta.

Fernanda",pass,pass,2944,relatorio.pdf,,0
phish-0118@cutt.ly,Fernanda Lima,suporte@cutt.ly,retorno65@gmail.com,Pix nao autorizado detectado na sua conta Nubank,"Informamos que sua restituicao foi liberada. Para receber o valor via pix, confirme seus dados bancarios em https://cutt.ly/a9lafwa

O prazo final para resgate expira hoje.

Receita Federal - Nubank",pass,pass,3088,nota.pdf.zip,https://cutt.ly/a9lafwa,1
legit-0306@deltasaude.com.br,Lucas Costa,lucas.silva@deltasaude.com.br,,Ata da reuniao de quarta,"Hi Otavio,

Please find attached the updated forecast for vendas. The numbers were reviewed with the regional team. Let us discuss on quarta.

Best regards,
Lucas",pass,pass,1155,contrato.docx,,0
legit-0736@atlasenergia.com.br,Otavio Souza,otavio.souza@atlasenergia.com.br,,Nota fiscal 597 referente ao servico de consultoria,"Prezados,

Encaminho o relatorio da semana 597 com os numeros de tecnologia. Os detalhes estao na planilha anexa. Podemos discutir na reuniao de segunda.

Atenciosamente,
Otavio",pass,pass,47,contrato.docx,,0
legit-0155@atlasenergia.com.br,Diego Costa,diego.souza@atlasenergia.com.br,,Verifique agora os numeros da planilha de suprimentos,"Oi Lucas,

Conforme conversamos, a proposta para Atlas Energia esta anexada. O prazo de validade e de 30 dias e o escopo cobre as tres frentes que voce pediu.

Obrigado,
Diego",pass,pass,6745,contrato.docx,,0
legit-0442@norteseguros.com.br,Diego Almeida,diego.silva@norteseguros.com.br,,Nota fiscal 918 referente ao servico de consultoria,"Pessoal,

A pauta do comite de suprimentos esta definida: orcamento, contratacoes e o roadmap do projeto Cobalto. Chamada no calendario para quinta.

Diego

Canal oficial do banco: https://netflix.com/empresas",none,pass,2361,ata.pdf,,0
phish-0103@encurtador.com.br,Correios Cobranca,suporte@encurtador.com.br,,Processo judicial em seu nome - intimacao eletronica,"Detectamos um pix nao autorizado de R$ 4.780,00 na sua conta. Se nao reconhece, cancele imediatamente: https://encurtador.com.br/u1ajco1

Informe sua senha de 6 digitos para validar o cancelamento.

Seguranca Correios",fail,none,28,,https://encurtador.com.br/u1ajco1,1
legit-0248@vegalog.com.br,Otavio Silva,otavio.souza@vegalog.com.br,,Fechamento contabil de junho,"Diego, tudo bem?

Revisei o documento e deixei comentarios nas secoes 2 e 4. A versao consolidada esta em https://docs.google.com/document/d/vqi6qax729ygksuompoh62

Abraco,
Otavio",pass,pass,3891,ata.pdf,,0
legit-0249@vegalog.com.br,Lucas Silva,lucas.silva@vegalog.com.br,,Convite: alinhamento do projeto Cobalto,"Ola Eduardo,

Segue o resumo do que combinamos na reuniao e os proximos passos do projeto Cobalto. Qualquer ajuste me avise ate quinta.

Abraco,
Lucas
Vega Log

Canal oficial do banco: https://netflix.com/empresas",softfail,none,2411,backup.zip,,0
legit-0358@prismavarejo.com.br,Carla Costa,carla.costa@prismavarejo.com.br,carla@sigmparceiro.com.br,Segunda via do boleto do fornecedor Prisma Varejo,"Time,

O deploy em homologacao foi concluido. O ambiente esta disponivel em https://homolog.prismavarejo.com.br/painel para validacao funcional. Reportem os problemas pelo Jira.

Carla",softfail,pass,3585,,,0
legit-0437@sigmaalimentos.com.br,Juliana Costa,juliana.souza@sigmaalimentos.com.br,,Feedback da sprint 270,"Hi Igor,

Please find attached the updated forecast for tecnologia. The numbers were reviewed with the regional team. Let us discuss on terca.

Best regards,
Juliana

Canal oficial do banco: https://santander.com.br/empresas",pass,none,3025,,,0
phish-0128@bit.ly,Itau Cobranca,seguranca@bit.ly,,URGENTE: sua conta Itau sera bloqueada em 24 horas,"Sua encomenda esta retida na alfandega por pendencia de taxa. Regularize em https://bit.ly/ivafzj9 para liberar a entrega.

Nao ignore este ultimo aviso.

Itau",none,none,7,comprovante.zip,https://bit.ly/ivafzj9,1
phish-0058@netflix.rh5gdrli.com,Netflix Seguranca,suporte@netflix.rh5gdrli.com,,Pix nao autorizado detectado na sua conta Netflix,"Sua encomenda esta retida na alfandega por pendencia de taxa. Regularize em https://netflix.rh5gdrli.com/seguranca/validacao para liberar a entrega.

Nao ignore este ultimo aviso.

Netflix",none,none,32,nota.pdf.zip,https://netflix.rh5gdrli.com/seguranca/validacao,1
legit-0030@prismavarejo.com.br,Otavio Almeida,otavio.souza@prismavarejo.com.br,,Ferias aprovadas - Bruno,"Hi Bruno,

Please find attached the updated forecast for tecnologia. The numbers were reviewed with the regional team. Let us discuss on quarta.

Best regards,
Otavio",pass,pass,4120,backup.zip,,0
legit-0691@prismavarejo.com.br,Carla Costa,carla.costa@prismavarejo.com.br,,Fechamento contabil de julho,"Hi Juliana,

Please find attached the updated forecast for suprimentos. The numbers were reviewed with the regional team. Let us discuss on quarta.

Best regards,
Carla

Link rapido: https://encurtador.com.br/t67k6b",pass,fail,5337,ata.pdf,,0
phish-0170@magalu.p6k7qex5.com,Magalu Seguranca,atendimento@magalu.p6k7qex5.com,,Comprovante de pagamento em anexo - confira agora,"Sua assinatura foi suspensa por falha na cobranca. Atualize seu cadastro em https://magalu.p6k7qex5.com/seguranca/validacao para reativar o acesso agora mesmo.

Equipe Magalu",fail,fail,42,fatura.html,https://magalu.p6k7qex5.com/seguranca/validacao,1
legit-0117@oriontelecom.com.br,Lucas Costa,lucas.costa@oriontelecom.com.br,,Nota fiscal 612 referente ao servico de consultoria,"Hi Lucas,

Please find attached the updated forecast for tecnologia. The numbers were reviewed with the regional team. Let us discuss on terca.

Best regards,
Lucas",pass,fail,3111,,,0
legit-0569@norteseguros.com.br,Nara Silva,nara.costa@norteseguros.com.br,,Relatorio semanal de vendas - semana 444,"Ana,

O cliente pediu retorno urgente sobre a proposta. Verifique agora se a versao no portal esta correta: https://norteseguros.com.br/propostas/444

Obrigado,
Nara",pass,pass,4835,backup.zip,,0
legit-0116@oriontelecom.com.br,Fernanda Almeida,fernanda.costa@oriontelecom.com.br,,Fechamento contabil de junho,"Carla,

O cliente pediu retorno urgente sobre a proposta. Verifique agora se a versao no portal esta correta: https://oriontelecom.com.br/propostas/945

Obrigado,
Fernanda",pass,pass,2568,,,0
legit-0699@oriontelecom.com.br,Lucas Silva,lucas.silva@oriontelecom.com.br,,Follow-up da call de ontem,"Prezados,

Encaminho o relatorio da semana 946 com os numeros de financeiro. Os detalhes estao na planilha anexa. Podemos discutir na reuniao de terca.

Atenciosamente,
Lucas",pass,pass,6027,backup.zip,,0
legit-0642@vegalog.com.br,Rafael Costa,rafael.costa@vegalog.com.br,,Ata da reuniao de quarta,"Time,

O deploy em homologacao foi concluido. O ambiente esta disponivel em https://homolog.vegalog.com.br/painel para validacao funcional. Reportem os problemas pelo Jira.

Rafael

Canal oficial do banco: https://correios.com.br/empresas",pass,pass,3768,planilha.xlsx,,0
legit-0291@deltasaude.com.br,Lucas Souza,lucas.souza@deltasaude.com.br,,Follow-up da call de ontem,"Pessoal,

A pauta do comite de vendas esta definida: orcamento, contratacoes e o roadmap do projeto Farol. Chamada no calendario para segunda.

Lucas",pass,pass,2563,,,0
legit-0027@deltasaude.com.br,Otavio Silva,otavio.silva@deltasaude.com.br,,Contrato 717 para assinatura,"Oi Eduardo,

Conforme conversamos, a proposta para Delta Saude esta anexada. O prazo de validade e de 30 dias e o escopo cobre as tres frentes que voce pediu.

Obrigado,
Otavio",pass,pass,1442,planilha.xlsx,,0
legit-0381@deltasaude.com.br,Carla Souza,carla.costa@deltasaude.com.br,,Onboarding do novo analista de suprimentos,"Diego,

O cliente pediu retorno urgente sobre a proposta. Verifique agora se a versao no portal esta correta: https://deltasaude.com.br/propostas/971

Obrigado,
Carla",pass,pass,5884,backup.zip,,0
legit-0307@riobrancoindustria.com.br,Carla Costa,carla.costa@riobrancoindustria.com.br,,Segunda via do boleto do fornecedor Rio Branco Industria,"Gustavo, tudo bem?

Revisei o documento e deixei comentarios nas secoes 2 e 4. A versao consolidada esta em https://docs.google.com/document/d/ixp73f58ni82d86tf1jsoh

Abraco,
Carla",pass,pass,4214,,,0
phish-bec-0028@atlasenergia.com.br,Paula Almeida,paula.silva@atlasenergia.com.br,paula.financeiro@atlasenergia.com.br,Fechamento contabil de junho,"Mariana, tudo bem?

Revisei o documento e deixei comentarios nas secoes 2 e 4. A versao consolidada esta em https://docs.google.com/document/d/ee7mswtzdy733xichja39q

Abraco,
Paula",pass,pass,1003,relatorio.pdf,,1
legit-0572@sigmaalimentos.com.br,Ana Souza,ana.silva@sigmaalimentos.com.br,ana@nortparceiro.com.br,Atualizacao do cronograma do projeto Aurora,"Oi Nara,

Conforme conversamos, a proposta para Sigma Alimentos esta anexada. O prazo de validade e de 30 dias e o escopo cobre as tres frentes que voce pediu.

Obrigado,
Ana",pass,pass,6656,ata.pdf,,0
legit-0200@deltasaude.com.br,Rafael Costa,rafael.silva@deltasaude.com.br,rafael@sigmparceiro.com.br,Nota fiscal 650 referente ao servico de consultoria,"Ola Rafael,

Segue o resumo do que combinamos na reuniao e os proximos passos do projeto Cobalto. Qualquer ajuste me avise ate quinta.

Abraco,
Rafael
Delta Saude",pass,pass,6053,backup.zip,,0
phish-0165@is.gd,Igor Reis,seguranca@is.gd,,"Magalu: token de seguranca expirado, atualize seu cadastro","Sua encomenda esta retida na alfandega por pendencia de taxa. Regularize em https://is.gd/hgnh0eq para liberar a entrega.

Nao ignore este ultimo aviso.

Magalu",fail,fail,16,fatura.html,https://is.gd/hgnh0eq,1
legit-0385@vegalog.com.br,Nara Costa,nara.silva@vegalog.com.br,,Resultado do teste de carga no ambiente de homologacao,"Paula,

O cliente pediu retorno urgente sobre a proposta. Verifique agora se a versao no portal esta correta: https://vegalog.com.br/propostas/559

Obrigado,
Nara",pass,pass,6621,backup.zip,,0
legit-0689@riobrancoindustria.com.br,Igor Silva,igor.souza@riobrancoindustria.com.br,,Resultado do teste de carga no ambiente de homologacao,"Prezados,

Encaminho o relatorio da semana 727 com os numeros de juridico. Os detalhes estao na planilha anexa. Podemos discutir na reuniao de terca.

Atenciosamente,
Igor",pass,pass,2385,planilha.xlsx,,0
legit-0707@deltasaude.com.br,Diego Souza,diego.costa@deltasaude.com.br,,Follow-up da call de ontem,"Oi,

Segue a segunda via do boleto do fornecedor. O pagamento pode ser feito via pix pela conta da empresa. O comprovante de pagamento esta em anexo.

Diego - Delta Saude",none,pass,4011,ata.pdf,,0
phish-0113@gmail.com,Carla Reis,seguranca@gmail.com,retorno35@gmail.com,Voce foi selecionado! Premio de R$ 5.000 do Nubank,"Detectamos um pix nao autorizado de R$ 4.780,00 na sua conta. Se nao reconhece, cancele imediatamente: http://nubank-atendimento.xyz/login.php?id=6a5hg77w1w

Informe sua senha de 6 digitos para validar o cancelamento.

Seguranca Nubank",fail,fail,79,fatura.html,http://nubank-atendimento.xyz/login.php?id=6a5hg77w1w,1
phish-bec-0008@deltasaude.com.br,Juliana Almeida,juliana.costa@deltasaude.com.br,juliana.financeiro@deltasaude.com.br,Convite: alinhamento do projeto Baobab,"Bom dia,

Segue a nota fiscal 226 do servico de consultoria prestado em agosto. O pagamento segue o combinado, boleto com vencimento em 15 dias.

Financeiro - Delta Saude",pass,pass,4274,,,1
legit-0518@vegalog.com.br,Carla Souza,carla.costa@vegalog.com.br,,Onboarding do novo analista de operacoes,"Prezados,

Encaminho o relatorio da semana 822 com os numeros de operacoes. Os detalhes estao na planilha anexa. Podemos discutir na reuniao de quarta.

Atenciosamente,
Carla",pass,pass,5909,relatorio.pdf,,0
legit-0314@norteseguros.com.br,Nara Costa,nara.souza@norteseguros.com.br,,Atualizacao do cronograma do projeto Baobab,"Time,

O deploy em homologacao foi concluido. O ambiente esta disponivel em https://homolog.norteseguros.com.br/painel para validacao funcional. Reportem os problemas pelo Jira.

Nara

Link rapido: https://is.gd/2pi6wu",pass,pass,2050,backup.zip,,0
legit-0706@deltasaude.com.br,Juliana Souza,juliana.souza@deltasaude.com.br,,Convite: alinhamento do projeto Cobalto,"Time,

O deploy em homologacao foi concluido. O ambiente esta disponivel em https://homolog.deltasaude.com.br/painel para validacao funcional. Reportem os problemas pelo Jira.

Juliana

Link rapido: https://encurtador.com.br/6wf9ix",pass,fail,2324,relatorio.pdf,,0
legit-0280@prismavarejo.com.br,Helena Souza,helena.silva@prismavarejo.com.br,,Resultado do teste de carga no ambiente de homologacao,"Rafael,

O cliente pediu retorno urgente sobre a proposta. Verifique agora se a versao no portal esta correta: https://prismavarejo.com.br/propostas/675

Obrigado,
Helena

Link rapido: https://encurtador.com.br/z0ze79",pass,pass,954,ata.pdf,,0
phish-0156@tinyurl.com,Diego Lima,nao-responda@tinyurl.com,,Pix nao autorizado detectado na sua conta PicPay,"Sua assinatura foi suspensa por falha na cobranca. Atualize seu cadastro em https://tinyurl.com/2p5m10i para reativar o acesso agora mesmo.

Equipe PicPay",softfail,fail,73,documento.exe,https://tinyurl.com/2p5m10i,1
legit-0732@deltasaude.com.br,Juliana Costa,juliana.souza@deltasaude.com.br,,Follow-up da call de ontem,"Helena, tudo bem?

Revisei o documento e deixei comentarios nas secoes 2 e 4. A versao consolidada esta em https://docs.google.com/document/d/zsj3ozqa4a86dwm7b1rajl

Abraco,
Juliana",pass,pass,3368,backup.zip,,0
legit-0353@riobrancoindustria.com.br,Igor Costa,igor.costa@riobrancoindustria.com.br,,Ata da reuniao de sexta,"Bruno, tudo bem?

Revisei o documento e deixei comentarios nas secoes 2 e 4. A versao consolidada esta em https://docs.google.com/document/d/dwuniw13z8xyy9bp9z2w9v

Abraco,
Igor",softfail,pass,1007,,,0
legit-0621@sigmaalimentos.com.br,Rafael Almeida,rafael.costa@sigmaalimentos.com.br,,Resultado do teste de carga no ambiente de homologacao,"Pessoal,

A pauta do comite de financeiro esta definida: orcamento, contratacoes e o roadmap do projeto Aurora. Chamada no calendario para quarta.

Rafael",pass,pass,3410,planilha.xlsx,,0
legit-0207@oriontelecom.com.br,Eduardo Costa,eduardo.costa@oriontelecom.com.br,,Ferias aprovadas - Gustavo,"Oi Gustavo,

Conforme conversamos, a proposta para Orion Telecom esta anexada. O prazo de validade e de 30 dias e o escopo cobre as tres frentes que voce pediu.

Obrigado,
Eduardo",pass,pass,2312,relatorio.pdf,,0
legit-0379@prismavarejo.com.br,Gustavo Almeida,gustavo.souza@prismavarejo.com.br,,Segunda via do boleto do fornecedor Prisma Varejo,"Paula,

O cliente pediu retorno urgente sobre a proposta. Verifique agora se a versao no portal esta correta: https://prismavarejo.com.br/propostas/876

Obrigado,
Gustavo",pass,pass,5113,,,0
legit-0739@oriontelecom.com.br,Fernanda Silva,fernanda.silva@oriontelecom.com.br,,Resultado do teste de carga no ambiente de homologacao,"Bruno,

O cliente pediu retorno urgente sobre a proposta. Verifique agora se a versao no portal esta correta: https://oriontelecom.com.br/propostas/218

Obrigado,
Fernanda",pass,pass,2328,contrato.docx,,0
legit-0412@vegalog.com.br,Bruno Souza,bruno.silva@vegalog.com.br,bruno@orioparceiro.com.br,Pagamento via pix ao fornecedor - confirmacao,"Oi Mariana,

Conforme conversamos, a proposta para Vega Log esta anexada. O prazo de validade e de 30 dias e o escopo cobre as tres frentes que voce pediu.

Obrigado,
Bruno",pass,pass,993,backup.zip,,0
phish-bec-0005@sigmaalimentos.com.br,Nara Silva,nara.costa@sigmaalimentos.com.br,nara.financeiro@sigmaalimentos.com.br,Sobre o pagamento de ontem,"Oi Nara,

O pagamento de ontem nao caiu na nossa conta. Consegue verificar com o financeiro e me responder ainda hoje? Estou em reuniao, prefiro por e-mail.

Nara",pass,pass,6240,planilha.xlsx,,1
legit-0023@deltasaude.com.br,Mariana Costa,mariana.souza@deltasaude.com.br,,Proposta comercial Delta Saude,"Diego, tudo bem?

Revisei o documento e deixei comentarios nas secoes 2 e 4. A versao consolidada esta em https://docs.google.com/document/d/723o2vh7cgyosui35obmex

Abraco,
Mariana",pass,fail,2954,planilha.xlsx,,0
legit-0340@oriontelecom.com.br,Helena Souza,helena.costa@oriontelecom.com.br,,Onboarding do novo analista de juridico,"Bom dia,

Segue a nota fiscal 606 do servico de consultoria prestado em junho. O pagamento segue o combinado, boleto com vencimento em 15 dias.

Financeiro - Orion Telecom",pass,pass,6661,relatorio.pdf,,0
legit-0671@sigmaalimentos.com.br,Paula Silva,paula.souza@sigmaalimentos.com.br,,Relatorio semanal de vendas - semana 779,"Pessoal,

A pauta do comite de operacoes esta definida: orcamento, contratacoes e o roadmap do projeto Cobalto. Chamada no calendario para quinta.

Paula",pass,pass,3132,ata.pdf,,0
phish-0202@receita-clientes.sbs,Receita Federal Atendimento,atendimento@receita-clientes.sbs,retorno19@mail.ru,Processo judicial em seu nome - intimacao eletronica,"Detectamos um pix nao autorizado de R$ 4.780,00 na sua conta. Se nao reconhece, cancele imediatamente: http://receita-clientes.sbs/acesso.php?id=2edxrai5l1

Informe sua senha de 6 digitos para validar o cancelamento.

Seguranca Receita Federal",none,none,49,documento.exe,http://receita-clientes.sbs/acesso.php?id=2edxrai5l1,1
legit-0154@atlasenergia.com.br,Rafael Costa,rafael.souza@atlasenergia.com.br,rafael@vegaparceiro.com.br,Atualizacao do cronograma do projeto Everest,"Oi Otavio,

Conforme conversamos, a proposta para Atlas Energia esta anexada. O prazo de validade e de 30 dias e o escopo cobre as tres frentes que voce pediu.

Obrigado,
Rafael",pass,pass,5937,planilha.xlsx,,0
phish-0069@outlook.com,Serasa Central,atendimento@outlook.com,,Assinatura Serasa suspensa: atualize a forma de pagamento,"Informamos que sua restituicao foi liberada. Para receber o valor via pix, confirme seus dados bancarios em http://208.236.2.250/serasa/login

O prazo final para resgate expira hoje.

Receita Federal - Serasa",none,none,59,documento.exe,http://208.236.2.250/serasa/login,1
phish-0177@gmail.com,Correios Atendimento,suporte@gmail.com,retorno42@gmail.com,Voce foi selecionado! Premio de R$ 5.000 do Correios,"Sua encomenda esta retida na alfandega por pendencia de taxa. Regularize em http://35.69.78.66/correios/login para liberar a entrega.

Nao ignore este ultimo aviso.

Correios",softfail,fail,72,documento.exe,http://35.69.78.66/correios/login,1
legit-0635@sigmaalimentos.com.br,Paula Silva,paula.souza@sigmaalimentos.com.br,,Onboarding do novo analista de juridico,"Oi,

Segue a segunda via do boleto do fornecedor. O pagamento pode ser feito via pix pela conta da empresa. O comprovante de pagamento esta em anexo.

Paula - Sigma Alimentos",pass,pass,3894,backup.zip,,0
phish-0139@correios-clientes.sbs,Juliana Reis,nao-responda@correios-clientes.sbs,,Pix nao autorizado detectado na sua conta Correios,"Sua encomenda esta retida na alfandega por pendencia de taxa. Regularize em http://correios-clientes.sbs/atualizar.php?id=4y8wi6lgt6 para liberar a entrega.

Nao ignore este ultimo aviso.

Correios",none,none,44,,http://correios-clientes.sbs/atualizar.php?id=4y8wi6lgt6,1
legit-0322@oriontelecom.com.br,Paula Costa,paula.silva@oriontelecom.com.br,,Atualizacao do cronograma do projeto Farol,"Bom dia,

Segue a nota fiscal 641 do servico de consultoria prestado em agosto. O pagamento segue o combinado, boleto com vencimento em 15 dias.

Financeiro - Orion Telecom",pass,pass,6049,planilha.xlsx,,0
phish-0193@encurtador.com.br,Lucas Reis,atendimento@encurtador.com.br,,Restituicao do IRPF liberada - resgate seu valor hoje,"Segue em anexo o comprovante de pagamento. Abra o documento e confirme os dados em https://encurtador.com.br/nf4gdan para dar baixa na pendencia.

Departamento Financeiro Correios",softfail,fail,40,comprovante.zip,https://encurtador.com.br/nf4gdan,1
legit-0578@norteseguros.com.br,Rafael Silva,rafael.costa@norteseguros.com.br,,Relatorio semanal de vendas - semana 956,"Prezados,

Encaminho o relatorio da semana 956 com os numeros de vendas. Os detalhes estao na planilha anexa. Podemos discutir na reuniao de sexta.

Atenciosamente,
Rafael",pass,pass,6335,,,0
legit-0563@vegalog.com.br,Otavio Almeida,otavio.costa@vegalog.com.br,,Onboarding do novo analista de juridico,"Igor,

O cliente pediu retorno urgente sobre a proposta. Verifique agora se a versao no portal esta correta: https://vegalog.com.br/propostas/165

Obrigado,
Otavio",pass,pass,3649,backup.zip,,0
legit-0547@deltasaude.com.br,Carla Almeida,carla.souza@deltasaude.com.br,,Contrato 473 para assinatura,"Hi Nara,

Please find attached the updated forecast for vendas. The numbers were reviewed with the regional team. Let us discuss on sexta.

Best regards,
Carla",pass,pass,3619,ata.pdf,,0
legit-0262@deltasaude.com.br,Nara Almeida,nara.silva@deltasaude.com.br,,Ata da reuniao de terca,"Otavio,

O cliente pediu retorno urgente sobre a proposta. Verifique agora se a versao no portal esta correta: https://deltasaude.com.br/propostas/418

Obrigado,
Nara",pass,pass,2536,contrato.docx,,0
legit-0457@deltasaude.com.br,Otavio Almeida,otavio.costa@deltasaude.com.br,,Fechamento contabil de janeiro,"Ola Fernanda,

Segue o resumo do que combinamos na reuniao e os proximos passos do projeto Aurora. Qualquer ajuste me avise ate sexta.

Abraco,
Otavio
Delta Saude",pass,pass,2916,relatorio.pdf,,0
legit-0082@norteseguros.com.br,Carla Souza,carla.costa@norteseguros.com.br,,Atualizacao do cronograma do projeto Farol,"Bom dia,

Segue a nota fiscal 431 do servico de consultoria prestado em maio. O pagamento segue o combinado, boleto com vencimento em 15 dias.

Financeiro - Norte Seguros",pass,pass,1978,ata.pdf,,0
legit-0618@atlasenergia.com.br,Carla Silva,carla.silva@atlasenergia.com.br,,Nota fiscal 140 referente ao servico de consultoria,"Pessoal,

A pauta do comite de vendas esta definida: orcamento, contratacoes e o roadmap do projeto Everest. Chamada no calendario para quarta.

Carla",pass,pass,2501,backup.zip,,0
legit-0407@deltasaude.com.br,Diego Almeida,diego.silva@deltasaude.com.br,,Onboarding do novo analista de juridico,"Hi Lucas,

Please find attached the updated forecast for juridico. The numbers were reviewed with the regional team. Let us discuss on sexta.

Best regards,
Diego",pass,pass,769,relatorio.pdf,,0
legit-0452@riobrancoindustria.com.br,Juliana Souza,juliana.souza@riobrancoindustria.com.br,,Resultado do teste de carga no ambiente de homologacao,"Hi Diego,

Please find attached the updated forecast for tecnologia. The numbers were reviewed with the regional team. Let us discuss on segunda.

Best regards,
Juliana",pass,pass,4093,contrato.docx,,0
legit-0464@atlasenergia.com.br,Igor Costa,igor.silva@atlasenergia.com.br,,Verifique agora os numeros da planilha de suprimentos,"Hi Carla,

Please find attached the updated forecast for suprimentos. The numbers were reviewed with the regional team. Let us discuss on segunda.

Best regards,
Igor",pass,pass,6674,ata.pdf,,0
phish-0172@centralmercadopago.icu,Mercado Pago Seguranca,suporte@centralmercadopago.icu,,URGENTE: sua conta Mercado Pago sera bloqueada em 24 horas,"Segue em anexo o comprovante de pagamento. Abra o documento e confirme os dados em http://centralmercadopago.icu/atualizar.php?id=2to06cj9rc para dar baixa na pendencia.

Departamento Financeiro Mercado Pago",none,fail,48,fatura.html,http://centralmercadopago.icu/atualizar.php?id=2to06cj9rc,1
phish-0052@mercadopago.ydnlzeha.com,Fernanda Reis,suporte@mercadopago.ydnlzeha.com,retorno33@gmail.com,URGENTE: sua conta Mercado Pago sera bloqueada em 24 horas,"Sua assinatura foi suspensa por falha na cobranca. Atualize seu cadastro em https://mercadopago.ydnlzeha.com/seguranca/validacao para reativar o acesso agora mesmo.

Equipe Mercado Pago",fail,none,29,documento.exe,https://mercadopago.ydnlzeha.com/seguranca/validacao,1
legit-0038@deltasaude.com.br,Juliana Almeida,juliana.silva@deltasaude.com.br,,Pauta do comite de tecnologia,"Time,

O deploy em homologacao foi concluido. O ambiente esta disponivel em https://homolog.deltasaude.com.br/painel para validacao funcional. Reportem os problemas pelo Jira.

Juliana",pass,pass,130,backup.zip,,0
legit-0417@prismavarejo.com.br,Juliana Silva,juliana.silva@prismavarejo.com.br,juliana@prisparceiro.com.br,Segunda via do boleto do fornecedor Prisma Varejo,"Time,

O deploy em homologacao foi concluido. O ambiente esta disponivel em https://homolog.prismavarejo.com.br/painel para validacao funcional. Reportem os problemas pelo Jira.

Juliana",pass,pass,6289,planilha.xlsx,,0
legit-0163@sigmaalimentos.com.br,Nara Souza,nara.silva@sigmaalimentos.com.br,,Contrato 251 para assinatura,"Ola Helena,

Segue o resumo do que combinamos na reuniao e os proximos passos do projeto Aurora. Qualquer ajuste me avise ate quinta.

Abraco,
Nara
Sigma Alimentos",pass,pass,5844,ata.pdf,,0
legit-0333@prismavarejo.com.br,Lucas Souza,lucas.costa@prismavarejo.com.br,,Nota fiscal 337 referente ao servico de consultoria,"Oi Carla,

Conforme conversamos, a proposta para Prisma Varejo esta anexada. O prazo de validade e de 30 dias e o escopo cobre as tres frentes que voce pediu.

Obrigado,
Lucas

Link rapido: https://encurtador.com.br/bgdwv4",softfail,pass,6880,backup.zip,,0
legit-0010@deltasaude.com.br,Juliana Costa,juliana.costa@deltasaude.com.br,,Relatorio semanal de vendas - semana 137,"Eduardo,

O cliente pediu retorno urgente sobre a proposta. Verifique agora se a versao no portal esta correta: https://deltasaude.com.br/propostas/137

Obrigado,
Juliana

Link rapido: https://encurtador.com.br/222j4z",softfail,pass,2869,,,0
legit-0544@riobrancoindustria.com.br,Mariana Costa,mariana.costa@riobrancoindustria.com.br,,Atualizacao do cronograma do projeto Dunas,"Oi Carla,

Conforme conversamos, a proposta para Rio Branco Industria esta anexada. O prazo de validade e de 30 dias e o escopo cobre as tres frentes que voce pediu.

Obrigado,
Mariana",pass,pass,784,,,0
legit-0470@riobrancoindustria.com.br,Igor Souza,igor.silva@riobrancoindustria.com.br,,Pagamento via pix ao fornecedor - confirmacao,"Time,

O deploy em homologacao foi concluido. O ambiente esta disponivel em https://homolog.riobrancoindustria.com.br/painel para validacao funcional. Reportem os problemas pelo Jira.

Igor",pass,pass,6525,relatorio.pdf,,0
legit-0319@sigmaalimentos.com.br,Juliana Costa,juliana.silva@sigmaalimentos.com.br,,Proposta comercial Sigma Alimentos,"Hi Paula,

Please find attached the updated forecast for financeiro. The numbers were reviewed with the regional team. Let us discuss on terca.

Best regards,
Juliana",pass,pass,6533,,,0
legit-0032@atlasenergia.com.br,Nara Souza,nara.souza@atlasenergia.com.br,,Relatorio semanal de vendas - semana 746,"Ola Ana,

Segue o resumo do que combinamos na reuniao e os proximos passos do projeto Baobab. Qualquer ajuste me avise ate segunda.

Abraco,
Nara
Atlas Energia",pass,pass,2151,relatorio.pdf,,0
legit-0553@deltasaude.com.br,Fernanda Silva,fernanda.costa@deltasaude.com.br,,Follow-up da call de ontem,"Bruno,

O cliente pediu retorno urgente sobre a proposta. Verifique agora se a versao no portal esta correta: https://deltasaude.com.br/propostas/463

Obrigado,
Fernanda",softfail,pass,2575,backup.zip,,0
phish-0085@hotmail.com,Bradesco Cobranca,suporte@hotmail.com,,Assinatura Bradesco suspensa: atualize a forma de pagamento,"Detectamos um pix nao autorizado de R$ 4.780,00 na sua conta. Se nao reconhece, cancele imediatamente: http://bradesco-seguro.top/login.php?id=8k68sz5dqh

Informe sua senha de 6 digitos para validar o cancelamento.

Seguranca Bradesco",softfail,none,69,,http://bradesco-seguro.top/login.php?id=8k68sz5dqh,1
legit-0658@vegalog.com.br,Mariana Costa,mariana.souza@vegalog.com.br,mariana@vegaparceiro.com.br,Feedback da sprint 311,"Igor,

O cliente pediu retorno urgente sobre a proposta. Verifique agora se a versao no portal esta correta: https://vegalog.com.br/propostas/311

Obrigado,
Mariana",pass,pass,2670,backup.zip,,0
legit-0382@sigmaalimentos.com.br,Mariana Almeida,mariana.souza@sigmaalimentos.com.br,,Reserva de sala para a apresentacao de janeiro,"Prezados,

Encaminho o relatorio da semana 828 com os numeros de operacoes. Os detalhes estao na planilha anexa. Podemos discutir na reuniao de sexta.

Atenciosamente,
Mariana",pass,pass,3620,backup.zip,,0
legit-0281@deltasaude.com.br,Diego Souza,diego.costa@deltasaude.com.br,,Urgente: cliente Delta Saude pediu retorno hoje,"Bom dia,

Segue a nota fiscal 987 do servico de consultoria prestado em junho. O pagamento segue o combinado, boleto com vencimento em 15 dias.

Financeiro - Delta Saude",pass,pass,1679,relatorio.pdf,,0
legit-0581@vegalog.com.br,Rafael Silva,rafael.souza@vegalog.com.br,,Feedback da sprint 199,"Oi Igor,

Conforme conversamos, a proposta para Vega Log esta anexada. O prazo de validade e de 30 dias e o escopo cobre as tres frentes que voce pediu.

Obrigado,
Rafael",pass,pass,5806,relatorio.pdf,,0
legit-0630@vegalog.com.br,Igor Almeida,igor.costa@vegalog.com.br,,Nota fiscal 618 referente ao servico de consultoria,"Bom dia,

Segue a nota fiscal 618 do servico de consultoria prestado em agosto. O pagamento segue o combinado, boleto com vencimento em 15 dias.

Financeiro - Vega Log",pass,pass,710,,,0
phish-0109@nubank.verifica-cliente.com,Nubank Cobranca,seguranca@nubank.verifica-cliente.com,retorno56@gmail.com,Voce foi selecionado! Premio de R$ 5.000 do Nubank,"Sua fatura esta em atraso e o nome sera negativado.

Acesse http://nubank.verifica-cliente.com/acesso.php?id=ylb6ci8k4h e emita a segunda via do boleto para evitar restricao no seu CPF.

Setor de Cobranca Nubank",softfail,fail,66,comprovante.zip,http://nubank.verifica-cliente.com/acesso.php?id=ylb6ci8k4h,1
legit-0656@oriontelecom.com.br,Otavio Almeida,otavio.souza@oriontelecom.com.br,,Relatorio semanal de vendas - semana 554,"Bom dia,

Segue a nota fiscal 554 do servico de consultoria prestado em maio. O pagamento segue o combinado, boleto com vencimento em 15 dias.

Financeiro - Orion Telecom",pass,pass,1163,planilha.xlsx,,0
phish-0117@encurtador.com.br,PicPay Cobranca,seguranca@encurtador.com.br,,ULTIMO AVISO: fatura em atraso do PicPay,"Sua encomenda esta retida na alfandega por pendencia de taxa. Regularize em https://encurtador.com.br/1ylwe3z para liberar a entrega.

Nao ignore este ultimo aviso.

PicPay",softfail,none,5,,https://encurtador.com.br/1ylwe3z,1
legit-0378@atlasenergia.com.br,Carla Souza,carla.costa@atlasenergia.com.br,,Nota fiscal 261 referente ao servico de consultoria,"Prezados,

Encaminho o relatorio da semana 261 com os numeros de suprimentos. Os detalhes estao na planilha anexa. Podemos discutir na reuniao de terca.

Atenciosamente,
Carla",pass,pass,4550,ata.pdf,,0
legit-0504@oriontelecom.com.br,Gustavo Almeida,gustavo.silva@oriontelecom.com.br,,Segunda via do boleto do fornecedor Orion Telecom,"Hi Otavio,

Please find attached the updated forecast for tecnologia. The numbers were reviewed with the regional team. Let us discuss on quarta.

Best regards,
Gustavo

Link rapido: https://cutt.ly/ggfays",pass,pass,3848,,,0
legit-0755@norteseguros.com.br,Fernanda Silva,fernanda.silva@norteseguros.com.br,,Resultado do teste de carga no ambiente de homologacao,"Mariana,

O cliente pediu retorno urgente sobre a proposta. Verifique agora se a versao no portal esta correta: https://norteseguros.com.br/propostas/535

Obrigado,
Fernanda",pass,pass,170,ata.pdf,,0
phish-0070@gmail.com,PicPay Central,atendimento@gmail.com,retorno22@gmail.com,Sua encomenda esta retida - pague a taxa de liberacao,"Detectamos um pix nao autorizado de R$ 4.780,00 na sua conta. Se nao reconhece, cancele imediatamente: https://picpay.93hhp97w.com/seguranca/validacao

Informe sua senha de 6 digitos para validar o cancelamento.

Seguranca PicPay",none,fail,63,fatura.html,https://picpay.93hhp97w.com/seguranca/validacao,1
legit-0089@prismavarejo.com.br,Juliana Almeida,juliana.silva@prismavarejo.com.br,,Proposta comercial Prisma Varejo,"Helena, tudo bem?

Revisei o documento e deixei comentarios nas secoes 2 e 4. A versao consolidada esta em https://docs.google.com/document/d/p3q8es4u2voni99wnqmutp

Abraco,
Juliana",pass,pass,2237,backup.zip,,0
legit-0213@vegalog.com.br,Lucas Souza,lucas.souza@vegalog.com.br,,Ferias aprovadas - Carla,"Hi Carla,

Please find attached the updated forecast for financeiro. The numbers were reviewed with the regional team. Let us discuss on terca.

Best regards,
Lucas",pass,pass,939,relatorio.pdf,,0
legit-0321@norteseguros.com.br,Rafael Silva,rafael.silva@norteseguros.com.br,,Ferias aprovadas - Helena,"Oi,

Segue a segunda via do boleto do fornecedor. O pagamento pode ser feito via pix pela conta da empresa. O comprovante de pagamento esta em anexo.

Rafael - Norte Seguros",pass,pass,2957,ata.pdf,,0
phish-0048@seguranca-mercadopago.click,Bruno Reis,nao-responda@seguranca-mercadopago.click,retorno16@gmail.com,Seu CPF foi negativado - regularize em 24 horas,"Informamos que sua restituicao foi liberada. Para receber o valor via pix, confirme seus dados bancarios em http://seguranca-mercadopago.click/login.php?id=1sxf5v3v9c

O prazo final para resgate expira hoje.

Receita Federal - Mercado Pago",pass,pass,1989,nota.pdf.zip,http://seguranca-mercadopago.click/login.php?id=1sxf5v3v9c,1
legit-0133@sigmaalimentos.com.br,Igor Silva,igor.silva@sigmaalimentos.com.br,,Verifique agora os numeros da planilha de financeiro,"Time,

O deploy em homologacao foi concluido. O ambiente esta disponivel em https://homolog.sigmaalimentos.com.br/painel para validacao funcional. Reportem os problemas pelo Jira.

Igor",pass,none,936,contrato.docx,,0
legit-0346@vegalog.com.br,Diego Costa,diego.costa@vegalog.com.br,,Fechamento contabil de fevereiro,"Carla,

O cliente pediu retorno urgente sobre a proposta. Verifique agora se a versao no portal esta correta: https://vegalog.com.br/propostas/551

Obrigado,
Diego",pass,pass,4723,contrato.docx,,0
legit-0043@riobrancoindustria.com.br,Otavio Costa,otavio.costa@riobrancoindustria.com.br,,Contrato 164 para assinatura,"Pessoal,

A pauta do comite de vendas esta definida: orcamento, contratacoes e o roadmap do projeto Cobalto. Chamada no calendario para quarta.

Otavio",pass,pass,2420,,,0
legit-0007@atlasenergia.com.br,Bruno Almeida,bruno.costa@atlasenergia.com.br,,Segunda via do boleto do fornecedor Atlas Energia,"Carla,

O cliente pediu retorno urgente sobre a proposta. Verifique agora se a versao no portal esta correta: https://atlasenergia.com.br/propostas/150

Obrigado,
Bruno",pass,pass,5940,ata.pdf,,0
legit-0592@atlasenergia.com.br,Carla Costa,carla.costa@atlasenergia.com.br,carla@atlaparceiro.com.br,Segunda via do boleto do fornecedor Atlas Energia,"Prezados,

Encaminho o relatorio da semana 957 com os numeros de financeiro. Os detalhes estao na planilha anexa. Podemos discutir na reuniao de sexta.

Atenciosamente,
Carla",pass,pass,6561,,,0
legit-0320@sigmaalimentos.com.br,Bruno Souza,bruno.souza@sigmaalimentos.com.br,bruno@prisparceiro.com.br,Verifique agora os numeros da planilha de juridico,"Oi Rafael,

Conforme conversamos, a proposta para Sigma Alimentos esta anexada. O prazo de validade e de 30 dias e o escopo cobre as tres frentes que voce pediu.

Obrigado,
Bruno",none,pass,6585,ata.pdf,,0
legit-0753@norteseguros.com.br,Ana Silva,ana.souza@norteseguros.com.br,,Contrato 322 para assinatura,"Bom dia,

Segue a nota fiscal 322 do servico de consultoria prestado em abril. O pagamento segue o combinado, boleto com vencimento em 15 dias.

Financeiro - Norte Seguros

Link rapido: https://is.gd/ljc0ck",pass,pass,2221,,,0
legit-0187@oriontelecom.com.br,Igor Costa,igor.souza@oriontelecom.com.br,,Fechamento contabil de abril,"Pessoal,

A pauta do comite de operacoes esta definida: orcamento, contratacoes e o roadmap do projeto Baobab. Chamada no calendario para sexta.

Igor

Link rapido: https://cutt.ly/wq7tgp",pass,pass,3248,planilha.xlsx,,0
legit-0304@riobrancoindustria.com.br,Carla Costa,carla.souza@riobrancoindustria.com.br,,Onboarding do novo analista de financeiro,"Prezados,

Encaminho o relatorio da semana 768 com os numeros de financeiro. Os detalhes estao na planilha anexa. Podemos discutir na reuniao de quinta.

Atenciosamente,
Carla",pass,pass,1438,contrato.docx,,0
legit-0031@sigmaalimentos.com.br,Carla Silva,carla.silva@sigmaalimentos.com.br,,Relatorio semanal de vendas - semana 908,"Time,

O deploy em homologacao foi concluido. O ambiente esta disponivel em https://homolog.sigmaalimentos.com.br/painel para validacao funcional. Reportem os problemas pelo Jira.

Carla

Link rapido: https://tinyurl.com/vtlr71",softfail,pass,6301,planilha.xlsx,,0
legit-0587@deltasaude.com.br,Fernanda Costa,fernanda.costa@deltasaude.com.br,,Reserva de sala para a apresentacao de julho,"Oi Diego,

Conforme conversamos, a proposta para Delta Saude esta anexada. O prazo de validade e de 30 dias e o escopo cobre as tres frentes que voce pediu.

Obrigado,
Fernanda",none,pass,1449,,,0
legit-0240@deltasaude.com.br,Gustavo Silva,gustavo.costa@deltasaude.com.br,,Nota fiscal 141 referente ao servico de consultoria,"Oi,

Segue a segunda via do boleto do fornecedor. O pagamento pode ser feito via pix pela conta da empresa. O comprovante de pagamento esta em anexo.

Gustavo - Delta Saude",pass,pass,5150,planilha.xlsx,,0
legit-0701@oriontelecom.com.br,Fernanda Silva,fernanda.costa@oriontelecom.com.br,,Verifique agora os numeros da planilha de financeiro,"Bom dia,

Segue a nota fiscal 494 do servico de consultoria prestado em maio. O pagamento segue o combinado, boleto com vencimento em 15 dias.

Financeiro - Orion Telecom

Canal oficial do banco: https://bradesco.com.br/empresas",pass,pass,6090,backup.zip,,0
legit-0174@atlasenergia.com.br,Ana Souza,ana.costa@atlasenergia.com.br,,Reserva de sala para a apresentacao de junho,"Ola Gustavo,

Segue o resumo do que combinamos na reuniao e os proximos passos do projeto Aurora. Qualquer ajuste me avise ate quinta.

Abraco,
Ana
Atlas Energia",softfail,pass,5033,contrato.docx,,0
legit-0245@sigmaalimentos.com.br,Juliana Silva,juliana.silva@sigmaalimentos.com.br,,Resultado do teste de carga no ambiente de homologacao,"Pessoal,

A pauta do comite de vendas esta definida: orcamento, contratacoes e o roadmap do projeto Cobalto. Chamada no calendario para quarta.

Juliana",pass,pass,5424,,,0
legit-0056@atlasenergia.com.br,Bruno Souza,bruno.souza@atlasenergia.com.br,,Resultado do teste de carga no ambiente de homologacao,"Igor, tudo bem?

Revisei o documento e deixei comentarios nas secoes 2 e 4. A versao consolidada esta em https://docs.google.com/document/d/9jdb9ma1fqov1w5bpsg14o

Abraco,
Bruno",none,pass,2165,relatorio.pdf,,0
legit-0724@prismavarejo.com.br,Otavio Almeida,otavio.costa@prismavarejo.com.br,,Ferias aprovadas - Mariana,"Oi Mariana,

Conforme conversamos, a proposta para Prisma Varejo esta anexada. O prazo de validade e de 30 dias e o escopo cobre as tres frentes que voce pediu.

Obrigado,
Otavio",pass,pass,5396,contrato.docx,,0
legit-0145@deltasaude.com.br,Juliana Costa,juliana.costa@deltasaude.com.br,,Verifique agora os numeros da planilha de financeiro,"Diego,

O cliente pediu retorno urgente sobre a proposta. Verifique agora se a versao no portal esta correta: https://deltasaude.com.br/propostas/229

Obrigado,
Juliana",pass,pass,2431,backup.zip,,0
legit-0090@riobrancoindustria.com.br,Bruno Silva,bruno.costa@riobrancoindustria.com.br,,Atualizacao do cronograma do projeto Cobalto,"Mariana,

O cliente pediu retorno urgente sobre a proposta. Verifique agora se a versao no portal esta correta: https://riobrancoindustria.com.br/propostas/740

Obrigado,
Bruno",pass,pass,3124,contrato.docx,,0
legit-0392@atlasenergia.com.br,Bruno Silva,bruno.silva@atlasenergia.com.br,,Contrato 131 para assinatura,"Hi Diego,

Please find attached the updated forecast for vendas. The numbers were reviewed with the regional team. Let us discuss on segunda.

Best regards,
Bruno",pass,pass,1891,relatorio.pdf,,0
legit-0310@riobrancoindustria.com.br,Nara Souza,nara.souza@riobrancoindustria.com.br,,Convite: alinhamento do projeto Everest,"Prezados,

Encaminho o relatorio da semana 868 com os numeros de vendas. Os detalhes estao na planilha anexa. Podemos discutir na reuniao de sexta.

Atenciosamente,
Nara",pass,pass,3321,ata.pdf,,0
legit-0359@deltasaude.com.br,Bruno Silva,bruno.silva@deltasaude.com.br,,Fechamento contabil de marco,"Pessoal,

A pauta do comite de vendas esta definida: orcamento, contratacoes e o roadmap do projeto Everest. Chamada no calendario para sexta.

Bruno

Canal oficial do banco: https://gov.br/empresas",pass,fail,1150,contrato.docx,,0
legit-0093@sigmaalimentos.com.br,Juliana Costa,juliana.costa@sigmaalimentos.com.br,,Onboarding do novo analista de juridico,"Mariana, tudo bem?

Revisei o documento e deixei comentarios nas secoes 2 e 4. A versao consolidada esta em https://docs.google.com/document/d/ss2ew9l2ap86kri0h8gxdb

Abraco,
Juliana",pass,pass,5087,,,0
legit-0667@oriontelecom.com.br,Diego Almeida,diego.souza@oriontelecom.com.br,,Follow-up da call de ontem,"Juliana, tudo bem?

Revisei o documento e deixei comentarios nas secoes 2 e 4. A versao consolidada esta em https://docs.google.com/document/d/3c5sb7nn6nx0sj0jqt2hvs

Abraco,
Diego

Link rapido: https://cutt.ly/dvaca1

Canal oficial do banco: https://santander.com.br/empresas",pass,pass,2223,ata.pdf,,0
legit-0723@sigmaalimentos.com.br,Nara Silva,nara.costa@sigmaalimentos.com.br,,Feedback da sprint 720,"Helena,

O cliente pediu retorno urgente sobre a proposta. Verifique agora se a versao no portal esta correta: https://sigmaalimentos.com.br/propostas/720

Obrigado,
Nara",pass,pass,5138,planilha.xlsx,,0
legit-0376@norteseguros.com.br,Gustavo Souza,gustavo.costa@norteseguros.com.br,gustavo@vegaparceiro.com.br,Ata da reuniao de terca,"Igor, tudo bem?

Revisei o documento e deixei comentarios nas secoes 2 e 4. A versao consolidada esta em https://docs.google.com/document/d/8hmflqp6ds4lqna47ahj2l

Abraco,
Gustavo

Link rapido: https://tinyurl.com/oblyl5",pass,none,6535,ata.pdf,,0
legit-0243@sigmaalimentos.com.br,Gustavo Souza,gustavo.silva@sigmaalimentos.com.br,gustavo@vegaparceiro.com.br,Relatorio semanal de vendas - semana 261,"Pessoal,

A pauta do comite de suprimentos esta definida: orcamento, contratacoes e o roadmap do projeto Everest. Chamada no calendario para segunda.

Gustavo",pass,pass,4737,relatorio.pdf,,0
phish-bec-0031@prismavarejo.com.br,Carla Souza,carla.costa@prismavarejo.com.br,carla.financeiro@prismavarejo.com.br,Confirmacao de dados bancarios do fornecedor,"Bom dia,

Mudamos a conta de recebimento. Pode atualizar o cadastro do fornecedor para a nova conta antes do pagamento de amanha? Envio os dados no retorno deste e-mail.

Obrigado,
Carla",pass,pass,928,,,1
legit-0087@atlasenergia.com.br,Gustavo Almeida,gustavo.silva@atlasenergia.com.br,,Proposta comercial Atlas Energia,"Time,

O deploy em homologacao foi concluido. O ambiente esta disponivel em https://homolog.atlasenergia.com.br/painel para validacao funcional. Reportem os problemas pelo Jira.

Gustavo",pass,pass,5677,ata.pdf,,0
legit-0214@prismavarejo.com.br,Nara Costa,nara.souza@prismavarejo.com.br,,Follow-up da call de ontem,"Hi Nara,

Please find attached the updated forecast for juridico. The numbers were reviewed with the regional team. Let us discuss on quarta.

Best regards,
Nara

Link rapido: https://bit.ly/nnxnsx",pass,pass,4842,contrato.docx,,0
phish-0179@gmail.com,Itau Seguranca,suporte@gmail.com,,Voce foi selecionado! Premio de R$ 5.000 do Itau,"Sua encomenda esta retida na alfandega por pendencia de taxa. Regularize em http://itau-seguro.top/validar.php?id=2n04qimicb para liberar a entrega.

Nao ignore este ultimo aviso.

Itau",pass,pass,1038,fatura.html,http://itau-seguro.top/validar.php?id=2n04qimicb,1
legit-0173@prismavarejo.com.br,Mariana Souza,mariana.costa@prismavarejo.com.br,,Nota fiscal 791 referente ao servico de consultoria,"Bom dia,

Segue a nota fiscal 791 do servico de consultoria prestado em agosto. O pagamento segue o combinado, boleto com vencimento em 15 dias.

Financeiro - Prisma Varejo",pass,pass,4764,ata.pdf,,0
legit-0425@oriontelecom.com.br,Diego Silva,diego.silva@oriontelecom.com.br,,Proposta comercial Orion Telecom,"Ola Paula,

Segue o resumo do que combinamos na reuniao e os proximos passos do projeto Cobalto. Qualquer ajuste me avise ate terca.

Abraco,
Diego
Orion Telecom",pass,pass,2983,backup.zip,,0
phish-0108@hotmail.com,Bruno Lima,suporte@hotmail.com,,URGENTE: sua conta Correios sera bloqueada em 24 horas,"Segue em anexo o comprovante de pagamento. Abra o documento e confirme os dados em http://215.149.31.153/correios/login para dar baixa na pendencia.

Departamento Financeiro Correios",softfail,none,18,nota.pdf.zip,http://215.149.31.153/correios/login,1
legit-0118@norteseguros.com.br,Paula Souza,paula.silva@norteseguros.com.br,,Nota fiscal 736 referente ao servico de consultoria,"Otavio, tudo bem?

Revisei o documento e deixei comentarios nas secoes 2 e 4. A versao consolidada esta em https://docs.google.com/document/d/ec1o180xybp421pcctwebr

Abraco,
Paula",pass,pass,6876,planilha.xlsx,,0
legit-0119@vegalog.com.br,Mariana Almeida,mariana.costa@vegalog.com.br,,Ferias aprovadas - Rafael,"Rafael,

O cliente pediu retorno urgente sobre a proposta. Verifique agora se a versao no portal esta correta: https://vegalog.com.br/propostas/508

Obrigado,
Mariana",none,pass,4260,planilha.xlsx,,0
legit-0611@oriontelecom.com.br,Diego Costa,diego.silva@oriontelecom.com.br,diego@prisparceiro.com.br,Resultado do teste de carga no ambiente de homologacao,"Time,

O deploy em homologacao foi concluido. O ambiente esta disponivel em https://homolog.oriontelecom.com.br/painel para validacao funcional. Reportem os problemas pelo Jira.

Diego",pass,pass,6181,,,0
legit-0000@atlasenergia.com.br,Fernanda Costa,fernanda.souza@atlasenergia.com.br,,Urgente: cliente Atlas Energia pediu retorno hoje,"Mariana, tudo bem?

Revisei o documento e deixei comentarios nas secoes 2 e 4. A versao consolidada esta em https://docs.google.com/document/d/x5boupnnbdtr8i4jfgog63

Abraco,
Fernanda",pass,pass,1646,,,0
legit-0394@deltasaude.com.br,Mariana Almeida,mariana.silva@deltasaude.com.br,,Convite: alinhamento do projeto Cobalto,"Oi,

Segue a segunda via do boleto do fornecedor. O pagamento pode ser feito via pix pela conta da empresa. O comprovante de pagamento esta em anexo.

Mariana - Delta Saude",pass,pass,6394,planilha.xlsx,,0
legit-0401@atlasenergia.com.br,Nara Costa,nara.silva@atlasenergia.com.br,,Onboarding do novo analista de suprimentos,"Oi,

Segue a segunda via do boleto do fornecedor. O pagamento pode ser feito via pix pela conta da empresa. O comprovante de pagamento esta em anexo.

Nara - Atlas Energia",pass,fail,6160,backup.zip,,0
legit-0404@vegalog.com.br,Nara Almeida,nara.costa@vegalog.com.br,,Onboarding do novo analista de suprimentos,"Otavio,

O cliente pediu retorno urgente sobre a proposta. Verifique agora se a versao no portal esta correta: https://vegalog.com.br/propostas/599

Obrigado,
Nara",pass,pass,6824,backup.zip,,0
legit-0591@norteseguros.com.br,Gustavo Silva,gustavo.souza@norteseguros.com.br,gustavo@atlaparceiro.com.br,Nota fiscal 420 referente ao servico de consultoria,"Oi,

Segue a segunda via do boleto do fornecedor. O pagamento pode ser feito via pix pela conta da empresa. O comprovante de pagamento esta em anexo.

Gustavo - Norte Seguros",pass,pass,5830,planilha.xlsx,,0
legit-0598@deltasaude.com.br,Otavio Almeida,otavio.souza@deltasaude.com.br,,Proposta comercial Delta Saude,"Prezados,

Encaminho o relatorio da semana 110 com os numeros de financeiro. Os detalhes estao na planilha anexa. Podemos discutir na reuniao de segunda.

Atenciosamente,
Otavio",pass,pass,6243,contrato.docx,,0
legit-0162@oriontelecom.com.br,Ana Almeida,ana.costa@oriontelecom.com.br,,Reserva de sala para a apresentacao de junho,"Gustavo,

O cliente pediu retorno urgente sobre a proposta. Verifique agora se a versao no portal esta correta: https://oriontelecom.com.br/propostas/777

Obrigado,
Ana",pass,pass,5783,backup.zip,,0
legit-0114@riobrancoindustria.com.br,Rafael Costa,rafael.souza@riobrancoindustria.com.br,,Proposta comercial Rio Branco Industria,"Hi Rafael,

Please find attached the updated forecast for tecnologia. The numbers were reviewed with the regional team. Let us discuss on quarta.

Best regards,
Rafael",none,pass,4658,relatorio.pdf,,0
legit-0150@atlasenergia.com.br,Juliana Silva,juliana.silva@atlasenergia.com.br,,Reserva de sala para a apresentacao de junho,"Oi Mariana,

Conforme conversamos, a proposta para Atlas Energia esta anexada. O prazo de validade e de 30 dias e o escopo cobre as tres frentes que voce pediu.

Obrigado,
Juliana",pass,pass,4381,backup.zip,,0
legit-0564@sigmaalimentos.com.br,Igor Costa,igor.costa@sigmaalimentos.com.br,,Urgente: cliente Sigma Alimentos pediu retorno hoje,"Pessoal,

A pauta do comite de tecnologia esta definida: orcamento, contratacoes e o roadmap do projeto Aurora. Chamada no calendario para sexta.

Igor",pass,pass,3638,contrato.docx,,0
legit-0556@prismavarejo.com.br,Igor Souza,igor.souza@prismavarejo.com.br,,Ata da reuniao de quinta,"Pessoal,

A pauta do comite de operacoes esta definida: orcamento, contratacoes e o roadmap do projeto Dunas. Chamada no calendario para quinta.

Igor",pass,pass,5341,relatorio.pdf,,0
legit-0368@vegalog.com.br,Fernanda Souza,fernanda.costa@vegalog.com.br,fernanda@sigmparceiro.com.br,Verifique agora os numeros da planilha de operacoes,"Prezados,

Encaminho o relatorio da semana 324 com os numeros de operacoes. Os detalhes estao na planilha anexa. Podemos discutir na reuniao de quinta.

Atenciosamente,
Fernanda",pass,pass,5576,ata.pdf,,0
legit-0543@norteseguros.com.br,Otavio Souza,otavio.souza@norteseguros.com.br,,Urgente: cliente Norte Seguros pediu retorno hoje,"Paula, tudo bem?

Revisei o documento e deixei comentarios nas secoes 2 e 4. A versao consolidada esta em https://docs.google.com/document/d/ol5d42y2yc6xlmdll8ymc9

Abraco,
Otavio",pass,pass,3064,contrato.docx,,0
legit-0477@deltasaude.com.br,Diego Almeida,diego.souza@deltasaude.com.br,,Nota fiscal 763 referente ao servico de consultoria,"Oi Mariana,

Conforme conversamos, a proposta para Delta Saude esta anexada. O prazo de validade e de 30 dias e o escopo cobre as tres frentes que voce pediu.

Obrigado,
Diego",pass,fail,4209,relatorio.pdf,,0
legit-0532@deltasaude.com.br,Fernanda Silva,fernanda.souza@deltasaude.com.br,,Verifique agora os numeros da planilha de juridico,"Pessoal,

A pauta do comite de juridico esta definida: orcamento, contratacoes e o roadmap do projeto Everest. Chamada no calendario para quarta.

Fernanda",pass,pass,3467,contrato.docx,,0
phish-0185@outlook.com,PicPay Cobranca,seguranca@outlook.com,retorno23@yandex.com,Processo judicial em seu nome - intimacao eletronica,"Parabens! Voce foi selecionado no sorteio PicPay e tem um premio de R$ 5.000 para resgatar. Clique aqui: http://picpay-clientes.sbs/validar.php?id=j6ggo8q4mx

Vagas limitadas, resgate seu premio em 24 horas.",none,none,45,fatura.html,http://picpay-clientes.sbs/validar.php?id=j6ggo8q4mx,1
phish-0122@seguranca-magalu.click,Magalu Seguranca,seguranca@seguranca-magalu.click,,URGENTE: sua conta Magalu sera bloqueada em 24 horas,"Prezado cliente,

Detectamos uma movimentacao suspeita e sua conta sera bloqueada. Clique aqui para verificar agora: http://141.154.108.105/magalu/login

Voce tem 24 horas para confirmar seus dados, caso contrario a conta sera suspensa definitivamente.

Atenciosamente,
Central de Seguranca Magalu",none,none,82,nota.pdf.zip,http://141.154.108.105/magalu/login,1
phish-0158@outlook.com,Santander Seguranca,nao-responda@outlook.com,retorno92@yandex.com,"Santander: token de seguranca expirado, atualize seu cadastro","Sua assinatura foi suspensa por falha na cobranca. Atualize seu cadastro em https://cutt.ly/x1qxqh2 para reativar o acesso agora mesmo.

Equipe Santander",fail,none,4,fatura.html,https://cutt.ly/x1qxqh2,1
legit-0258@oriontelecom.com.br,Carla Souza,carla.souza@oriontelecom.com.br,,Verifique agora os numeros da planilha de financeiro,"Nara, tudo bem?

Revisei o documento e deixei comentarios nas secoes 2 e 4. A versao consolidada esta em https://docs.google.com/document/d/iudc122i85ros8eaxeo5nt

Abraco,
Carla",pass,pass,6152,planilha.xlsx,,0
phish-0053@hotmail.com,Nubank Seguranca,nao-responda@hotmail.com,retorno57@yandex.com,URGENTE: sua conta Nubank sera bloqueada em 24 horas,"Sua fatura esta em atraso e o nome sera negativado.

Acesse http://centralnubank.icu/validar.php?id=e9dc12dpnj e emita a segunda via do boleto para evitar restricao no seu CPF.

Setor de Cobranca Nubank",pass,pass,1513,nota.pdf.zip,http://centralnubank.icu/validar.php?id=e9dc12dpnj,1
legit-0135@vegalog.com.br,Ana Costa,ana.costa@vegalog.com.br,,Convite: alinhamento do projeto Baobab,"Nara, tudo bem?

Revisei o documento e deixei comentarios nas secoes 2 e 4. A versao consolidada esta em https://docs.google.com/document/d/b8o44r0x8qmnh3ifggwa7a

Abraco,
Ana

Link rapido: https://bit.ly/45o5bl",pass,pass,3581,,,0
phish-0129@hotmail.com,Netflix Cobranca,suporte@hotmail.com,retorno15@gmail.com,Pix nao autorizado detectado na sua conta Netflix,"Sua fatura esta em atraso e o nome sera negativado.

Acesse https://cutt.ly/4s073qf e emita a segunda via do boleto para evitar restricao no seu CPF.

Setor de Cobranca Netflix",softfail,fail,11,documento.exe,https://cutt.ly/4s073qf,1
legit-0610@norteseguros.com.br,Eduardo Souza,eduardo.silva@norteseguros.com.br,,Ferias aprovadas - Paula,"Pessoal,

A pauta do comite de juridico esta definida: orcamento, contratacoes e o roadmap do projeto Dunas. Chamada no calendario para quinta.

Eduardo",pass,pass,6889,contrato.docx,,0
phish-bec-0007@vegalog.com.br,Rafael Almeida,rafael.silva@vegalog.com.br,rafael.financeiro@vegalog.com.br,Documento para revisao,"Lucas, segue o documento que comentamos na call. Preciso da sua validacao para seguir com o contrato.

Abraco,
Rafael",pass,pass,2903,relatorio.pdf,,1
legit-0501@riobrancoindustria.com.br,Bruno Souza,bruno.souza@riobrancoindustria.com.br,bruno@vegaparceiro.com.br,Pagamento via pix ao fornecedor - confirmacao,"Prezados,

Encaminho o relatorio da semana 712 com os numeros de financeiro. Os detalhes estao na planilha anexa. Podemos discutir na reuniao de quarta.

Atenciosamente,
Bruno

Canal oficial do banco: https://correios.com.br/empresas",pass,pass,6959,planilha.xlsx,,0
legit-0538@norteseguros.com.br,Ana Souza,ana.silva@norteseguros.com.br,,Nota fiscal 990 referente ao servico de consultoria,"Pessoal,

A pauta do comite de suprimentos esta definida: orcamento, contratacoes e o roadmap do projeto Dunas. Chamada no calendario para terca.

Ana",softfail,pass,5902,contrato.docx,,0
phish-bec-0016@riobrancoindustria.com.br,Paula Souza,paula.costa@riobrancoindustria.com.br,,Confirmacao de dados bancarios do fornecedor,"Bom dia,

Mudamos a conta de recebimento. Pode atualizar o cadastro do fornecedor para a nova conta antes do pagamento de amanha? Envio os dados no retorno deste e-mail.

Obrigado,
Paula",pass,pass,2864,,,1
legit-0343@prismavarejo.com.br,Igor Silva,igor.souza@prismavarejo.com.br,igor@vegaparceiro.com.br,Nota fiscal 973 referente ao servico de consultoria,"Oi,

Segue a segunda via do boleto do fornecedor. O pagamento pode ser feito via pix pela conta da empresa. O comprovante de pagamento esta em anexo.

Igor - Prisma Varejo",pass,pass,4166,planilha.xlsx,,0
legit-0650@atlasenergia.com.br,Nara Almeida,nara.souza@atlasenergia.com.br,,Ferias aprovadas - Igor,"Oi Igor,

Conforme conversamos, a proposta para Atlas Energia esta anexada. O prazo de validade e de 30 dias e o escopo cobre as tres frentes que voce pediu.

Obrigado,
Nara",pass,pass,1818,relatorio.pdf,,0
legit-0597@deltasaude.com.br,Igor Almeida,igor.costa@deltasaude.com.br,,Onboarding do novo analista de tecnologia,"Bruno,

O cliente pediu retorno urgente sobre a proposta. Verifique agora se a versao no portal esta correta: https://deltasaude.com.br/propostas/742

Obrigado,
Igor",pass,pass,6428,contrato.docx,,0
legit-0293@oriontelecom.com.br,Diego Souza,diego.costa@oriontelecom.com.br,,Segunda via do boleto do fornecedor Orion Telecom,"Pessoal,

A pauta do comite de tecnologia esta definida: orcamento, contratacoes e o roadmap do projeto Baobab. Chamada no calendario para sexta.

Diego

Canal oficial do banco: https://serasa.com.br/empresas",pass,pass,6269,contrato.docx,,0
legit-0364@vegalog.com.br,Otavio Souza,otavio.souza@vegalog.com.br,,Fechamento contabil de fevereiro,"Bom dia,

Segue a nota fiscal 235 do servico de consultoria prestado em fevereiro. O pagamento segue o combinado, boleto com vencimento em 15 dias.

Financeiro - Vega Log",pass,pass,4552,planilha.xlsx,,0
legit-0603@sigmaalimentos.com.br,Otavio Souza,otavio.costa@sigmaalimentos.com.br,,Pagamento via pix ao fornecedor - confirmacao,"Igor, tudo bem?

Revisei o documento e deixei comentarios nas secoes 2 e 4. A versao consolidada esta em https://docs.google.com/document/d/2sp1wpz8fxq76xrh8bcxgj

Abraco,
Otavio",pass,pass,4476,backup.zip,,0
legit-0014@vegalog.com.br,Diego Almeida,diego.silva@vegalog.com.br,,Nota fiscal 201 referente ao servico de consultoria,"Time,

O deploy em homologacao foi concluido. O ambiente esta disponivel em https://homolog.vegalog.com.br/painel para validacao funcional. Reportem os problemas pelo Jira.

Diego",pass,pass,2312,planilha.xlsx,,0
legit-0086@riobrancoindustria.com.br,Helena Almeida,helena.silva@riobrancoindustria.com.br,helena@sigmparceiro.com.br,Feedback da sprint 565,"Pessoal,

A pauta do comite de tecnologia esta definida: orcamento, contratacoes e o roadmap do projeto Dunas. Chamada no calendario para segunda.

Helena",pass,pass,4123,relatorio.pdf,,0
legit-0370@norteseguros.com.br,Eduardo Silva,eduardo.souza@norteseguros.com.br,,Relatorio semanal de vendas - semana 802,"Igor,

O cliente pediu retorno urgente sobre a proposta. Verifique agora se a versao no portal esta correta: https://norteseguros.com.br/propostas/802

Obrigado,
Eduardo",pass,pass,2154,planilha.xlsx,,0
legit-0165@oriontelecom.com.br,Helena Souza,helena.souza@oriontelecom.com.br,,Ata da reuniao de quinta,"Time,

O deploy em homologacao foi concluido. O ambiente esta disponivel em https://homolog.oriontelecom.com.br/painel para validacao funcional. Reportem os problemas pelo Jira.

Helena",pass,pass,5619,planilha.xlsx,,0
phish-0086@meupicpay.work,PicPay Seguranca,nao-responda@meupicpay.work,retorno94@gmail.com,[PicPay] Confirme seus dados agora para evitar o bloqueio,"Parabens! Voce foi selecionado no sorteio PicPay e tem um premio de R$ 5.000 para resgatar. Clique aqui: http://meupicpay.work/acesso.php?id=myw5oxy6lw

Vagas limitadas, resgate seu premio em 24 horas.",softfail,fail,9,,http://meupicpay.work/acesso.php?id=myw5oxy6lw,1
legit-0335@sigmaalimentos.com.br,Fernanda Souza,fernanda.silva@sigmaalimentos.com.br,,Ata da reuniao de terca,"Prezados,

Encaminho o relatorio da semana 725 com os numeros de operacoes. Os detalhes estao na planilha anexa. Podemos discutir na reuniao de terca.

Atenciosamente,
Fernanda",pass,pass,6449,backup.zip,,0
legit-0059@atlasenergia.com.br,Bruno Silva,bruno.costa@atlasenergia.com.br,,Verifique agora os numeros da planilha de operacoes,"Oi,

Segue a segunda via do boleto do fornecedor. O pagamento pode ser feito via pix pela conta da empresa. O comprovante de pagamento esta em anexo.

Bruno - Atlas Energia",pass,pass,4970,backup.zip,,0
legit-0354@oriontelecom.com.br,Igor Almeida,igor.souza@oriontelecom.com.br,,Verifique agora os numeros da planilha de tecnologia,"Pessoal,

A pauta do comite de tecnologia esta definida: orcamento, contratacoes e o roadmap do projeto Farol. Chamada no calendario para segunda.

Igor",pass,fail,1355,planilha.xlsx,,0
legit-0424@deltasaude.com.br,Rafael Silva,rafael.silva@deltasaude.com.br,,Resultado do teste de carga no ambiente de homologacao,"Oi,

Segue a segunda via do boleto do fornecedor. O pagamento pode ser feito via pix pela conta da empresa. O comprovante de pagamento esta em anexo.

Rafael - Delta Saude",pass,pass,3728,,,0
legit-0292@sigmaalimentos.com.br,Ana Costa,ana.souza@sigmaalimentos.com.br,,Pauta do comite de tecnologia,"Igor, tudo bem?

Revisei o documento e deixei comentarios nas secoes 2 e 4. A versao consolidada esta em https://docs.google.com/document/d/jrzgxhfvqktsotrioqqy85

Abraco,
Ana",softfail,pass,985,relatorio.pdf,,0
legit-0041@atlasenergia.com.br,Carla Silva,carla.silva@atlasenergia.com.br,,Segunda via do boleto do fornecedor Atlas Energia,"Oi,

Segue a segunda via do boleto do fornecedor. O pagamento pode ser feito via pix pela conta da empresa. O comprovante de pagamento esta em anexo.

Carla - Atlas Energia

Link rapido: https://tinyurl.com/wrvlf1",pass,pass,4532,relatorio.pdf,,0
legit-0329@prismavarejo.com.br,Lucas Costa,lucas.silva@prismavarejo.com.br,,Onboarding do novo analista de suprimentos,"Hi Helena,

Please find attached the updated forecast for suprimentos. The numbers were reviewed with the regional team. Let us discuss on sexta.

Best regards,
Lucas",pass,pass,2486,backup.zip,,0
legit-0429@riobrancoindustria.com.br,Carla Costa,carla.costa@riobrancoindustria.com.br,,Relatorio semanal de vendas - semana 757,"Oi,

Segue a segunda via do boleto do fornecedor. O pagamento pode ser feito via pix pela conta da empresa. O comprovante de pagamento esta em anexo.

Carla - Rio Branco Industria",pass,none,5754,backup.zip,,0
legit-0079@prismavarejo.com.br,Helena Silva,helena.silva@prismavarejo.com.br,,Pauta do comite de vendas,"Time,

O deploy em homologacao foi concluido. O ambiente esta disponivel em https://homolog.prismavarejo.com.br/painel para validacao funcional. Reportem os problemas pelo Jira.

Helena",pass,pass,1506,planilha.xlsx,,0
legit-0028@deltasaude.com.br,Helena Souza,helena.silva@deltasaude.com.br,,Verifique agora os numeros da planilha de juridico,"Helena,

O cliente pediu retorno urgente sobre a proposta. Verifique agora se a versao no portal esta correta: https://deltasaude.com.br/propostas/813

Obrigado,
Helena",pass,none,4604,backup.zip,,0
legit-0254@atlasenergia.com.br,Carla Souza,carla.souza@atlasenergia.com.br,,Reserva de sala para a apresentacao de julho,"Oi Ana,

Conforme conversamos, a proposta para Atlas Energia esta anexada. O prazo de validade e de 30 dias e o escopo cobre as tres frentes que voce pediu.

Obrigado,
Carla",pass,pass,2488,planilha.xlsx,,0
legit-0722@deltasaude.com.br,Otavio Souza,otavio.costa@deltasaude.com.br,,Contrato 859 para assinatura,"Hi Nara,

Please find attached the updated forecast for tecnologia. The numbers were reviewed with the regional team. Let us discuss on terca.

Best regards,
Otavio

Link rapido: https://encurtador.com.br/nljehs",pass,pass,3958,contrato.docx,,0
legit-0458@prismavarejo.com.br,Nara Almeida,nara.souza@prismavarejo.com.br,,Follow-up da call de ontem,"Time,

O deploy em homologacao foi concluido. O ambiente esta disponivel em https://homolog.prismavarejo.com.br/painel para validacao funcional. Reportem os problemas pelo Jira.

Nara",pass,pass,6571,ata.pdf,,0
legit-0383@deltasaude.com.br,Diego Almeida,diego.silva@deltasaude.com.br,,Convite: alinhamento do projeto Dunas,"Igor,

O cliente pediu retorno urgente sobre a proposta. Verifique agora se a versao no portal esta correta: https://deltasaude.com.br/propostas/228

Obrigado,
Diego",pass,none,133,relatorio.pdf,,0
legit-0313@oriontelecom.com.br,Fernanda Souza,fernanda.costa@oriontelecom.com.br,,Segunda via do boleto do fornecedor Orion Telecom,"Bom dia,

Segue a nota fiscal 742 do servico de consultoria prestado em agosto. O pagamento segue o combinado, boleto com vencimento em 15 dias.

Financeiro - Orion Telecom",none,pass,2617,relatorio.pdf,,0
legit-0084@oriontelecom.com.br,Igor Silva,igor.souza@oriontelecom.com.br,,Follow-up da call de ontem,"Oi Otavio,

Conforme conversamos, a proposta para Orion Telecom esta anexada. O prazo de validade e de 30 dias e o escopo cobre as tres frentes que voce pediu.

Obrigado,
Igor",pass,pass,1677,backup.zip,,0
legit-0574@oriontelecom.com.br,Eduardo Silva,eduardo.silva@oriontelecom.com.br,eduardo@vegaparceiro.com.br,Resultado do teste de carga no ambiente de homologacao,"Prezados,

Encaminho o relatorio da semana 189 com os numeros de operacoes. Os detalhes estao na planilha anexa. Podemos discutir na reuniao de sexta.

Atenciosamente,
Eduardo",pass,pass,915,ata.pdf,,0
legit-0136@oriontelecom.com.br,Diego Silva,diego.silva@oriontelecom.com.br,,Segunda via do boleto do fornecedor Orion Telecom,"Time,

O deploy em homologacao foi concluido. O ambiente esta disponivel em https://homolog.oriontelecom.com.br/painel para validacao funcional. Reportem os problemas pelo Jira.

Diego",pass,pass,3365,planilha.xlsx,,0
legit-0111@deltasaude.com.br,Rafael Almeida,rafael.silva@deltasaude.com.br,,Nota fiscal 529 referente ao servico de consultoria,"Hi Gustavo,

Please find attached the updated forecast for vendas. The numbers were reviewed with the regional team. Let us discuss on sexta.

Best regards,
Rafael",pass,pass,193,planilha.xlsx,,0
legit-0194@oriontelecom.com.br,Rafael Almeida,rafael.souza@oriontelecom.com.br,,Ata da reuniao de segunda,"Hi Igor,

Please find attached the updated forecast for suprimentos. The numbers were reviewed with the regional team. Let us discuss on segunda.

Best regards,
Rafael",none,pass,2708,planilha.xlsx,,0
legit-0178@norteseguros.com.br,Gustavo Costa,gustavo.costa@norteseguros.com.br,gustavo@orioparceiro.com.br,Relatorio semanal de vendas - semana 787,"Diego, tudo bem?

Revisei o documento e deixei comentarios nas secoes 2 e 4. A versao consolidada esta em https://docs.google.com/document/d/1tf6iken3is2dvhqv6wi00

Abraco,
Gustavo",pass,pass,6831,relatorio.pdf,,0
phish-0090@caixa.verifica-cliente.com,Caixa Central,suporte@caixa.verifica-cliente.com,retorno95@mail.ru,Voce foi selecionado! Premio de R$ 5.000 do Caixa,"Detectamos um pix nao autorizado de R$ 4.780,00 na sua conta. Se nao reconhece, cancele imediatamente: http://caixa.verifica-cliente.com/login.php?id=nibg1mab65

Informe sua senha de 6 digitos para validar o cancelamento.

Seguranca Caixa",none,none,79,fatura.html,http://caixa.verifica-cliente.com/login.php?id=nibg1mab65,1
legit-0496@riobrancoindustria.com.br,Bruno Costa,bruno.silva@riobrancoindustria.com.br,,Atualizacao do cronograma do projeto Everest,"Prezados,

Encaminho o relatorio da semana 749 com os numeros de tecnologia. Os detalhes estao na planilha anexa. Podemos discutir na reuniao de terca.

Atenciosamente,
Bruno",pass,pass,6934,ata.pdf,,0
legit-0129@riobrancoindustria.com.br,Igor Almeida,igor.costa@riobrancoindustria.com.br,,Proposta comercial Rio Branco Industria,"Time,

O deploy em homologacao foi concluido. O ambiente esta disponivel em https://homolog.riobrancoindustria.com.br/painel para validacao funcional. Reportem os problemas pelo Jira.

Igor",pass,pass,2818,relatorio.pdf,,0
legit-0337@prismavarejo.com.br,Helena Costa,helena.souza@prismavarejo.com.br,,Relatorio semanal de vendas - semana 486,"Bruno, tudo bem?

Revisei o documento e deixei comentarios nas secoes 2 e 4. A versao consolidada esta em https://docs.google.com/document/d/c77uhl4q60bn7brc5urx2p

Abraco,
Helena",pass,fail,1015,,,0
legit-0608@norteseguros.com.br,Gustavo Costa,gustavo.silva@norteseguros.com.br,gustavo@vegaparceiro.com.br,Fechamento contabil de maio,"Prezados,

Encaminho o relatorio da semana 264 com os numeros de juridico. Os detalhes estao na planilha anexa. Podemos discutir na reuniao de terca.

Atenciosamente,
Gustavo",pass,pass,4240,,,0
legit-0124@atlasenergia.com.br,Fernanda Almeida,fernanda.silva@atlasenergia.com.br,,Pauta do comite de financeiro,"Hi Carla,

Please find attached the updated forecast for financeiro. The numbers were reviewed with the regional team. Let us discuss on segunda.

Best regards,
Fernanda",pass,pass,839,planilha.xlsx,,0
phish-0203@santander.6g9yg8rl.com,Santander Atendimento,nao-responda@santander.6g9yg8rl.com,,ULTIMO AVISO: fatura em atraso do Santander,"Sua assinatura foi suspensa por falha na cobranca. Atualize seu cadastro em https://santander.6g9yg8rl.com/seguranca/validacao para reativar o acesso agora mesmo.

Equipe Santander",softfail,none,7,,https://santander.6g9yg8rl.com/seguranca/validacao,1
legit-0226@norteseguros.com.br,Rafael Silva,rafael.souza@norteseguros.com.br,,Relatorio semanal de vendas - semana 426,"Pessoal,

A pauta do comite de financeiro esta definida: orcamento, contratacoes e o roadmap do projeto Aurora. Chamada no calendario para quinta.

Rafael",pass,pass,5442,contrato.docx,,0
legit-0268@riobrancoindustria.com.br,Rafael Souza,rafael.costa@riobrancoindustria.com.br,,Resultado do teste de carga no ambiente de homologacao,"Oi,

Segue a segunda via do boleto do fornecedor. O pagamento pode ser feito via pix pela conta da empresa. O comprovante de pagamento esta em anexo.

Rafael - Rio Branco Industria",pass,pass,4591,backup.zip,,0
phish-0174@hotmail.com,Netflix Seguranca,seguranca@hotmail.com,,Pix nao autorizado detectado na sua conta Netflix,"Detectamos um pix nao autorizado de R$ 4.780,00 na sua conta. Se nao reconhece, cancele imediatamente: https://cutt.ly/fu68hay

Informe sua senha de 6 digitos para validar o cancelamento.

Seguranca Netflix",fail,fail,39,,https://cutt.ly/fu68hay,1
phish-0197@seguranca-serasa.click,Serasa Atendimento,atendimento@seguranca-serasa.click,,Assinatura Serasa suspensa: atualize a forma de pagamento,"Detectamos um pix nao autorizado de R$ 4.780,00 na sua conta. Se nao reconhece, cancele imediatamente: http://seguranca-serasa.click/validar.php?id=8hd0bg9p41

Informe sua senha de 6 digitos para validar o cancelamento.

Seguranca Serasa",softfail,none,47,,http://seguranca-serasa.click/validar.php?id=8hd0bg9p41,1
legit-0103@vegalog.com.br,Paula Silva,paula.silva@vegalog.com.br,,Contrato 288 para assinatura,"Time,

O deploy em homologacao foi concluido. O ambiente esta disponivel em https://homolog.vegalog.com.br/painel para validacao funcional. Reportem os problemas pelo Jira.

Paula",pass,pass,5397,,,0
legit-0593@deltasaude.com.br,Carla Almeida,carla.silva@deltasaude.com.br,,Fechamento contabil de agosto,"Bom dia,

Segue a nota fiscal 106 do servico de consultoria prestado em agosto. O pagamento segue o combinado, boleto com vencimento em 15 dias.

Financeiro - Delta Saude",pass,pass,2377,contrato.docx,,0
phish-0059@hotmail.com,Ana Reis,nao-responda@hotmail.com,,Pix nao autorizado detectado na sua conta Magalu,"Sua fatura esta em atraso e o nome sera negativado.

Acesse http://112.102.240.180/magalu/login e emita a segunda via do boleto para evitar restricao no seu CPF.

Setor de Cobranca Magalu",fail,none,86,nota.pdf.zip,http://112.102.240.180/magalu/login,1
phish-0116@caixaonline.zip,Caixa Seguranca,nao-responda@caixaonline.zip,retorno14@yandex.com,Processo judicial em seu nome - intimacao eletronica,"Sua fatura esta em atraso e o nome sera negativado.

Acesse http://caixaonline.zip/login.php?id=v7du1xvuf6 e emita a segunda via do boleto para evitar restricao no seu CPF.

Setor de Cobranca Caixa",none,fail,15,fatura.html,http://caixaonline.zip/login.php?id=v7du1xvuf6,1
legit-0227@riobrancoindustria.com.br,Carla Silva,carla.souza@riobrancoindustria.com.br,,Proposta comercial Rio Branco Industria,"Ola Diego,

Segue o resumo do que combinamos na reuniao e os proximos passos do projeto Dunas. Qualquer ajuste me avise ate sexta.

Abraco,
Carla
Rio Branco Industria",pass,pass,2056,ata.pdf,,0
phish-0088@nubank-atendimento.xyz,Nubank Atendimento,seguranca@nubank-atendimento.xyz,,Sua encomenda esta retida - pague a taxa de liberacao,"Detectamos um pix nao autorizado de R$ 4.780,00 na sua conta. Se nao reconhece, cancele imediatamente: http://nubank-atendimento.xyz/validar.php?id=5f9i5c5een

Informe sua senha de 6 digitos para validar o cancelamento.

Seguranca Nubank",fail,fail,68,documento.exe,http://nubank-atendimento.xyz/validar.php?id=5f9i5c5een,1
legit-0301@oriontelecom.com.br,Gustavo Silva,gustavo.costa@oriontelecom.com.br,,Pauta do comite de juridico,"Oi Carla,

Conforme conversamos, a proposta para Orion Telecom esta anexada. O prazo de validade e de 30 dias e o escopo cobre as tres frentes que voce pediu.

Obrigado,
Gustavo

Canal oficial do banco: https://caixa.gov.br/empresas",pass,pass,2036,contrato.docx,,0
legit-0275@riobrancoindustria.com.br,Otavio Silva,otavio.silva@riobrancoindustria.com.br,,Urgente: cliente Rio Branco Industria pediu retorno hoje,"Ola Eduardo,

Segue o resumo do que combinamos na reuniao e os proximos passos do projeto Baobab. Qualquer ajuste me avise ate quarta.

Abraco,
Otavio
Rio Branco Industria",pass,pass,6372,relatorio.pdf,,0
legit-0126@prismavarejo.com.br,Lucas Almeida,lucas.souza@prismavarejo.com.br,,Onboarding do novo analista de vendas,"Prezados,

Encaminho o relatorio da semana 144 com os numeros de vendas. Os detalhes estao na planilha anexa. Podemos discutir na reuniao de terca.

Atenciosamente,
Lucas",pass,pass,3627,backup.zip,,0
legit-0405@deltasaude.com.br,Juliana Souza,juliana.costa@deltasaude.com.br,,Atualizacao do cronograma do projeto Farol,"Time,

O deploy em homologacao foi concluido. O ambiente esta disponivel em https://homolog.deltasaude.com.br/painel para validacao funcional. Reportem os problemas pelo Jira.

Juliana",pass,pass,2566,,,0
phish-0094@outlook.com,Rafael Lima,nao-responda@outlook.com,,Processo judicial em seu nome - intimacao eletronica,"Detectamos um pix nao autorizado de R$ 4.780,00 na sua conta. Se nao reconhece, cancele imediatamente: http://centralnubank.icu/atualizar.php?id=t19nhf9xu4

Informe sua senha de 6 digitos para validar o cancelamento.

Seguranca Nubank",pass,pass,1724,comprovante.zip,http://centralnubank.icu/atualizar.php?id=t19nhf9xu4,1
legit-0036@prismavarejo.com.br,Carla Costa,carla.souza@prismavarejo.com.br,,Resultado do teste de carga no ambiente de homologacao,"Ola Carla,

Segue o resumo do que combinamos na reuniao e os proximos passos do projeto Aurora. Qualquer ajuste me avise ate terca.

Abraco,
Carla
Prisma Varejo

Link rapido: https://is.gd/pyo6ng",pass,pass,3308,,,0
legit-0139@norteseguros.com.br,Eduardo Almeida,eduardo.souza@norteseguros.com.br,eduardo@rio parceiro.com.br,Nota fiscal 921 referente ao servico de consultoria,"Hi Diego,

Please find attached the updated forecast for juridico. The numbers were reviewed with the regional team. Let us discuss on quarta.

Best regards,
Eduardo",pass,pass,4064,planilha.xlsx,,0
legit-0303@riobrancoindustria.com.br,Rafael Souza,rafael.silva@riobrancoindustria.com.br,,Verifique agora os numeros da planilha de financeiro,"Hi Carla,

Please find attached the updated forecast for financeiro. The numbers were reviewed with the regional team. Let us discuss on segunda.

Best regards,
Rafael",pass,pass,3794,ata.pdf,,0
legit-0267@oriontelecom.com.br,Lucas Souza,lucas.silva@oriontelecom.com.br,,Onboarding do novo analista de financeiro,"Oi Rafael,

Conforme conversamos, a proposta para Orion Telecom esta anexada. O prazo de validade e de 30 dias e o escopo cobre as tres frentes que voce pediu.

Obrigado,
Lucas",softfail,pass,6863,ata.pdf,,0
legit-0533@deltasaude.com.br,Bruno Silva,bruno.souza@deltasaude.com.br,,Ferias aprovadas - Mariana,"Mariana, tudo bem?

Revisei o documento e deixei comentarios nas secoes 2 e 4. A versao consolidada esta em https://docs.google.com/document/d/iihla73vwatbq85m7i2tm2

Abraco,
Bruno",pass,pass,3547,relatorio.pdf,,0
legit-0545@sigmaalimentos.com.br,Bruno Costa,bruno.silva@sigmaalimentos.com.br,,Proposta comercial Sigma Alimentos,"Time,

O deploy em homologacao foi concluido. O ambiente esta disponivel em https://homolog.sigmaalimentos.com.br/painel para validacao funcional. Reportem os problemas pelo Jira.

Bruno",pass,pass,5781,backup.zip,,0
legit-0212@riobrancoindustria.com.br,Helena Silva,helena.souza@riobrancoindustria.com.br,helena@atlaparceiro.com.br,Urgente: cliente Rio Branco Industria pediu retorno hoje,"Nara,

O cliente pediu retorno urgente sobre a proposta. Verifique agora se a versao no portal esta correta: https://riobrancoindustria.com.br/propostas/892

Obrigado,
Helena",pass,none,1171,backup.zip,,0
legit-0468@vegalog.com.br,Carla Souza,carla.souza@vegalog.com.br,,Verifique agora os numeros da planilha de suprimentos,"Ola Eduardo,

Segue o resumo do que combinamos na reuniao e os proximos passos do projeto Farol. Qualquer ajuste me avise ate quinta.

Abraco,
Carla
Vega Log",pass,pass,5518,,,0
legit-0198@atlasenergia.com.br,Otavio Almeida,otavio.silva@atlasenergia.com.br,otavio@deltparceiro.com.br,Ferias aprovadas - Lucas,"Oi Lucas,

Conforme conversamos, a proposta para Atlas Energia esta anexada. O prazo de validade e de 30 dias e o escopo cobre as tres frentes que voce pediu.

Obrigado,
Otavio",pass,pass,114,relatorio.pdf,,0
legit-0527@riobrancoindustria.com.br,Eduardo Silva,eduardo.souza@riobrancoindustria.com.br,,Convite: alinhamento do projeto Farol,"Bom dia,

Segue a nota fiscal 289 do servico de consultoria prestado em julho. O pagamento segue o combinado, boleto com vencimento em 15 dias.

Financeiro - Rio Branco Industria",pass,pass,1037,backup.zip,,0
phish-0171@gmail.com,Serasa Atendimento,nao-responda@gmail.com,retorno51@yandex.com,Voce foi selecionado! Premio de R$ 5.000 do Serasa,"Parabens! Voce foi selecionado no sorteio Serasa e tem um premio de R$ 5.000 para resgatar. Clique aqui: http://seguranca-serasa.click/login.php?id=zgtybaun55

Vagas limitadas, resgate seu premio em 24 horas.",pass,pass,3371,documento.exe,http://seguranca-serasa.click/login.php?id=zgtybaun55,1
legit-0241@norteseguros.com.br,Bruno Costa,bruno.costa@norteseguros.com.br,,Reserva de sala para a apresentacao de maio,"Hi Juliana,

Please find attached the updated forecast for juridico. The numbers were reviewed with the regional team. Let us discuss on terca.

Best regards,
Bruno",pass,pass,4577,planilha.xlsx,,0
legit-0342@riobrancoindustria.com.br,Lucas Souza,lucas.costa@riobrancoindustria.com.br,,Follow-up da call de ontem,"Lucas,

O cliente pediu retorno urgente sobre a proposta. Verifique agora se a versao no portal esta correta: https://riobrancoindustria.com.br/propostas/595

Obrigado,
Lucas",pass,pass,6766,planilha.xlsx,,0
legit-0549@deltasaude.com.br,Diego Almeida,diego.silva@deltasaude.com.br,diego@deltparceiro.com.br,Convite: alinhamento do projeto Farol,"Time,

O deploy em homologacao foi concluido. O ambiente esta disponivel em https://homolog.deltasaude.com.br/painel para validacao funcional. Reportem os problemas pelo Jira.

Diego",pass,pass,1214,contrato.docx,,0
legit-0386@atlasenergia.com.br,Diego Silva,diego.souza@atlasenergia.com.br,,Ata da reuniao de quinta,"Bom dia,

Segue a nota fiscal 724 do servico de consultoria prestado em fevereiro. O pagamento segue o combinado, boleto com vencimento em 15 dias.

Financeiro - Atlas Energia",pass,pass,5064,relatorio.pdf,,0
phish-0065@bradesco.verifica-cliente.com,Bradesco Cobranca,atendimento@bradesco.verifica-cliente.com,,Assinatura Bradesco suspensa: atualize a forma de pagamento,"Prezado cliente,

Detectamos uma movimentacao suspeita e sua conta sera bloqueada. Clique aqui para verificar agora: http://200.180.248.64/bradesco/login

Voce tem 24 horas para confirmar seus dados, caso contrario a conta sera suspensa definitivamente.

Atenciosamente,
Central de Seguranca Bradesco",fail,none,55,fatura.html,http://200.180.248.64/bradesco/login,1
legit-0206@riobrancoindustria.com.br,Mariana Souza,mariana.silva@riobrancoindustria.com.br,,Nota fiscal 412 referente ao servico de consultoria,"Prezados,

Encaminho o relatorio da semana 412 com os numeros de suprimentos. Os detalhes estao na planilha anexa. Podemos discutir na reuniao de segunda.

Atenciosamente,
Mariana",pass,pass,6896,relatorio.pdf,,0
legit-0295@oriontelecom.com.br,Igor Costa,igor.souza@oriontelecom.com.br,,Feedback da sprint 355,"Hi Nara,

Please find attached the updated forecast for tecnologia. The numbers were reviewed with the regional team. Let us discuss on sexta.

Best regards,
Igor",pass,pass,2006,backup.zip,,0
phish-0123@netflix.verifica-cliente.com,Netflix Central,suporte@netflix.verifica-cliente.com,,ULTIMO AVISO: fatura em atraso do Netflix,"Segue em anexo o comprovante de pagamento. Abra o documento e confirme os dados em http://netflix.verifica-cliente.com/validar.php?id=envu416e9r para dar baixa na pendencia.

Departamento Financeiro Netflix",fail,fail,49,documento.exe,http://netflix.verifica-cliente.com/validar.php?id=envu416e9r,1
legit-0073@deltasaude.com.br,Juliana Souza,juliana.silva@deltasaude.com.br,,Pauta do comite de tecnologia,"Pessoal,

A pauta do comite de tecnologia esta definida: orcamento, contratacoes e o roadmap do projeto Everest. Chamada no calendario para quinta.

Juliana",pass,pass,2871,ata.pdf,,0
legit-0718@atlasenergia.com.br,Paula Almeida,paula.silva@atlasenergia.com.br,,Resultado do teste de carga no ambiente de homologacao,"Pessoal,

A pauta do comite de vendas esta definida: orcamento, contratacoes e o roadmap do projeto Dunas. Chamada no calendario para terca.

Paula

Link rapido: https://cutt.ly/mhcvdp",pass,pass,6020,contrato.docx,,0
legit-0104@sigmaalimentos.com.br,Igor Souza,igor.silva@sigmaalimentos.com.br,,Resultado do teste de carga no ambiente de homologacao,"Prezados,

Encaminho o relatorio da semana 977 com os numeros de suprimentos. Os detalhes estao na planilha anexa. Podemos discutir na reuniao de quarta.

Atenciosamente,
Igor",pass,pass,2353,relatorio.pdf,,0
legit-0663@riobrancoindustria.com.br,Bruno Almeida,bruno.costa@riobrancoindustria.com.br,,Atualizacao do cronograma do projeto Cobalto,"Carla, tudo bem?

Revisei o documento e deixei comentarios nas secoes 2 e 4. A versao consolidada esta em https://docs.google.com/document/d/zew7n1v2avnntz9x3tf25n

Abraco,
Bruno",pass,pass,2776,contrato.docx,,0
legit-0683@norteseguros.com.br,Nara Souza,nara.souza@norteseguros.com.br,,Proposta comercial Norte Seguros,"Oi Eduardo,

Conforme conversamos, a proposta para Norte Seguros esta anexada. O prazo de validade e de 30 dias e o escopo cobre as tres frentes que voce pediu.

Obrigado,
Nara",pass,pass,1867,relatorio.pdf,,0
phish-0163@gmail.com,Caixa Central,atendimento@gmail.com,,ULTIMO AVISO: fatura em atraso do Caixa,"Sua fatura esta em atraso e o nome sera negativado.

Acesse http://caixaonline.zip/validar.php?id=7pzf05z2tm e emita a segunda via do boleto para evitar restricao no seu CPF.

Setor de Cobranca Caixa",softfail,none,21,documento.exe,http://caixaonline.zip/validar.php?id=7pzf05z2tm,1
legit-0016@deltasaude.com.br,Otavio Souza,otavio.silva@deltasaude.com.br,,Follow-up da call de ontem,"Pessoal,

A pauta do comite de juridico esta definida: orcamento, contratacoes e o roadmap do projeto Farol. Chamada no calendario para terca.

Otavio

Canal oficial do banco: https://picpay.com/empresas",pass,pass,3770,planilha.xlsx,,0
legit-0439@oriontelecom.com.br,Mariana Silva,mariana.souza@oriontelecom.com.br,,Convite: alinhamento do projeto Dunas,"Oi,

Segue a segunda via do boleto do fornecedor. O pagamento pode ser feito via pix pela conta da empresa. O comprovante de pagamento esta em anexo.

Mariana - Orion Telecom",pass,pass,4400,,,0
legit-0091@prismavarejo.com.br,Mariana Almeida,mariana.souza@prismavarejo.com.br,,Resultado do teste de carga no ambiente de homologacao,"Oi,

Segue a segunda via do boleto do fornecedor. O pagamento pode ser feito via pix pela conta da empresa. O comprovante de pagamento esta em anexo.

Mariana - Prisma Varejo",pass,pass,6006,contrato.docx,,0
legit-0088@vegalog.com.br,Mariana Almeida,mariana.souza@vegalog.com.br,,Onboarding do novo analista de financeiro,"Prezados,

Encaminho o relatorio da semana 141 com os numeros de financeiro. Os detalhes estao na planilha anexa. Podemos discutir na reuniao de terca.

Atenciosamente,
Mariana

Canal oficial do banco: https://magazineluiza.com.br/empresas",pass,pass,4153,,,0
legit-0450@vegalog.com.br,Igor Almeida,igor.souza@vegalog.com.br,igor@prisparceiro.com.br,Urgente: cliente Vega Log pediu retorno hoje,"Lucas,

O cliente pediu retorno urgente sobre a proposta. Verifique agora se a versao no portal esta correta: https://vegalog.com.br/propostas/235

Obrigado,
Igor",pass,pass,1086,relatorio.pdf,,0
legit-0102@sigmaalimentos.com.br,Bruno Costa,bruno.souza@sigmaalimentos.com.br,,Verifique agora os numeros da planilha de tecnologia,"Bom dia,

Segue a nota fiscal 265 do servico de consultoria prestado em maio. O pagamento segue o combinado, boleto com vencimento em 15 dias.

Financeiro - Sigma Alimentos",pass,pass,4025,contrato.docx,,0
legit-0238@vegalog.com.br,Diego Almeida,diego.souza@vegalog.com.br,,Ferias aprovadas - Helena,"Helena, tudo bem?

Revisei o documento e deixei comentarios nas secoes 2 e 4. A versao consolidada esta em https://docs.google.com/document/d/uorzkv4i3e2yfgnnzq7vgy

Abraco,
Diego",pass,pass,3428,contrato.docx,,0
legit-0695@atlasenergia.com.br,Bruno Costa,bruno.costa@atlasenergia.com.br,,Contrato 925 para assinatura,"Pessoal,

A pauta do comite de tecnologia esta definida: orcamento, contratacoes e o roadmap do projeto Cobalto. Chamada no calendario para quinta.

Bruno",pass,fail,3139,contrato.docx,,0
legit-0246@vegalog.com.br,Rafael Souza,rafael.costa@vegalog.com.br,,Atualizacao do cronograma do projeto Baobab,"Prezados,

Encaminho o relatorio da semana 809 com os numeros de tecnologia. Os detalhes estao na planilha anexa. Podemos discutir na reuniao de quinta.

Atenciosamente,
Rafael",pass,pass,798,,,0
phish-bec-0045@vegalog.com.br,Ana Costa,ana.costa@vegalog.com.br,,Confirmacao de dados bancarios do fornecedor,"Bom dia,

Mudamos a conta de recebimento. Pode atualizar o cadastro do fornecedor para a nova conta antes do pagamento de amanha? Envio os dados no retorno deste e-mail.

Obrigado,
Ana",pass,pass,6057,,,1
legit-0157@vegalog.com.br,Paula Costa,paula.souza@vegalog.com.br,,Nota fiscal 983 referente ao servico de consultoria,"Fernanda, tudo bem?

Revisei o documento e deixei comentarios nas secoes 2 e 4. A versao consolidada esta em https://docs.google.com/document/d/5o3vys3278dd9gwdzkh6ge

Abraco,
Paula",pass,pass,1802,ata.pdf,,0
legit-0479@oriontelecom.com.br,Rafael Almeida,rafael.costa@oriontelecom.com.br,,Follow-up da call de ontem,"Hi Gustavo,

Please find attached the updated forecast for tecnologia. The numbers were reviewed with the regional team. Let us discuss on terca.

Best regards,
Rafael",pass,pass,5677,backup.zip,,0
legit-0645@norteseguros.com.br,Otavio Souza,otavio.silva@norteseguros.com.br,,Contrato 905 para assinatura,"Oi Otavio,

Conforme conversamos, a proposta para Norte Seguros esta anexada. O prazo de validade e de 30 dias e o escopo cobre as tres frentes que voce pediu.

Obrigado,
Otavio",pass,pass,6571,planilha.xlsx,,0
phish-0161@meucaixa.work,Nara Lima,suporte@meucaixa.work,retorno54@gmail.com,URGENTE: sua conta Caixa sera bloqueada em 24 horas,"Sua fatura esta em atraso e o nome sera negativado.

Acesse http://meucaixa.work/login.php?id=629ms1efle e emita a segunda via do boleto para evitar restricao no seu CPF.

Setor de Cobranca Caixa",fail,none,32,,http://meucaixa.work/login.php?id=629ms1efle,1
phish-bec-0030@atlasenergia.com.br,Igor Souza,igor.costa@atlasenergia.com.br,igor.financeiro@atlasenergia.com.br,Proposta comercial Atlas Energia,"Oi Carla,

Conforme conversamos, a proposta para Atlas Energia esta anexada. O prazo de validade e de 30 dias e o escopo cobre as tres frentes que voce pediu.

Obrigado,
Igor",pass,pass,1698,relatorio.pdf,,1
legit-0018@sigmaalimentos.com.br,Ana Costa,ana.costa@sigmaalimentos.com.br,,Resultado do teste de carga no ambiente de homologacao,"Time,

O deploy em homologacao foi concluido. O ambiente esta disponivel em https://homolog.sigmaalimentos.com.br/painel para validacao funcional. Reportem os problemas pelo Jira.

Ana

Canal oficial do banco: https://magazineluiza.com.br/empresas",pass,pass,2196,relatorio.pdf,,0
legit-0680@vegalog.com.br,Rafael Costa,rafael.silva@vegalog.com.br,,Onboarding do novo analista de suprimentos,"Oi Gustavo,

Conforme conversamos, a proposta para Vega Log esta anexada. O prazo de validade e de 30 dias e o escopo cobre as tres frentes que voce pediu.

Obrigado,
Rafael",pass,pass,6505,,,0
legit-0121@atlasenergia.com.br,Fernanda Costa,fernanda.costa@atlasenergia.com.br,,Segunda via do boleto do fornecedor Atlas Energia,"Eduardo,

O cliente pediu retorno urgente sobre a proposta. Verifique agora se a versao no portal esta correta: https://atlasenergia.com.br/propostas/770

Obrigado,
Fernanda",pass,pass,5217,contrato.docx,,0
phish-bec-0042@sigmaalimentos.com.br,Igor Silva,igor.silva@sigmaalimentos.com.br,,Documento para revisao,"Fernanda, segue o documento que comentamos na call. Preciso da sua validacao para seguir com o contrato.

Abraco,
Igor",pass,pass,6574,,,1
legit-0679@vegalog.com.br,Eduardo Costa,eduardo.silva@vegalog.com.br,,Urgente: cliente Vega Log pediu retorno hoje,"Pessoal,

A pauta do comite de juridico esta definida: orcamento, contratacoes e o roadmap do projeto Everest. Chamada no calendario para quinta.

Eduardo",pass,pass,1955,planilha.xlsx,,0
legit-0274@riobrancoindustria.com.br,Igor Costa,igor.costa@riobrancoindustria.com.br,,Feedback da sprint 965,"Oi Otavio,

Conforme conversamos, a proposta para Rio Branco Industria esta anexada. O prazo de validade e de 30 dias e o escopo cobre as tres frentes que voce pediu.

Obrigado,
Igor

Link rapido: https://bit.ly/wguoaq",pass,pass,846,,,0
legit-0433@oriontelecom.com.br,Ana Souza,ana.costa@oriontelecom.com.br,,Contrato 778 para assinatura,"Time,

O deploy em homologacao foi concluido. O ambiente esta disponivel em https://homolog.oriontelecom.com.br/painel para validacao funcional. Reportem os problemas pelo Jira.

Ana",pass,none,2315,planilha.xlsx,,0
phish-0101@encurtador.com.br,Receita Federal Cobranca,suporte@encurtador.com.br,,"Receita Federal: token de seguranca expirado, atualize seu cadastro","Detectamos um pix nao autorizado de R$ 4.780,00 na sua conta. Se nao reconhece, cancele imediatamente: https://encurtador.com.br/ni3nqyj

Informe sua senha de 6 digitos para validar o cancelamento.

Seguranca Receita Federal",fail,none,30,,https://encurtador.com.br/ni3nqyj,1
legit-0311@deltasaude.com.br,Diego Costa,diego.silva@deltasaude.com.br,,Follow-up da call de ontem,"Bruno, tudo bem?

Revisei o documento e deixei comentarios nas secoes 2 e 4. A versao consolidada esta em https://docs.google.com/document/d/ad4pv6eq7d4q78rvbbsqs5

Abraco,
Diego",pass,pass,6164,ata.pdf,,0
legit-0731@prismavarejo.com.br,Gustavo Almeida,gustavo.souza@prismavarejo.com.br,,Pagamento via pix ao fornecedor - confirmacao,"Pessoal,

A pauta do comite de tecnologia esta definida: orcamento, contratacoes e o roadmap do projeto Aurora. Chamada no calendario para sexta.

Gustavo

Link rapido: https://encurtador.com.br/xoxl81",pass,pass,4788,contrato.docx,,0
phish-bec-0041@norteseguros.com.br,Nara Costa,nara.souza@norteseguros.com.br,,Segunda via do boleto do fornecedor Norte Seguros,"Prezados,

Encaminho o relatorio da semana 305 com os numeros de operacoes. Os detalhes estao na planilha anexa. Podemos discutir na reuniao de segunda.

Atenciosamente,
Nara",pass,pass,3655,relatorio.pdf,,1
legit-0546@deltasaude.com.br,Nara Almeida,nara.costa@deltasaude.com.br,,Onboarding do novo analista de suprimentos,"Hi Juliana,

Please find attached the updated forecast for suprimentos. The numbers were reviewed with the regional team. Let us discuss on sexta.

Best regards,
Nara

Link rapido: https://bit.ly/pbxos6",softfail,pass,1432,relatorio.pdf,,0
legit-0181@sigmaalimentos.com.br,Diego Souza,diego.silva@sigmaalimentos.com.br,,Nota fiscal 698 referente ao servico de consultoria,"Helena,

O cliente pediu retorno urgente sobre a proposta. Verifique agora se a versao no portal esta correta: https://sigmaalimentos.com.br/propostas/698

Obrigado,
Diego",pass,pass,6003,ata.pdf,,0
legit-0184@riobrancoindustria.com.br,Igor Silva,igor.costa@riobrancoindustria.com.br,,Ferias aprovadas - Gustavo,"Gustavo, tudo bem?

Revisei o documento e deixei comentarios nas secoes 2 e 4. A versao consolidada esta em https://docs.google.com/document/d/fv649pxkjdb7l6mkhnow6y

Abraco,
Igor",pass,fail,5731,contrato.docx,,0
legit-0406@atlasenergia.com.br,Nara Souza,nara.silva@atlasenergia.com.br,,Verifique agora os numeros da planilha de tecnologia,"Oi,

Segue a segunda via do boleto do fornecedor. O pagamento pode ser feito via pix pela conta da empresa. O comprovante de pagamento esta em anexo.

Nara - Atlas Energia",pass,pass,6797,contrato.docx,,0
legit-0606@prismavarejo.com.br,Rafael Almeida,rafael.silva@prismavarejo.com.br,rafael@deltparceiro.com.br,Follow-up da call de ontem,"Ola Eduardo,

Segue o resumo do que combinamos na reuniao e os proximos passos do projeto Farol. Qualquer ajuste me avise ate quinta.

Abraco,
Rafael
Prisma Varejo",pass,pass,3627,relatorio.pdf,,0
legit-0520@norteseguros.com.br,Eduardo Silva,eduardo.silva@norteseguros.com.br,,Pauta do comite de financeiro,"Prezados,

Encaminho o relatorio da semana 982 com os numeros de financeiro. Os detalhes estao na planilha anexa. Podemos discutir na reuniao de terca.

Atenciosamente,
Eduardo

Link rapido: https://cutt.ly/vcwejz",pass,pass,2258,relatorio.pdf,,0
legit-0380@deltasaude.com.br,Ana Almeida,ana.souza@deltasaude.com.br,,Atualizacao do cronograma do projeto Everest,"Hi Eduardo,

Please find attached the updated forecast for juridico. The numbers were reviewed with the regional team. Let us discuss on sexta.

Best regards,
Ana",pass,pass,6869,,,0
legit-0410@sigmaalimentos.com.br,Nara Almeida,nara.silva@sigmaalimentos.com.br,,Segunda via do boleto do fornecedor Sigma Alimentos,"Hi Helena,

Please find attached the updated forecast for suprimentos. The numbers were reviewed with the regional team. Let us discuss on segunda.

Best regards,
Nara",pass,pass,943,contrato.docx,,0
legit-0634@deltasaude.com.br,Diego Almeida,diego.silva@deltasaude.com.br,,Fechamento contabil de agosto,"Time,

O deploy em homologacao foi concluido. O ambiente esta disponivel em https://homolog.deltasaude.com.br/painel para validacao funcional. Reportem os problemas pelo Jira.

Diego",none,pass,3928,,,0
legit-0369@riobrancoindustria.com.br,Paula Costa,paula.silva@riobrancoindustria.com.br,,Resultado do teste de carga no ambiente de homologacao,"Pessoal,

A pauta do comite de suprimentos esta definida: orcamento, contratacoes e o roadmap do projeto Cobalto. Chamada no calendario para quarta.

Paula",pass,fail,111,contrato.docx,,0
phish-bec-0020@prismavarejo.com.br,Gustavo Costa,gustavo.silva@prismavarejo.com.br,,Confirmacao de dados bancarios do fornecedor,"Bom dia,

Mudamos a conta de recebimento. Pode atualizar o cadastro do fornecedor para a nova conta antes do pagamento de amanha? Envio os dados no retorno deste e-mail.

Obrigado,
Gustavo",pass,pass,2739,planilha.xlsx,,1
phish-bec-0039@prismavarejo.com.br,Bruno Silva,bruno.souza@prismavarejo.com.br,,Alteracao de dados cadastrais,"Prezados,

Solicito a alteracao do e-mail de contato da nossa conta corporativa. O novo endereco sera usado para as notas fiscais a partir deste mes.

Atenciosamente,
Bruno",pass,pass,4771,relatorio.pdf,,1
phish-0175@gmail.com,Rafael Lima,atendimento@gmail.com,,Restituicao do IRPF liberada - resgate seu valor hoje,"Sua assinatura foi suspensa por falha na cobranca. Atualize seu cadastro em http://netflix-atendimento.xyz/login.php?id=dgxm7xee7f para reativar o acesso agora mesmo.

Equipe Netflix",softfail,none,89,comprovante.zip,http://netflix-atendimento.xyz/login.php?id=dgxm7xee7f,1
legit-0078@oriontelecom.com.br,Bruno Souza,bruno.silva@oriontelecom.com.br,,Fechamento contabil de julho,"Bom dia,

Segue a nota fiscal 311 do servico de consultoria prestado em julho. O pagamento segue o combinado, boleto com vencimento em 15 dias.

Financeiro - Orion Telecom",pass,pass,5237,contrato.docx,,0
legit-0573@riobrancoindustria.com.br,Helena Silva,helena.souza@riobrancoindustria.com.br,,Pauta do comite de tecnologia,"Bom dia,

Segue a nota fiscal 465 do servico de consultoria prestado em janeiro. O pagamento segue o combinado, boleto com vencimento em 15 dias.

Financeiro - Rio Branco Industria",pass,pass,1650,relatorio.pdf,,0
legit-0637@oriontelecom.com.br,Fernanda Costa,fernanda.silva@oriontelecom.com.br,,Ferias aprovadas - Otavio,"Bom dia,

Segue a nota fiscal 279 do servico de consultoria prestado em maio. O pagamento segue o combinado, boleto com vencimento em 15 dias.

Financeiro - Orion Telecom",pass,pass,6147,ata.pdf,,0
legit-0607@sigmaalimentos.com.br,Mariana Almeida,mariana.silva@sigmaalimentos.com.br,,Segunda via do boleto do fornecedor Sigma Alimentos,"Hi Eduardo,

Please find attached the updated forecast for juridico. The numbers were reviewed with the regional team. Let us discuss on quarta.

Best regards,
Mariana",softfail,pass,165,,,0
phish-0066@centralreceita.icu,Receita Federal Central,suporte@centralreceita.icu,retorno65@gmail.com,Pix nao autorizado detectado na sua conta Receita Federal,"Sua assinatura foi suspensa por falha na cobranca. Atualize seu cadastro em http://centralreceita.icu/validar.php?id=9hvlf55hsy para reativar o acesso agora mesmo.

Equipe Receita Federal",softfail,fail,62,documento.exe,http://centralreceita.icu/validar.php?id=9hvlf55hsy,1
phish-0190@bradesco.verifica-cliente.com,Lucas Lima,atendimento@bradesco.verifica-cliente.com,,Voce foi selecionado! Premio de R$ 5.000 do Bradesco,"Detectamos um pix nao autorizado de R$ 4.780,00 na sua conta. Se nao reconhece, cancele imediatamente: http://bradesco.verifica-cliente.com/validar.php?id=cqa6bo96c6

Informe sua senha de 6 digitos para validar o cancelamento.

Seguranca Bradesco",none,none,79,,http://bradesco.verifica-cliente.com/validar.php?id=cqa6bo96c6,1
phish-0083@santanderonline.zip,Nara Lima,nao-responda@santanderonline.zip,retorno81@mail.ru,Assinatura Santander suspensa: atualize a forma de pagamento,"Sua encomenda esta retida na alfandega por pendencia de taxa. Regularize em http://santanderonline.zip/acesso.php?id=g957bxypcx para liberar a entrega.

Nao ignore este ultimo aviso.

Santander",fail,none,27,,http://santanderonline.zip/acesso.php?id=g957bxypcx,1
phish-0127@receita-atendimento.xyz,Receita Federal Central,suporte@receita-atendimento.xyz,,Seu CPF foi negativado - regularize em 24 horas,"Detectamos um pix nao autorizado de R$ 4.780,00 na sua conta. Se nao reconhece, cancele imediatamente: http://receita-atendimento.xyz/login.php?id=5xwxr45hc6

Informe sua senha de 6 digitos para validar o cancelamento.

Seguranca Receita Federal",fail,none,19,documento.exe,http://receita-atendimento.xyz/login.php?id=5xwxr45hc6,1
legit-0416@prismavarejo.com.br,Nara Costa,nara.souza@prismavarejo.com.br,,Follow-up da call de ontem,"Time,

O deploy em homologacao foi concluido. O ambiente esta disponivel em https://homolog.prismavarejo.com.br/painel para validacao funcional. Reportem os problemas pelo Jira.

Nara",pass,pass,45,planilha.xlsx,,0
legit-0715@riobrancoindustria.com.br,Juliana Costa,juliana.costa@riobrancoindustria.com.br,juliana@atlaparceiro.com.br,Ferias aprovadas - Fernanda,"Time,

O deploy em homologacao foi concluido. O ambiente esta disponivel em https://homolog.riobrancoindustria.com.br/painel para validacao funcional. Reportem os problemas pelo Jira.

Juliana",pass,pass,1377,ata.pdf,,0
legit-0561@atlasenergia.com.br,Helena Costa,helena.silva@atlasenergia.com.br,helena@nortparceiro.com.br,Ata da reuniao de segunda,"Bom dia,

Segue a nota fiscal 265 do servico de consultoria prestado em junho. O pagamento segue o combinado, boleto com vencimento em 15 dias.

Financeiro - Atlas Energia",pass,pass,5067,backup.zip,,0
legit-0067@deltasaude.com.br,Mariana Almeida,mariana.costa@deltasaude.com.br,,Feedback da sprint 904,"Time,

O deploy em homologacao foi concluido. O ambiente esta disponivel em https://homolog.deltasaude.com.br/painel para validacao funcional. Reportem os problemas pelo Jira.

Mariana",pass,pass,1006,planilha.xlsx,,0
legit-0536@vegalog.com.br,Mariana Almeida,mariana.costa@vegalog.com.br,,Pauta do comite de operacoes,"Pessoal,

A pauta do comite de operacoes esta definida: orcamento, contratacoes e o roadmap do projeto Baobab. Chamada no calendario para sexta.

Mariana

Link rapido: https://cutt.ly/27l3lj",pass,pass,1845,relatorio.pdf,,0
legit-0077@vegalog.com.br,Otavio Silva,otavio.souza@vegalog.com.br,,Feedback da sprint 979,"Prezados,

Encaminho o relatorio da semana 979 com os numeros de juridico. Os detalhes estao na planilha anexa. Podemos discutir na reuniao de sexta.

Atenciosamente,
Otavio",pass,pass,5129,backup.zip,,0
legit-0105@atlasenergia.com.br,Helena Souza,helena.costa@atlasenergia.com.br,,Onboarding do novo analista de operacoes,"Oi Lucas,

Conforme conversamos, a proposta para Atlas Energia esta anexada. O prazo de validade e de 30 dias e o escopo cobre as tres frentes que voce pediu.

Obrigado,
Helena",softfail,pass,180,,,0
phish-0204@bradesco.dp4saibj.com,Bradesco Central,atendimento@bradesco.dp4saibj.com,retorno38@gmail.com,Processo judicial em seu nome - intimacao eletronica,"Segue em anexo o comprovante de pagamento. Abra o documento e confirme os dados em https://bradesco.dp4saibj.com/seguranca/validacao para dar baixa na pendencia.

Departamento Financeiro Bradesco",fail,none,71,documento.exe,https://bradesco.dp4saibj.com/seguranca/validacao,1
legit-0750@riobrancoindustria.com.br,Fernanda Silva,fernanda.costa@riobrancoindustria.com.br,fernanda@prisparceiro.com.br,Onboarding do novo analista de operacoes,"Bom dia,

Segue a nota fiscal 591 do servico de consultoria prestado em janeiro. O pagamento segue o combinado, boleto com vencimento em 15 dias.

Financeiro - Rio Branco Industria",pass,pass,5274,planilha.xlsx,,0
legit-0638@prismavarejo.com.br,Diego Almeida,diego.souza@prismavarejo.com.br,,Verifique agora os numeros da planilha de juridico,"Oi,

Segue a segunda via do boleto do fornecedor. O pagamento pode ser feito via pix pela conta da empresa. O comprovante de pagamento esta em anexo.

Diego - Prisma Varejo

Canal oficial do banco: https://correios.com.br/empresas",softfail,pass,4184,,,0
legit-0559@norteseguros.com.br,Paula Almeida,paula.costa@norteseguros.com.br,,Fechamento contabil de junho,"Gustavo, tudo bem?

Revisei o documento e deixei comentarios nas secoes 2 e 4. A versao consolidada esta em https://docs.google.com/document/d/webfah9yrvr9fl9u9gdp66

Abraco,
Paula

Canal oficial do banco: https://mercadopago.com.br/empresas",pass,pass,6382,backup.zip,,0
legit-0733@norteseguros.com.br,Bruno Souza,bruno.souza@norteseguros.com.br,,Feedback da sprint 906,"Lucas, tudo bem?

Revisei o documento e deixei comentarios nas secoes 2 e 4. A versao consolidada esta em https://docs.google.com/document/d/zlgv4d88x7637lh8pkf7u0

Abraco,
Bruno",pass,pass,3582,relatorio.pdf,,0
legit-0690@vegalog.com.br,Helena Silva,helena.souza@vegalog.com.br,,Relatorio semanal de vendas - semana 669,"Hi Ana,

Please find attached the updated forecast for tecnologia. The numbers were reviewed with the regional team. Let us discuss on segunda.

Best regards,
Helena",pass,pass,5713,ata.pdf,,0
phish-0073@netflix.jibj37dn.com,Netflix Atendimento,nao-responda@netflix.jibj37dn.com,retorno63@mail.ru,URGENTE: sua conta Netflix sera bloqueada em 24 horas,"Informamos que sua restituicao foi liberada. Para receber o valor via pix, confirme seus dados bancarios em https://netflix.jibj37dn.com/seguranca/validacao

O prazo final para resgate expira hoje.

Receita Federal - Netflix",none,none,51,,https://netflix.jibj37dn.com/seguranca/validacao,1
phish-0140@seguranca-correios.click,Correios Cobranca,nao-responda@seguranca-correios.click,,Processo judicial em seu nome - intimacao eletronica,"Sua fatura esta em atraso e o nome sera negativado.

Acesse http://seguranca-correios.click/validar.php?id=nec0bqy8oh e emita a segunda via do boleto para evitar restricao no seu CPF.

Setor de Cobranca Correios",softfail,none,6,,http://seguranca-correios.click/validar.php?id=nec0bqy8oh,1
phish-0105@serasa-seguro.top,Serasa Cobranca,suporte@serasa-seguro.top,retorno53@yandex.com,Sua encomenda esta retida - pague a taxa de liberacao,"Sua fatura esta em atraso e o nome sera negativado.

Acesse http://serasa-seguro.top/acesso.php?id=pt6ld631nh e emita a segunda via do boleto para evitar restricao no seu CPF.

Setor de Cobranca Serasa",none,fail,87,documento.exe,http://serasa-seguro.top/acesso.php?id=pt6ld631nh,1
legit-0748@atlasenergia.com.br,Otavio Silva,otavio.silva@atlasenergia.com.br,,Reserva de sala para a apresentacao de agosto,"Rafael, tudo bem?

Revisei o documento e deixei comentarios nas secoes 2 e 4. A versao consolidada esta em https://docs.google.com/document/d/xgl1hsxxq53ghr6m9me84p

Abraco,
Otavio",pass,pass,4394,backup.zip,,0
legit-0490@atlasenergia.com.br,Eduardo Souza,eduardo.silva@atlasenergia.com.br,,Follow-up da call de ontem,"Bom dia,

Segue a nota fiscal 504 do servico de consultoria prestado em abril. O pagamento segue o combinado, boleto com vencimento em 15 dias.

Financeiro - Atlas Energia

Link rapido: https://tinyurl.com/f6g7yi

Canal oficial do banco: https://nubank.com.br/empresas",pass,pass,6846,relatorio.pdf,,0
phish-0195@outlook.com,Juliana Reis,seguranca@outlook.com,retorno44@mail.ru,"Itau: token de seguranca expirado, atualize seu cadastro","Detectamos um pix nao autorizado de R$ 4.780,00 na sua conta. Se nao reconhece, cancele imediatamente: http://107.136.79.233/itau/login

Informe sua senha de 6 digitos para validar o cancelamento.

Seguranca Itau",none,none,5,,http://107.136.79.233/itau/login,1
phish-0050@cutt.ly,Bruno Lima,suporte@cutt.ly,retorno56@gmail.com,Sua encomenda esta retida - pague a taxa de liberacao,"Parabens! Voce foi selecionado no sorteio Nubank e tem um premio de R$ 5.000 para resgatar. Clique aqui: https://cutt.ly/lohc2js

Vagas limitadas, resgate seu premio em 24 horas.",fail,fail,20,,https://cutt.ly/lohc2js,1
legit-0605@vegalog.com.br,Mariana Souza,mariana.silva@vegalog.com.br,,Follow-up da call de ontem,"Pessoal,

A pauta do comite de tecnologia esta definida: orcamento, contratacoes e o roadmap do projeto Farol. Chamada no calendario para quarta.

Mariana",pass,pass,4419,contrato.docx,,0
legit-0363@prismavarejo.com.br,Rafael Costa,rafael.silva@prismavarejo.com.br,rafael@rio parceiro.com.br,Pauta do comite de operacoes,"Oi Gustavo,

Conforme conversamos, a proposta para Prisma Varejo esta anexada. O prazo de validade e de 30 dias e o escopo cobre as tres frentes que voce pediu.

Obrigado,
Rafael",pass,pass,2254,backup.zip,,0
legit-0069@riobrancoindustria.com.br,Paula Costa,paula.silva@riobrancoindustria.com.br,,Urgente: cliente Rio Branco Industria pediu retorno hoje,"Pessoal,

A pauta do comite de financeiro esta definida: orcamento, contratacoes e o roadmap do projeto Farol. Chamada no calendario para quarta.

Paula",pass,pass,4124,ata.pdf,,0
legit-0548@deltasaude.com.br,Fernanda Almeida,fernanda.costa@deltasaude.com.br,,Pagamento via pix ao fornecedor - confirmacao,"Hi Mariana,

Please find attached the updated forecast for vendas. The numbers were reviewed with the regional team. Let us discuss on terca.

Best regards,
Fernanda",pass,pass,5794,ata.pdf,,0
legit-0160@norteseguros.com.br,Rafael Almeida,rafael.souza@norteseguros.com.br,,Verifique agora os numeros da planilha de vendas,"Mariana,

O cliente pediu retorno urgente sobre a proposta. Verifique agora se a versao no portal esta correta: https://norteseguros.com.br/propostas/468

Obrigado,
Rafael",pass,pass,6796,relatorio.pdf,,0
legit-0011@atlasenergia.com.br,Lucas Souza,lucas.souza@atlasenergia.com.br,,Proposta comercial Atlas Energia,"Bruno,

O cliente pediu retorno urgente sobre a proposta. Verifique agora se a versao no portal esta correta: https://atlasenergia.com.br/propostas/927

Obrigado,
Lucas",softfail,pass,1446,planilha.xlsx,,0
legit-0144@oriontelecom.com.br,Fernanda Souza,fernanda.costa@oriontelecom.com.br,,Atualizacao do cronograma do projeto Farol,"Ola Diego,

Segue o resumo do que combinamos na reuniao e os proximos passos do projeto Farol. Qualquer ajuste me avise ate quinta.

Abraco,
Fernanda
Orion Telecom",pass,none,846,planilha.xlsx,,0
legit-0517@deltasaude.com.br,Otavio Souza,otavio.costa@deltasaude.com.br,,Reserva de sala para a apresentacao de janeiro,"Ola Bruno,

Segue o resumo do que combinamos na reuniao e os proximos passos do projeto Cobalto. Qualquer ajuste me avise ate quarta.

Abraco,
Otavio
Delta Saude",pass,pass,3050,relatorio.pdf,,0
legit-0427@atlasenergia.com.br,Gustavo Silva,gustavo.costa@atlasenergia.com.br,,Reserva de sala para a apresentacao de janeiro,"Pessoal,

A pauta do comite de tecnologia esta definida: orcamento, contratacoes e o roadmap do projeto Farol. Chamada no calendario para sexta.

Gustavo

Link rapido: https://is.gd/d5a6bh",pass,pass,5275,,,0
legit-0639@vegalog.com.br,Rafael Costa,rafael.silva@vegalog.com.br,,Relatorio semanal de vendas - semana 533,"Pessoal,

A pauta do comite de financeiro esta definida: orcamento, contratacoes e o roadmap do projeto Farol. Chamada no calendario para segunda.

Rafael",none,pass,1509,backup.zip,,0
legit-0176@riobrancoindustria.com.br,Rafael Silva,rafael.souza@riobrancoindustria.com.br,rafael@rio parceiro.com.br,Atualizacao do cronograma do projeto Farol,"Hi Otavio,

Please find attached the updated forecast for suprimentos. The numbers were reviewed with the regional team. Let us discuss on sexta.

Best regards,
Rafael",pass,pass,5657,ata.pdf,,0
legit-0440@vegalog.com.br,Carla Almeida,carla.costa@vegalog.com.br,,Relatorio semanal de vendas - semana 607,"Bom dia,

Segue a nota fiscal 607 do servico de consultoria prestado em julho. O pagamento segue o combinado, boleto com vencimento em 15 dias.

Financeiro - Vega Log",pass,pass,161,backup.zip,,0
legit-0521@oriontelecom.com.br,Eduardo Souza,eduardo.silva@oriontelecom.com.br,,Follow-up da call de ontem,"Paula,

O cliente pediu retorno urgente sobre a proposta. Verifique agora se a versao no portal esta correta: https://oriontelecom.com.br/propostas/832

Obrigado,
Eduardo

Canal oficial do banco: https://picpay.com/empresas",pass,pass,5420,,,0
phish-0076@correios-atendimento.xyz,Correios Seguranca,seguranca@correios-atendimento.xyz,retorno24@mail.ru,Assinatura Correios suspensa: atualize a forma de pagamento,"Sua assinatura foi suspensa por falha na cobranca. Atualize seu cadastro em http://130.51.22.175/correios/login para reativar o acesso agora mesmo.

Equipe Correios",fail,fail,52,,http://130.51.22.175/correios/login,1
phish-0192@hotmail.com,Mercado Pago Central,seguranca@hotmail.com,,Assinatura Mercado Pago suspensa: atualize a forma de pagamento,"Sua encomenda esta retida na alfandega por pendencia de taxa. Regularize em https://bit.ly/favmtod para liberar a entrega.

Nao ignore este ultimo aviso.

Mercado Pago",softfail,fail,78,,https://bit.ly/favmtod,1
legit-0688@vegalog.com.br,Nara Almeida,nara.silva@vegalog.com.br,,Convite: alinhamento do projeto Baobab,"Bom dia,

Segue a nota fiscal 953 do servico de consultoria prestado em junho. O pagamento segue o combinado, boleto com vencimento em 15 dias.

Financeiro - Vega Log",none,pass,3244,ata.pdf,,0
legit-0231@vegalog.com.br,Juliana Costa,juliana.costa@vegalog.com.br,,Onboarding do novo analista de juridico,"Bruno, tudo bem?

Revisei o documento e deixei comentarios nas secoes 2 e 4. A versao consolidada esta em https://docs.google.com/document/d/30ridzphid9rejb4xq57bh

Abraco,
Juliana",pass,pass,4741,planilha.xlsx,,0
legit-0210@riobrancoindustria.com.br,Fernanda Costa,fernanda.silva@riobrancoindustria.com.br,,Urgente: cliente Rio Branco Industria pediu retorno hoje,"Ola Helena,

Segue o resumo do que combinamos na reuniao e os proximos passos do projeto Baobab. Qualquer ajuste me avise ate quarta.

Abraco,
Fernanda
Rio Branco Industria",pass,pass,4246,backup.zip,,0
legit-0640@prismavarejo.com.br,Carla Costa,carla.costa@prismavarejo.com.br,,Relatorio semanal de vendas - semana 325,"Bom dia,

Segue a nota fiscal 325 do servico de consultoria prestado em julho. O pagamento segue o combinado, boleto com vencimento em 15 dias.

Financeiro - Prisma Varejo",pass,pass,1320,relatorio.pdf,,0
legit-0143@oriontelecom.com.br,Lucas Souza,lucas.costa@oriontelecom.com.br,,Feedback da sprint 419,"Oi,

Segue a segunda via do boleto do fornecedor. O pagamento pode ser feito via pix pela conta da empresa. O comprovante de pagamento esta em anexo.

Lucas - Orion Telecom

Canal oficial do banco: https://netflix.com/empresas",pass,pass,2475,ata.pdf,,0
legit-0519@prismavarejo.com.br,Juliana Costa,juliana.souza@prismavarejo.com.br,,Urgente: cliente Prisma Varejo pediu retorno hoje,"Ola Juliana,

Segue o resumo do que combinamos na reuniao e os proximos passos do projeto Baobab. Qualquer ajuste me avise ate segunda.

Abraco,
Juliana
Prisma Varejo",pass,pass,121,,,0
phish-0201@centralreceita.icu,Receita Federal Central,nao-responda@centralreceita.icu,,URGENTE: sua conta Receita Federal sera bloqueada em 24 horas,"Informamos que sua restituicao foi liberada. Para receber o valor via pix, confirme seus dados bancarios em http://centralreceita.icu/validar.php?id=5lz0m9vx60

O prazo final para resgate expira hoje.

Receita Federal - Receita Federal",none,none,58,documento.exe,http://centralreceita.icu/validar.php?id=5lz0m9vx60,1
legit-0298@riobrancoindustria.com.br,Lucas Silva,lucas.silva@riobrancoindustria.com.br,lucas@nortparceiro.com.br,Verifique agora os numeros da planilha de vendas,"Hi Eduardo,

Please find attached the updated forecast for vendas. The numbers were reviewed with the regional team. Let us discuss on quarta.

Best regards,
Lucas",pass,pass,4423,ata.pdf,,0
legit-0428@atlasenergia.com.br,Lucas Almeida,lucas.costa@atlasenergia.com.br,lucas@rio parceiro.com.br,Contrato 345 para assinatura,"Rafael, tudo bem?

Revisei o documento e deixei comentarios nas secoes 2 e 4. A versao consolidada esta em https://docs.google.com/document/d/4ypk54ffglqmbldx5dcix1

Abraco,
Lucas",pass,pass,6780,contrato.docx,,0
legit-0612@prismavarejo.com.br,Paula Costa,paula.costa@prismavarejo.com.br,,Pagamento via pix ao fornecedor - confirmacao,"Time,

O deploy em homologacao foi concluido. O ambiente esta disponivel em https://homolog.prismavarejo.com.br/painel para validacao funcional. Reportem os problemas pelo Jira.

Paula",pass,pass,2639,backup.zip,,0
phish-0133@receita.vmjnsbmj.com,Receita Federal Central,seguranca@receita.vmjnsbmj.com,retorno27@mail.ru,Voce foi selecionado! Premio de R$ 5.000 do Receita Federal,"Sua fatura esta em atraso e o nome sera negativado.

Acesse https://receita.vmjnsbmj.com/seguranca/validacao e emita a segunda via do boleto para evitar restricao no seu CPF.

Setor de Cobranca Receita Federal",pass,pass,2003,comprovante.zip,https://receita.vmjnsbmj.com/seguranca/validacao,1
legit-0008@prismavarejo.com.br,Mariana Almeida,mariana.costa@prismavarejo.com.br,,Nota fiscal 258 referente ao servico de consultoria,"Oi,

Segue a segunda via do boleto do fornecedor. O pagamento pode ser feito via pix pela conta da empresa. O comprovante de pagamento esta em anexo.

Mariana - Prisma Varejo",pass,pass,942,contrato.docx,,0
legit-0156@prismavarejo.com.br,Igor Souza,igor.costa@prismavarejo.com.br,,Pagamento via pix ao fornecedor - confirmacao,"Oi Eduardo,

Conforme conversamos, a proposta para Prisma Varejo esta anexada. O prazo de validade e de 30 dias e o escopo cobre as tres frentes que voce pediu.

Obrigado,
Igor",pass,pass,978,planilha.xlsx,,0
legit-0539@atlasenergia.com.br,Helena Souza,helena.costa@atlasenergia.com.br,,Proposta comercial Atlas Energia,"Hi Gustavo,

Please find attached the updated forecast for juridico. The numbers were reviewed with the regional team. Let us discuss on segunda.

Best regards,
Helena",pass,pass,1233,ata.pdf,,0
legit-0506@atlasenergia.com.br,Gustavo Silva,gustavo.souza@atlasenergia.com.br,,Reserva de sala para a apresentacao de maio,"Oi Igor,

Conforme conversamos, a proposta para Atlas Energia esta anexada. O prazo de validade e de 30 dias e o escopo cobre as tres frentes que voce pediu.

Obrigado,
Gustavo",pass,pass,3033,relatorio.pdf,,0
legit-0436@atlasenergia.com.br,Lucas Costa,lucas.silva@atlasenergia.com.br,,Contrato 570 para assinatura,"Prezados,

Encaminho o relatorio da semana 570 com os numeros de vendas. Os detalhes estao na planilha anexa. Podemos discutir na reuniao de terca.

Atenciosamente,
Lucas

Link rapido: https://encurtador.com.br/hnjn1r",pass,pass,2056,contrato.docx,,0
legit-0266@oriontelecom.com.br,Igor Costa,igor.costa@oriontelecom.com.br,,Feedback da sprint 284,"Oi Igor,

Conforme conversamos, a proposta para Orion Telecom esta anexada. O prazo de validade e de 30 dias e o escopo cobre as tres frentes que voce pediu.

Obrigado,
Igor",pass,pass,1195,,,0
legit-0461@norteseguros.com.br,Paula Souza,paula.silva@norteseguros.com.br,,Contrato 704 para assinatura,"Bom dia,

Segue a nota fiscal 704 do servico de consultoria prestado em maio. O pagamento segue o combinado, boleto com vencimento em 15 dias.

Financeiro - Norte Seguros",pass,pass,3789,,,0
legit-0576@sigmaalimentos.com.br,Helena Almeida,helena.costa@sigmaalimentos.com.br,,Nota fiscal 658 referente ao servico de consultoria,"Oi Rafael,

Conforme conversamos, a proposta para Sigma Alimentos esta anexada. O prazo de validade e de 30 dias e o escopo cobre as tres frentes que voce pediu.

Obrigado,
Helena",pass,pass,5918,backup.zip,,0
legit-0338@sigmaalimentos.com.br,Carla Almeida,carla.souza@sigmaalimentos.com.br,,Feedback da sprint 598,"Pessoal,

A pauta do comite de tecnologia esta definida: orcamento, contratacoes e o roadmap do projeto Dunas. Chamada no calendario para quinta.

Carla",pass,pass,3406,,,0
legit-0255@vegalog.com.br,Gustavo Almeida,gustavo.silva@vegalog.com.br,,Convite: alinhamento do projeto Baobab,"Fernanda, tudo bem?

Revisei o documento e deixei comentarios nas secoes 2 e 4. A versao consolidada esta em https://docs.google.com/document/d/3807baeg2agqlhrs9gb8ro

Abraco,
Gustavo",pass,pass,1013,contrato.docx,,0
phish-bec-0036@oriontelecom.com.br,Rafael Silva,rafael.costa@oriontelecom.com.br,,Documento para revisao,"Nara, segue o documento que comentamos na call. Preciso da sua validacao para seguir com o contrato.

Abraco,
Rafael",pass,pass,2291,relatorio.pdf,,1
phish-0097@caixaonline.zip,Caixa Central,suporte@caixaonline.zip,,[Caixa] Confirme seus dados agora para evitar o bloqueio,"Sua assinatura foi suspensa por falha na cobranca. Atualize seu cadastro em http://caixaonline.zip/validar.php?id=oim7xaclfq para reativar o acesso agora mesmo.

Equipe Caixa",none,fail,69,,http://caixaonline.zip/validar.php?id=oim7xaclfq,1
legit-0665@atlasenergia.com.br,Eduardo Almeida,eduardo.silva@atlasenergia.com.br,eduardo@vegaparceiro.com.br,Onboarding do novo analista de suprimentos,"Time,

O deploy em homologacao foi concluido. O ambiente esta disponivel em https://homolog.atlasenergia.com.br/painel para validacao funcional. Reportem os problemas pelo Jira.

Eduardo

Link rapido: https://bit.ly/3hw6qk",pass,pass,91,planilha.xlsx,,0
legit-0560@riobrancoindustria.com.br,Igor Silva,igor.souza@riobrancoindustria.com.br,,Follow-up da call de ontem,"Eduardo,

O cliente pediu retorno urgente sobre a proposta. Verifique agora se a versao no portal esta correta: https://riobrancoindustria.com.br/propostas/904

Obrigado,
Igor",pass,pass,2174,,,0
legit-0208@riobrancoindustria.com.br,Igor Almeida,igor.costa@riobrancoindustria.com.br,,Nota fiscal 694 referente ao servico de consultoria,"Ola Diego,

Segue o resumo do que combinamos na reuniao e os proximos passos do projeto Everest. Qualquer ajuste me avise ate quinta.

Abraco,
Igor
Rio Branco Industria",pass,pass,6198,,,0
legit-0287@vegalog.com.br,Nara Silva,nara.costa@vegalog.com.br,,Onboarding do novo analista de juridico,"Oi Paula,

Conforme conversamos, a proposta para Vega Log esta anexada. O prazo de validade e de 30 dias e o escopo cobre as tres frentes que voce pediu.

Obrigado,
Nara

Link rapido: https://bit.ly/cchfqy

Canal oficial do banco: https://mercadopago.com.br/empresas",pass,pass,6525,,,0
legit-0001@prismavarejo.com.br,Ana Souza,ana.souza@prismavarejo.com.br,,Pauta do comite de suprimentos,"Ola Paula,

Segue o resumo do que combinamos na reuniao e os proximos passos do projeto Cobalto. Qualquer ajuste me avise ate segunda.

Abraco,
Ana
Prisma Varejo",pass,pass,3864,,,0
legit-0341@deltasaude.com.br,Helena Almeida,helena.costa@deltasaude.com.br,helena@rio parceiro.com.br,Proposta comercial Delta Saude,"Pessoal,

A pauta do comite de juridico esta definida: orcamento, contratacoes e o roadmap do projeto Farol. Chamada no calendario para quarta.

Helena",pass,pass,6025,backup.zip,,0
legit-0269@riobrancoindustria.com.br,Fernanda Souza,fernanda.costa@riobrancoindustria.com.br,fernanda@sigmparceiro.com.br,Pauta do comite de juridico,"Helena,

O cliente pediu retorno urgente sobre a proposta. Verifique agora se a versao no portal esta correta: https://riobrancoindustria.com.br/propostas/934

Obrigado,
Fernanda",pass,pass,5047,ata.pdf,,0
legit-0265@norteseguros.com.br,Otavio Souza,otavio.souza@norteseguros.com.br,,Relatorio semanal de vendas - semana 383,"Lucas,

O cliente pediu retorno urgente sobre a proposta. Verifique agora se a versao no portal esta correta: https://norteseguros.com.br/propostas/383

Obrigado,
Otavio",pass,pass,5502,,,0
phish-bec-0023@norteseguros.com.br,Rafael Silva,rafael.souza@norteseguros.com.br,rafael.financeiro@norteseguros.com.br,Follow-up da call de ontem,"Eduardo, tudo bem?

Revisei o documento e deixei comentarios nas secoes 2 e 4. A versao consolidada esta em https://docs.google.com/document/d/5t1lm54f72b27uxoal2ywp

Abraco,
Rafael",pass,pass,6840,relatorio.pdf,,1
phish-bec-0029@atlasenergia.com.br,Otavio Silva,otavio.costa@atlasenergia.com.br,,Onboarding do novo analista de financeiro,"Nara, tudo bem?

Revisei o documento e deixei comentarios nas secoes 2 e 4. A versao consolidada esta em https://docs.google.com/document/d/7mu0gfcaq6bxllqd0tbx39

Abraco,
Otavio",pass,pass,6961,documento.pdf,,1
legit-0095@oriontelecom.com.br,Gustavo Almeida,gustavo.costa@oriontelecom.com.br,,Relatorio semanal de vendas - semana 226,"Oi Diego,

Conforme conversamos, a proposta para Orion Telecom esta anexada. O prazo de validade e de 30 dias e o escopo cobre as tres frentes que voce pediu.

Obrigado,
Gustavo

Canal oficial do banco: https://bradesco.com.br/empresas",pass,pass,4809,contrato.docx,,0
phish-0169@hotmail.com,Juliana Reis,nao-responda@hotmail.com,retorno97@yandex.com,Seu CPF foi negativado - regularize em 24 horas,"Prezado cliente,

Detectamos uma movimentacao suspeita e sua conta sera bloqueada. Clique aqui para verificar agora: https://bit.ly/bkyixr0

Voce tem 24 horas para confirmar seus dados, caso contrario a conta sera suspensa definitivamente.

Atenciosamente,
Central de Seguranca Receita Federal",none,none,65,nota.pdf.zip,https://bit.ly/bkyixr0,1
legit-0042@oriontelecom.com.br,Carla Silva,carla.silva@oriontelecom.com.br,,Ata da reuniao de terca,"Oi Paula,

Conforme conversamos, a proposta para Orion Telecom esta anexada. O prazo de validade e de 30 dias e o escopo cobre as tres frentes que voce pediu.

Obrigado,
Carla

Canal oficial do banco: https://serasa.com.br/empresas",pass,pass,4721,backup.zip,,0
phish-bec-0013@atlasenergia.com.br,Diego Souza,diego.souza@atlasenergia.com.br,,Sobre o pagamento de ontem,"Oi Paula,

O pagamento de ontem nao caiu na nossa conta. Consegue verificar com o financeiro e me responder ainda hoje? Estou em reuniao, prefiro por e-mail.

Diego",pass,pass,5094,documento.pdf,,1
phish-0199@hotmail.com,Fernanda Lima,nao-responda@hotmail.com,,Seu CPF foi negativado - regularize em 24 horas,"Prezado cliente,

Detectamos uma movimentacao suspeita e sua conta sera bloqueada. Clique aqui para verificar agora: http://65.131.198.110/magalu/login

Voce tem 24 horas para confirmar seus dados, caso contrario a conta sera suspensa definitivamente.

Atenciosamente,
Central de Seguranca Magalu",softfail,none,46,documento.exe,http://65.131.198.110/magalu/login,1
phish-bec-0040@norteseguros.com.br,Carla Silva,carla.costa@norteseguros.com.br,,Documento para revisao,"Helena, segue o documento que comentamos na call. Preciso da sua validacao para seguir com o contrato.

Abraco,
Carla",pass,pass,3073,,,1
legit-0628@norteseguros.com.br,Juliana Almeida,juliana.costa@norteseguros.com.br,,Ferias aprovadas - Rafael,"Time,

O deploy em homologacao foi concluido. O ambiente esta disponivel em https://homolog.norteseguros.com.br/painel para validacao funcional. Reportem os problemas pelo Jira.

Juliana

Canal oficial do banco: https://itau.com.br/empresas",pass,pass,2099,planilha.xlsx,,0
legit-0045@norteseguros.com.br,Helena Almeida,helena.silva@norteseguros.com.br,,Resultado do teste de carga no ambiente de homologacao,"Bom dia,

Segue a nota fiscal 784 do servico de consultoria prestado em janeiro. O pagamento segue o combinado, boleto com vencimento em 15 dias.

Financeiro - Norte Seguros

Link rapido: https://bit.ly/p41bjt",pass,pass,3276,planilha.xlsx,,0
legit-0161@sigmaalimentos.com.br,Ana Almeida,ana.silva@sigmaalimentos.com.br,,Follow-up da call de ontem,"Oi,

Segue a segunda via do boleto do fornecedor. O pagamento pode ser feito via pix pela conta da empresa. O comprovante de pagamento esta em anexo.

Ana - Sigma Alimentos",pass,pass,5318,backup.zip,,0
legit-0727@prismavarejo.com.br,Mariana Silva,mariana.souza@prismavarejo.com.br,,Reserva de sala para a apresentacao de julho,"Bom dia,

Segue a nota fiscal 857 do servico de consultoria prestado em julho. O pagamento segue o combinado, boleto com vencimento em 15 dias.

Financeiro - Prisma Varejo

Link rapido: https://tinyurl.com/4oc9y3",pass,pass,1981,backup.zip,,0
legit-0629@sigmaalimentos.com.br,Lucas Almeida,lucas.souza@sigmaalimentos.com.br,lucas@nortparceiro.com.br,Follow-up da call de ontem,"Lucas, tudo bem?

Revisei o documento e deixei comentarios nas secoes 2 e 4. A versao consolidada esta em https://docs.google.com/document/d/r2uyun5978klsdsh8c77i0

Abraco,
Lucas",pass,pass,4476,backup.zip,,0
legit-0288@riobrancoindustria.com.br,Mariana Silva,mariana.silva@riobrancoindustria.com.br,,Nota fiscal 432 referente ao servico de consultoria,"Carla,

O cliente pediu retorno urgente sobre a proposta. Verifique agora se a versao no portal esta correta: https://riobrancoindustria.com.br/propostas/432

Obrigado,
Mariana",pass,pass,3928,relatorio.pdf,,0
legit-0589@deltasaude.com.br,Ana Almeida,ana.souza@deltasaude.com.br,,Relatorio semanal de vendas - semana 862,"Igor,

O cliente pediu retorno urgente sobre a proposta. Verifique agora se a versao no portal esta correta: https://deltasaude.com.br/propostas/862

Obrigado,
Ana",pass,pass,1779,,,0
phish-0098@itauonline.zip,Fernanda Reis,atendimento@itauonline.zip,retorno81@gmail.com,Seu CPF foi negativado - regularize em 24 horas,"Parabens! Voce foi selecionado no sorteio Itau e tem um premio de R$ 5.000 para resgatar. Clique aqui: http://105.117.3.201/itau/login

Vagas limitadas, resgate seu premio em 24 horas.",softfail,none,16,,http://105.117.3.201/itau/login,1
phish-0154@hotmail.com,Bradesco Central,atendimento@hotmail.com,,Restituicao do IRPF liberada - resgate seu valor hoje,"Sua fatura esta em atraso e o nome sera negativado.

Acesse https://encurtador.com.br/bqn229y e emita a segunda via do boleto para evitar restricao no seu CPF.

Setor de Cobranca Bradesco",none,fail,47,fatura.html,https://encurtador.com.br/bqn229y,1
legit-0575@oriontelecom.com.br,Ana Silva,ana.silva@oriontelecom.com.br,,Pauta do comite de suprimentos,"Oi Mariana,

Conforme conversamos, a proposta para Orion Telecom esta anexada. O prazo de validade e de 30 dias e o escopo cobre as tres frentes que voce pediu.

Obrigado,
Ana",pass,pass,2247,planilha.xlsx,,0
legit-0315@vegalog.com.br,Otavio Souza,otavio.costa@vegalog.com.br,,Ata da reuniao de quinta,"Igor,

O cliente pediu retorno urgente sobre a proposta. Verifique agora se a versao no portal esta correta: https://vegalog.com.br/propostas/832

Obrigado,
Otavio",pass,pass,4678,contrato.docx,,0
legit-0230@oriontelecom.com.br,Helena Silva,helena.costa@oriontelecom.com.br,,Onboarding do novo analista de tecnologia,"Prezados,

Encaminho o relatorio da semana 389 com os numeros de tecnologia. Os detalhes estao na planilha anexa. Podemos discutir na reuniao de quinta.

Atenciosamente,
Helena",pass,pass,5100,ata.pdf,,0
legit-0698@oriontelecom.com.br,Lucas Costa,lucas.costa@oriontelecom.com.br,,Proposta comercial Orion Telecom,"Ola Eduardo,

Segue o resumo do que combinamos na reuniao e os proximos passos do projeto Farol. Qualquer ajuste me avise ate quinta.

Abraco,
Lucas
Orion Telecom",pass,pass,912,,,0
phish-bec-0033@riobrancoindustria.com.br,Ana Costa,ana.costa@riobrancoindustria.com.br,,Confirmacao de dados bancarios do fornecedor,"Bom dia,

Mudamos a conta de recebimento. Pode atualizar o cadastro do fornecedor para a nova conta antes do pagamento de amanha? Envio os dados no retorno deste e-mail.

Obrigado,
Ana",pass,pass,3113,planilha.xlsx,,1
legit-0711@vegalog.com.br,Igor Silva,igor.silva@vegalog.com.br,,Atualizacao do cronograma do projeto Farol,"Prezados,

Encaminho o relatorio da semana 911 com os numeros de financeiro. Os detalhes estao na planilha anexa. Podemos discutir na reuniao de quinta.

Atenciosamente,
Igor",pass,pass,6556,,,0
legit-0076@prismavarejo.com.br,Otavio Silva,otavio.costa@prismavarejo.com.br,,Pagamento via pix ao fornecedor - confirmacao,"Lucas,

O cliente pediu retorno urgente sobre a proposta. Verifique agora se a versao no portal esta correta: https://prismavarejo.com.br/propostas/842

Obrigado,
Otavio",pass,pass,2534,backup.zip,,0
legit-0633@prismavarejo.com.br,Paula Silva,paula.silva@prismavarejo.com.br,,Ferias aprovadas - Juliana,"Ola Juliana,

Segue o resumo do que combinamos na reuniao e os proximos passos do projeto Cobalto. Qualquer ajuste me avise ate sexta.

Abraco,
Paula
Prisma Varejo",pass,pass,4338,planilha.xlsx,,0
phish-0173@gmail.com,Otavio Reis,suporte@gmail.com,,Sua encomenda esta retida - pague a taxa de liberacao,"Segue em anexo o comprovante de pagamento. Abra o documento e confirme os dados em http://serasa.verifica-cliente.com/acesso.php?id=kbd8eq3scg para dar baixa na pendencia.

Departamento Financeiro Serasa",none,none,33,comprovante.zip,http://serasa.verifica-cliente.com/acesso.php?id=kbd8eq3scg,1
legit-0247@oriontelecom.com.br,Mariana Costa,mariana.costa@oriontelecom.com.br,,Atualizacao do cronograma do projeto Dunas,"Pessoal,

A pauta do comite de vendas esta definida: orcamento, contratacoes e o roadmap do projeto Dunas. Chamada no calendario para quarta.

Mariana",pass,pass,4266,,,0
legit-0476@atlasenergia.com.br,Diego Souza,diego.costa@atlasenergia.com.br,,Ata da reuniao de terca,"Hi Diego,

Please find attached the updated forecast for suprimentos. The numbers were reviewed with the regional team. Let us discuss on terca.

Best regards,
Diego

Canal oficial do banco: https://itau.com.br/empresas",pass,pass,5680,ata.pdf,,0
legit-0670@deltasaude.com.br,Lucas Silva,lucas.costa@deltasaude.com.br,,Convite: alinhamento do projeto Aurora,"Time,

O deploy em homologacao foi concluido. O ambiente esta disponivel em https://homolog.deltasaude.com.br/painel para validacao funcional. Reportem os problemas pelo Jira.

Lucas",pass,pass,189,ata.pdf,,0
legit-0085@atlasenergia.com.br,Lucas Costa,lucas.costa@atlasenergia.com.br,,Ata da reuniao de quarta,"Prezados,

Encaminho o relatorio da semana 296 com os numeros de tecnologia. Os detalhes estao na planilha anexa. Podemos discutir na reuniao de quarta.

Atenciosamente,
Lucas",pass,pass,6031,ata.pdf,,0
legit-0469@riobrancoindustria.com.br,Helena Silva,helena.souza@riobrancoindustria.com.br,,Ata da reuniao de segunda,"Oi,

Segue a segunda via do boleto do fornecedor. O pagamento pode ser feito via pix pela conta da empresa. O comprovante de pagamento esta em anexo.

Helena - Rio Branco Industria

Canal oficial do banco: https://serasa.com.br/empresas",pass,pass,1316,planilha.xlsx,,0
legit-0225@vegalog.com.br,Otavio Souza,otavio.silva@vegalog.com.br,,Follow-up da call de ontem,"Pessoal,

A pauta do comite de financeiro esta definida: orcamento, contratacoes e o roadmap do projeto Dunas. Chamada no calendario para segunda.

Otavio",pass,pass,5111,backup.zip,,0
phish-bec-0014@norteseguros.com.br,Rafael Souza,rafael.souza@norteseguros.com.br,,Sobre o pagamento de ontem,"Oi Helena,

O pagamento de ontem nao caiu na nossa conta. Consegue verificar com o financeiro e me responder ainda hoje? Estou em reuniao, prefiro por e-mail.

Rafael",pass,pass,3786,relatorio.pdf,,1
legit-0331@sigmaalimentos.com.br,Juliana Souza,juliana.souza@sigmaalimentos.com.br,juliana@nortparceiro.com.br,Urgente: cliente Sigma Alimentos pediu retorno hoje,"Ola Gustavo,

Segue o resumo do que combinamos na reuniao e os proximos passos do projeto Dunas. Qualquer ajuste me avise ate quinta.

Abraco,
Juliana
Sigma Alimentos",pass,pass,2376,ata.pdf,,0
legit-0233@vegalog.com.br,Gustavo Costa,gustavo.costa@vegalog.com.br,,Follow-up da call de ontem,"Helena, tudo bem?

Revisei o documento e deixei comentarios nas secoes 2 e 4. A versao consolidada esta em https://docs.google.com/document/d/nuio1geq865mkg98pzgi19

Abraco,
Gustavo",pass,pass,5206,,,0
legit-0588@oriontelecom.com.br,Mariana Almeida,mariana.souza@oriontelecom.com.br,,Atualizacao do cronograma do projeto Dunas,"Helena, tudo bem?

Revisei o documento e deixei comentarios nas secoes 2 e 4. A versao consolidada esta em https://docs.google.com/document/d/9j0foc9gq0khraj06jx4w9

Abraco,
Mariana",pass,none,6745,ata.pdf,,0
legit-0475@prismavarejo.com.br,Carla Almeida,carla.costa@prismavarejo.com.br,,Convite: alinhamento do projeto Dunas,"Pessoal,

A pauta do comite de operacoes esta definida: orcamento, contratacoes e o roadmap do projeto Dunas. Chamada no calendario para terca.

Carla",none,pass,2812,backup.zip,,0
phish-0096@meumagalu.work,Bruno Lima,seguranca@meumagalu.work,,Pix nao autorizado detectado na sua conta Magalu,"Segue em anexo o comprovante de pagamento. Abra o documento e confirme os dados em http://meumagalu.work/acesso.php?id=6rcqka241w para dar baixa na pendencia.

Departamento Financeiro Magalu",pass,pass,1580,documento.exe,http://meumagalu.work/acesso.php?id=6rcqka241w,1
phish-0077@netflix-clientes.sbs,Netflix Seguranca,seguranca@netflix-clientes.sbs,,[Netflix] Confirme seus dados agora para evitar o bloqueio,"Parabens! Voce foi selecionado no sorteio Netflix e tem um premio de R$ 5.000 para resgatar. Clique aqui: http://47.220.57.176/netflix/login

Vagas limitadas, resgate seu premio em 24 horas.",pass,pass,1153,,http://47.220.57.176/netflix/login,1
legit-0599@norteseguros.com.br,Fernanda Costa,fernanda.silva@norteseguros.com.br,,Convite: alinhamento do projeto Baobab,"Hi Gustavo,

Please find attached the updated forecast for juridico. The numbers were reviewed with the regional team. Let us discuss on terca.

Best regards,
Fernanda",pass,none,5625,ata.pdf,,0
legit-0421@riobrancoindustria.com.br,Igor Souza,igor.souza@riobrancoindustria.com.br,,Verifique agora os numeros da planilha de tecnologia,"Oi,

Segue a segunda via do boleto do fornecedor. O pagamento pode ser feito via pix pela conta da empresa. O comprovante de pagamento esta em anexo.

Igor - Rio Branco Industria

Link rapido: https://bit.ly/fctksj",pass,pass,2000,planilha.xlsx,,0
legit-0687@sigmaalimentos.com.br,Rafael Silva,rafael.souza@sigmaalimentos.com.br,,Follow-up da call de ontem,"Juliana, tudo bem?

Revisei o documento e deixei comentarios nas secoes 2 e 4. A versao consolidada esta em https://docs.google.com/document/d/ig6mt60zvd5prvf3wbyz0t

Abraco,
Rafael",pass,pass,99,backup.zip,,0
legit-0182@norteseguros.com.br,Nara Almeida,nara.silva@norteseguros.com.br,,Urgente: cliente Norte Seguros pediu retorno hoje,"Pessoal,

A pauta do comite de vendas esta definida: orcamento, contratacoes e o roadmap do projeto Farol. Chamada no calendario para terca.

Nara",pass,pass,2229,contrato.docx,,0
legit-0617@sigmaalimentos.com.br,Diego Costa,diego.costa@sigmaalimentos.com.br,,Resultado do teste de carga no ambiente de homologacao,"Prezados,

Encaminho o relatorio da semana 868 com os numeros de financeiro. Os detalhes estao na planilha anexa. Podemos discutir na reuniao de quinta.

Atenciosamente,
Diego",pass,pass,1376,planilha.xlsx,,0
legit-0332@vegalog.com.br,Carla Costa,carla.silva@vegalog.com.br,,Atualizacao do cronograma do projeto Dunas,"Oi Otavio,

Conforme conversamos, a proposta para Vega Log esta anexada. O prazo de validade e de 30 dias e o escopo cobre as tres frentes que voce pediu.

Obrigado,
Carla",pass,pass,2516,contrato.docx,,0
legit-0438@sigmaalimentos.com.br,Gustavo Almeida,gustavo.silva@sigmaalimentos.com.br,,Resultado do teste de carga no ambiente de homologacao,"Ola Igor,

Segue o resumo do que combinamos na reuniao e os proximos passos do projeto Cobalto. Qualquer ajuste me avise ate sexta.

Abraco,
Gustavo
Sigma Alimentos",pass,pass,2121,contrato.docx,,0
legit-0049@atlasenergia.com.br,Fernanda Silva,fernanda.silva@atlasenergia.com.br,fernanda@atlaparceiro.com.br,Onboarding do novo analista de vendas,"Ola Diego,

Segue o resumo do que combinamos na reuniao e os proximos passos do projeto Cobalto. Qualquer ajuste me avise ate quinta.

Abraco,
Fernanda
Atlas Energia",none,pass,2248,backup.zip,,0
legit-0005@atlasenergia.com.br,Otavio Souza,otavio.souza@atlasenergia.com.br,,Onboarding do novo analista de vendas,"Ola Mariana,

Segue o resumo do que combinamos na reuniao e os proximos passos do projeto Aurora. Qualquer ajuste me avise ate terca.

Abraco,
Otavio
Atlas Energia",pass,pass,4793,relatorio.pdf,,0
legit-0529@vegalog.com.br,Mariana Costa,mariana.souza@vegalog.com.br,,Reserva de sala para a apresentacao de julho,"Juliana,

O cliente pediu retorno urgente sobre a proposta. Verifique agora se a versao no portal esta correta: https://vegalog.com.br/propostas/151

Obrigado,
Mariana",softfail,pass,4718,contrato.docx,,0
legit-0234@deltasaude.com.br,Eduardo Silva,eduardo.souza@deltasaude.com.br,,Verifique agora os numeros da planilha de tecnologia,"Juliana,

O cliente pediu retorno urgente sobre a proposta. Verifique agora se a versao no portal esta correta: https://deltasaude.com.br/propostas/404

Obrigado,
Eduardo",pass,none,6779,ata.pdf,,0
legit-0486@atlasenergia.com.br,Ana Souza,ana.costa@atlasenergia.com.br,,Fechamento contabil de agosto,"Time,

O deploy em homologacao foi concluido. O ambiente esta disponivel em https://homolog.atlasenergia.com.br/painel para validacao funcional. Reportem os problemas pelo Jira.

Ana",pass,pass,4868,contrato.docx,,0
phish-0110@mercadopago-clientes.sbs,Mercado Pago Atendimento,nao-responda@mercadopago-clientes.sbs,,ULTIMO AVISO: fatura em atraso do Mercado Pago,"Sua assinatura foi suspensa por falha na cobranca. Atualize seu cadastro em http://mercadopago-clientes.sbs/validar.php?id=dlykto5uma para reativar o acesso agora mesmo.

Equipe Mercado Pago",pass,pass,1661,nota.pdf.zip,http://mercadopago-clientes.sbs/validar.php?id=dlykto5uma,1
legit-0497@atlasenergia.com.br,Juliana Almeida,juliana.souza@atlasenergia.com.br,,Ata da reuniao de quinta,"Lucas,

O cliente pediu retorno urgente sobre a proposta. Verifique agora se a versao no portal esta correta: https://atlasenergia.com.br/propostas/124

Obrigado,
Juliana",pass,pass,3030,planilha.xlsx,,0
phish-0104@itau.verifica-cliente.com,Itau Atendimento,atendimento@itau.verifica-cliente.com,,Comprovante de pagamento em anexo - confira agora,"Informamos que sua restituicao foi liberada. Para receber o valor via pix, confirme seus dados bancarios em http://itau.verifica-cliente.com/validar.php?id=qpayqjigc3

O prazo final para resgate expira hoje.

Receita Federal - Itau",pass,pass,955,nota.pdf.zip,http://itau.verifica-cliente.com/validar.php?id=qpayqjigc3,1
legit-0106@norteseguros.com.br,Lucas Silva,lucas.costa@norteseguros.com.br,,Nota fiscal 753 referente ao servico de consultoria,"Mariana, tudo bem?

Revisei o documento e deixei comentarios nas secoes 2 e 4. A versao consolidada esta em https://docs.google.com/document/d/ecp6x93lipzmdcax0uko3s

Abraco,
Lucas

Canal oficial do banco: https://nubank.com.br/empresas",pass,pass,4488,,,0
legit-0443@prismavarejo.com.br,Lucas Costa,lucas.souza@prismavarejo.com.br,,Proposta comercial Prisma Varejo,"Ola Mariana,

Segue o resumo do que combinamos na reuniao e os proximos passos do projeto Aurora. Qualquer ajuste me avise ate quinta.

Abraco,
Lucas
Prisma Varejo",pass,none,2512,,,0
legit-0488@sigmaalimentos.com.br,Eduardo Souza,eduardo.costa@sigmaalimentos.com.br,,Follow-up da call de ontem,"Oi Bruno,

Conforme conversamos, a proposta para Sigma Alimentos esta anexada. O prazo de validade e de 30 dias e o escopo cobre as tres frentes que voce pediu.

Obrigado,
Eduardo",pass,pass,2756,,,0
legit-0646@vegalog.com.br,Gustavo Souza,gustavo.souza@vegalog.com.br,,Relatorio semanal de vendas - semana 295,"Mariana, tudo bem?

Revisei o documento e deixei comentarios nas secoes 2 e 4. A versao consolidada esta em https://docs.google.com/document/d/urglika4snbixzebg76vdx

Abraco,
Gustavo

Link rapido: https://tinyurl.com/lyiiah",pass,pass,1168,relatorio.pdf,,0
legit-0012@sigmaalimentos.com.br,Bruno Silva,bruno.costa@sigmaalimentos.com.br,,Relatorio semanal de vendas - semana 536,"Ola Paula,

Segue o resumo do que combinamos na reuniao e os proximos passos do projeto Aurora. Qualquer ajuste me avise ate sexta.

Abraco,
Bruno
Sigma Alimentos",pass,pass,1829,relatorio.pdf,,0
legit-0738@vegalog.com.br,Ana Souza,ana.silva@vegalog.com.br,,Segunda via do boleto do fornecedor Vega Log,"Lucas,

O cliente pediu retorno urgente sobre a proposta. Verifique agora se a versao no portal esta correta: https://vegalog.com.br/propostas/653

Obrigado,
Ana",pass,pass,129,relatorio.pdf,,0
legit-0726@oriontelecom.com.br,Igor Almeida,igor.costa@oriontelecom.com.br,,Ata da reuniao de quarta,"Carla, tudo bem?

Revisei o documento e deixei comentarios nas secoes 2 e 4. A versao consolidada esta em https://docs.google.com/document/d/wil1bm1eoyi9kbuvekee6d

Abraco,
Igor",pass,pass,141,planilha.xlsx,,0
legit-0190@oriontelecom.com.br,Nara Costa,nara.silva@oriontelecom.com.br,,Contrato 950 para assinatura,"Pessoal,

A pauta do comite de juridico esta definida: orcamento, contratacoes e o roadmap do projeto Baobab. Chamada no calendario para quinta.

Nara",pass,pass,2969,ata.pdf,,0
phish-0150@hotmail.com,Nubank Atendimento,nao-responda@hotmail.com,retorno11@gmail.com,Assinatura Nubank suspensa: atualize a forma de pagamento,"Detectamos um pix nao autorizado de R$ 4.780,00 na sua conta. Se nao reconhece, cancele imediatamente: https://nubank.rpuvwynl.com/seguranca/validacao

Informe sua senha de 6 digitos para validar o cancelamento.

Seguranca Nubank",none,fail,15,comprovante.zip,https://nubank.rpuvwynl.com/seguranca/validacao,1
legit-0282@atlasenergia.com.br,Mariana Costa,mariana.souza@atlasenergia.com.br,,Reserva de sala para a apresentacao de janeiro,"Prezados,

Encaminho o relatorio da semana 318 com os numeros de vendas. Os detalhes estao na planilha anexa. Podemos discutir na reuniao de terca.

Atenciosamente,
Mariana",pass,pass,6842,ata.pdf,,0
legit-0029@vegalog.com.br,Carla Silva,carla.costa@vegalog.com.br,,Nota fiscal 300 referente ao servico de consultoria,"Oi Ana,

Conforme conversamos, a proposta para Vega Log esta anexada. O prazo de validade e de 30 dias e o escopo cobre as tres frentes que voce pediu.

Obrigado,
Carla",pass,none,6905,relatorio.pdf,,0
legit-0169@oriontelecom.com.br,Rafael Costa,rafael.souza@oriontelecom.com.br,,Nota fiscal 971 referente ao servico de consultoria,"Time,

O deploy em homologacao foi concluido. O ambiente esta disponivel em https://homolog.oriontelecom.com.br/painel para validacao funcional. Reportem os problemas pelo Jira.

Rafael",pass,pass,3889,backup.zip,,0
legit-0180@oriontelecom.com.br,Paula Almeida,paula.souza@oriontelecom.com.br,,Pauta do comite de financeiro,"Pessoal,

A pauta do comite de financeiro esta definida: orcamento, contratacoes e o roadmap do projeto Everest. Chamada no calendario para sexta.

Paula",pass,pass,1253,relatorio.pdf,,0
legit-0100@vegalog.com.br,Paula Almeida,paula.silva@vegalog.com.br,,Reserva de sala para a apresentacao de abril,"Time,

O deploy em homologacao foi concluido. O ambiente esta disponivel em https://homolog.vegalog.com.br/painel para validacao funcional. Reportem os problemas pelo Jira.

Paula",pass,pass,3960,relatorio.pdf,,0
legit-0197@atlasenergia.com.br,Bruno Silva,bruno.souza@atlasenergia.com.br,,Contrato 603 para assinatura,"Ola Rafael,

Segue o resumo do que combinamos na reuniao e os proximos passos do projeto Farol. Qualquer ajuste me avise ate quarta.

Abraco,
Bruno
Atlas Energia",pass,pass,2092,contrato.docx,,0
legit-0495@deltasaude.com.br,Otavio Costa,otavio.souza@deltasaude.com.br,,Relatorio semanal de vendas - semana 562,"Ola Diego,

Segue o resumo do que combinamos na reuniao e os proximos passos do projeto Dunas. Qualquer ajuste me avise ate quarta.

Abraco,
Otavio
Delta Saude",pass,pass,2459,backup.zip,,0
legit-0721@vegalog.com.br,Diego Souza,diego.costa@vegalog.com.br,,Contrato 704 para assinatura,"Bom dia,

Segue a nota fiscal 704 do servico de consultoria prestado em maio. O pagamento segue o combinado, boleto com vencimento em 15 dias.

Financeiro - Vega Log",pass,pass,926,planilha.xlsx,,0
legit-0647@deltasaude.com.br,Nara Costa,nara.silva@deltasaude.com.br,,Segunda via do boleto do fornecedor Delta Saude,"Hi Mariana,

Please find attached the updated forecast for financeiro. The numbers were reviewed with the regional team. Let us discuss on terca.

Best regards,
Nara",pass,pass,906,,,0
phish-0178@correios.verifica-cliente.com,Fernanda Lima,suporte@correios.verifica-cliente.com,,URGENTE: sua conta Correios sera bloqueada em 24 horas,"Sua assinatura foi suspensa por falha na cobranca. Atualize seu cadastro em http://32.124.244.68/correios/login para reativar o acesso agora mesmo.

Equipe Correios",fail,fail,72,,http://32.124.244.68/correios/login,1
phish-0137@outlook.com,Magalu Cobranca,seguranca@outlook.com,,Restituicao do IRPF liberada - resgate seu valor hoje,"Parabens! Voce foi selecionado no sorteio Magalu e tem um premio de R$ 5.000 para resgatar. Clique aqui: https://magalu.zox8qcmy.com/seguranca/validacao

Vagas limitadas, resgate seu premio em 24 horas.",pass,pass,3319,documento.exe,https://magalu.zox8qcmy.com/seguranca/validacao,1
legit-0710@vegalog.com.br,Bruno Almeida,bruno.silva@vegalog.com.br,,Fechamento contabil de fevereiro,"Ola Ana,

Segue o resumo do que combinamos na reuniao e os proximos passos do projeto Everest. Qualquer ajuste me avise ate terca.

Abraco,
Bruno
Vega Log

Canal oficial do banco: https://correios.com.br/empresas",pass,pass,5650,,,0
legit-0373@riobrancoindustria.com.br,Otavio Costa,otavio.souza@riobrancoindustria.com.br,,Feedback da sprint 636,"Hi Lucas,

Please find attached the updated forecast for tecnologia. The numbers were reviewed with the regional team. Let us discuss on terca.

Best regards,
Otavio",pass,pass,6563,,,0
legit-0678@atlasenergia.com.br,Gustavo Silva,gustavo.souza@atlasenergia.com.br,,Nota fiscal 848 referente ao servico de consultoria,"Pessoal,

A pauta do comite de suprimentos esta definida: orcamento, contratacoes e o roadmap do projeto Baobab. Chamada no calendario para segunda.

Gustavo",pass,pass,5958,contrato.docx,,0
phish-0157@picpay.verifica-cliente.com,PicPay Atendimento,seguranca@picpay.verifica-cliente.com,,Processo judicial em seu nome - intimacao eletronica,"Parabens! Voce foi selecionado no sorteio PicPay e tem um premio de R$ 5.000 para resgatar. Clique aqui: http://218.176.232.166/picpay/login

Vagas limitadas, resgate seu premio em 24 horas.",pass,pass,3867,,http://218.176.232.166/picpay/login,1
legit-0648@oriontelecom.com.br,Igor Silva,igor.costa@oriontelecom.com.br,igor@nortparceiro.com.br,Resultado do teste de carga no ambiente de homologacao,"Hi Mariana,

Please find attached the updated forecast for juridico. The numbers were reviewed with the regional team. Let us discuss on segunda.

Best regards,
Igor",pass,pass,5102,backup.zip,,0
phish-bec-0037@norteseguros.com.br,Nara Souza,nara.souza@norteseguros.com.br,,Documento para revisao,"Nara, segue o documento que comentamos na call. Preciso da sua validacao para seguir com o contrato.

Abraco,
Nara",pass,pass,6501,documento.pdf,,1
legit-0460@riobrancoindustria.com.br,Nara Costa,nara.costa@riobrancoindustria.com.br,,Urgente: cliente Rio Branco Industria pediu retorno hoje,"Time,

O deploy em homologacao foi concluido. O ambiente esta disponivel em https://homolog.riobrancoindustria.com.br/painel para validacao funcional. Reportem os problemas pelo Jira.

Nara",pass,pass,2830,relatorio.pdf,,0
legit-0413@prismavarejo.com.br,Otavio Costa,otavio.silva@prismavarejo.com.br,,Ferias aprovadas - Rafael,"Bom dia,

Segue a nota fiscal 732 do servico de consultoria prestado em abril. O pagamento segue o combinado, boleto com vencimento em 15 dias.

Financeiro - Prisma Varejo

Canal oficial do banco: https://serasa.com.br/empresas",pass,pass,1832,ata.pdf,,0
legit-0131@oriontelecom.com.br,Bruno Costa,bruno.costa@oriontelecom.com.br,,Atualizacao do cronograma do projeto Aurora,"Nara, tudo bem?

Revisei o documento e deixei comentarios nas secoes 2 e 4. A versao consolidada esta em https://docs.google.com/document/d/22b09fbtw6u1qhm9ak09s7

Abraco,
Bruno

Canal oficial do banco: https://caixa.gov.br/empresas",pass,pass,3396,,,0
legit-0039@norteseguros.com.br,Fernanda Almeida,fernanda.souza@norteseguros.com.br,,Pagamento via pix ao fornecedor - confirmacao,"Oi,

Segue a segunda via do boleto do fornecedor. O pagamento pode ser feito via pix pela conta da empresa. O comprovante de pagamento esta em anexo.

Fernanda - Norte Seguros",pass,pass,2895,contrato.docx,,0
legit-0434@riobrancoindustria.com.br,Diego Costa,diego.souza@riobrancoindustria.com.br,,Reserva de sala para a apresentacao de abril,"Time,

O deploy em homologacao foi concluido. O ambiente esta disponivel em https://homolog.riobrancoindustria.com.br/painel para validacao funcional. Reportem os problemas pelo Jira.

Diego

Canal oficial do banco: https://itau.com.br/empresas",pass,pass,5896,,,0
legit-0215@prismavarejo.com.br,Gustavo Costa,gustavo.costa@prismavarejo.com.br,,Convite: alinhamento do projeto Cobalto,"Time,

O deploy em homologacao foi concluido. O ambiente esta disponivel em https://homolog.prismavarejo.com.br/painel para validacao funcional. Reportem os problemas pelo Jira.

Gustavo",none,pass,6241,planilha.xlsx,,0
legit-0555@deltasaude.com.br,Diego Costa,diego.souza@deltasaude.com.br,,Relatorio semanal de vendas - semana 518,"Prezados,

Encaminho o relatorio da semana 518 com os numeros de operacoes. Os detalhes estao na planilha anexa. Podemos discutir na reuniao de sexta.

Atenciosamente,
Diego",pass,pass,5108,backup.zip,,0
legit-0566@sigmaalimentos.com.br,Fernanda Souza,fernanda.silva@sigmaalimentos.com.br,,Feedback da sprint 686,"Pessoal,

A pauta do comite de financeiro esta definida: orcamento, contratacoes e o roadmap do projeto Baobab. Chamada no calendario para segunda.

Fernanda",pass,pass,5410,planilha.xlsx,,0
phish-bec-0002@deltasaude.com.br,Paula Silva,paula.souza@deltasaude.com.br,,Follow-up da call de ontem,"Oi Helena,

Conforme conversamos, a proposta para Delta Saude esta anexada. O prazo de validade e de 30 dias e o escopo cobre as tres frentes que voce pediu.

Obrigado,
Paula",pass,pass,1566,planilha.xlsx,,1
legit-0474@deltasaude.com.br,Ana Costa,ana.souza@deltasaude.com.br,ana@nortparceiro.com.br,Atualizacao do cronograma do projeto Dunas,"Otavio,

O cliente pediu retorno urgente sobre a proposta. Verifique agora se a versao no portal esta correta: https://deltasaude.com.br/propostas/113

Obrigado,
Ana",pass,pass,2332,ata.pdf,,0
legit-0456@deltasaude.com.br,Paula Souza,paula.silva@deltasaude.com.br,,Onboarding do novo analista de tecnologia,"Pessoal,

A pauta do comite de tecnologia esta definida: orcamento, contratacoes e o roadmap do projeto Dunas. Chamada no calendario para sexta.

Paula",pass,pass,6464,contrato.docx,,0
phish-0051@bit.ly,Nubank Atendimento,atendimento@bit.ly,,Comprovante de pagamento em anexo - confira agora,"Segue em anexo o comprovante de pagamento. Abra o documento e confirme os dados em https://bit.ly/5amre1n para dar baixa na pendencia.

Departamento Financeiro Nubank",fail,fail,45,,https://bit.ly/5amre1n,1
legit-0260@oriontelecom.com.br,Fernanda Almeida,fernanda.costa@oriontelecom.com.br,,Pagamento via pix ao fornecedor - confirmacao,"Prezados,

Encaminho o relatorio da semana 821 com os numeros de operacoes. Os detalhes estao na planilha anexa. Podemos discutir na reuniao de sexta.

Atenciosamente,
Fernanda",pass,pass,1682,backup.zip,,0
phish-0056@outlook.com,Fernanda Reis,suporte@outlook.com,retorno75@yandex.com,Sua encomenda esta retida - pague a taxa de liberacao,"Parabens! Voce foi selecionado no sorteio PicPay e tem um premio de R$ 5.000 para resgatar. Clique aqui: https://picpay.zkojh2wg.com/seguranca/validacao

Vagas limitadas, resgate seu premio em 24 horas.",none,none,66,nota.pdf.zip,https://picpay.zkojh2wg.com/seguranca/validacao,1
legit-0035@sigmaalimentos.com.br,Mariana Almeida,mariana.costa@sigmaalimentos.com.br,,Contrato 954 para assinatura,"Hi Ana,

Please find attached the updated forecast for vendas. The numbers were reviewed with the regional team. Let us discuss on segunda.

Best regards,
Mariana

Link rapido: https://encurtador.com.br/ke54nu",pass,fail,1411,ata.pdf,,0
phish-0067@hotmail.com,Bruno Lima,nao-responda@hotmail.com,retorno28@gmail.com,Voce foi selecionado! Premio de R$ 5.000 do Itau,"Segue em anexo o comprovante de pagamento. Abra o documento e confirme os dados em https://itau.721j6e62.com/seguranca/validacao para dar baixa na pendencia.

Departamento Financeiro Itau",none,none,5,nota.pdf.zip,https://itau.721j6e62.com/seguranca/validacao,1
legit-0309@vegalog.com.br,Helena Almeida,helena.silva@vegalog.com.br,,Follow-up da call de ontem,"Time,

O deploy em homologacao foi concluido. O ambiente esta disponivel em https://homolog.vegalog.com.br/painel para validacao funcional. Reportem os problemas pelo Jira.

Helena

Canal oficial do banco: https://gov.br/empresas",pass,pass,6233,planilha.xlsx,,0
legit-0276@prismavarejo.com.br,Nara Almeida,nara.silva@prismavarejo.com.br,,Ferias aprovadas - Bruno,"Oi Bruno,

Conforme conversamos, a proposta para Prisma Varejo esta anexada. O prazo de validade e de 30 dias e o escopo cobre as tres frentes que voce pediu.

Obrigado,
Nara",pass,pass,5246,,,0
legit-0636@vegalog.com.br,Igor Silva,igor.costa@vegalog.com.br,,Reserva de sala para a apresentacao de fevereiro,"Ola Lucas,

Segue o resumo do que combinamos na reuniao e os proximos passos do projeto Farol. Qualquer ajuste me avise ate terca.

Abraco,
Igor
Vega Log",none,none,2033,contrato.docx,,0
legit-0654@deltasaude.com.br,Igor Costa,igor.souza@deltasaude.com.br,igor@vegaparceiro.com.br,Proposta comercial Delta Saude,"Pessoal,

A pauta do comite de financeiro esta definida: orcamento, contratacoes e o roadmap do projeto Cobalto. Chamada no calendario para terca.

Igor",pass,pass,1926,relatorio.pdf,,0
legit-0622@atlasenergia.com.br,Nara Souza,nara.souza@atlasenergia.com.br,,Pagamento via pix ao fornecedor - confirmacao,"Oi,

Segue a segunda via do boleto do fornecedor. O pagamento pode ser feito via pix pela conta da empresa. O comprovante de pagamento esta em anexo.

Nara - Atlas Energia",pass,pass,3861,backup.zip,,0
phish-0075@serasa-seguro.top,Serasa Central,seguranca@serasa-seguro.top,,"Serasa: token de seguranca expirado, atualize seu cadastro","Prezado cliente,

Detectamos uma movimentacao suspeita e sua conta sera bloqueada. Clique aqui para verificar agora: http://serasa-seguro.top/acesso.php?id=cg0pci6766

Voce tem 24 horas para confirmar seus dados, caso contrario a conta sera suspensa definitivamente.

Atenciosamente,
Central de Seguranca Serasa",softfail,none,72,nota.pdf.zip,http://serasa-seguro.top/acesso.php?id=cg0pci6766,1
phish-0084@outlook.com,Receita Federal Seguranca,seguranca@outlook.com,retorno25@mail.ru,Processo judicial em seu nome - intimacao eletronica,"Detectamos um pix nao autorizado de R$ 4.780,00 na sua conta. Se nao reconhece, cancele imediatamente: http://91.251.177.208/receita/login

Informe sua senha de 6 digitos para validar o cancelamento.

Seguranca Receita Federal",pass,pass,2970,,http://91.251.177.208/receita/login,1
legit-0393@oriontelecom.com.br,Gustavo Almeida,gustavo.costa@oriontelecom.com.br,,Proposta comercial Orion Telecom,"Oi Eduardo,

Conforme conversamos, a proposta para Orion Telecom esta anexada. O prazo de validade e de 30 dias e o escopo cobre as tres frentes que voce pediu.

Obrigado,
Gustavo",pass,pass,4972,relatorio.pdf,,0
phish-0146@bit.ly,Receita Federal Atendimento,nao-responda@bit.ly,,Sua encomenda esta retida - pague a taxa de liberacao,"Sua assinatura foi suspensa por falha na cobranca. Atualize seu cadastro em https://bit.ly/xh3nvda para reativar o acesso agora mesmo.

Equipe Receita Federal",none,none,50,fatura.html,https://bit.ly/xh3nvda,1
legit-0107@prismavarejo.com.br,Rafael Silva,rafael.costa@prismavarejo.com.br,,Ferias aprovadas - Paula,"Paula, tudo bem?

Revisei o documento e deixei comentarios nas secoes 2 e 4. A versao consolidada esta em https://docs.google.com/document/d/ia5x8wd999jbkislr3lzb8

Abraco,
Rafael",pass,pass,3852,ata.pdf,,0
phish-0152@caixa.verifica-cliente.com,Paula Reis,suporte@caixa.verifica-cliente.com,,"Caixa: token de seguranca expirado, atualize seu cadastro","Sua assinatura foi suspensa por falha na cobranca. Atualize seu cadastro em http://24.76.133.216/caixa/login para reativar o acesso agora mesmo.

Equipe Caixa",softfail,fail,65,nota.pdf.zip,http://24.76.133.216/caixa/login,1
legit-0524@oriontelecom.com.br,Rafael Silva,rafael.souza@oriontelecom.com.br,,Onboarding do novo analista de vendas,"Ana,

O cliente pediu retorno urgente sobre a proposta. Verifique agora se a versao no portal esta correta: https://oriontelecom.com.br/propostas/218

Obrigado,
Rafael",pass,pass,3066,planilha.xlsx,,0
phish-bec-0024@norteseguros.com.br,Otavio Costa,otavio.costa@norteseguros.com.br,,Nota fiscal 565 referente ao servico de consultoria,"Juliana,

O cliente pediu retorno urgente sobre a proposta. Verifique agora se a versao no portal esta correta: https://norteseguros.com.br/propostas/565

Obrigado,
Otavio",pass,pass,5080,relatorio.pdf,,1
legit-0047@vegalog.com.br,Eduardo Silva,eduardo.silva@vegalog.com.br,eduardo@atlaparceiro.com.br,Contrato 573 para assinatura,"Bom dia,

Segue a nota fiscal 573 do servico de consultoria prestado em julho. O pagamento segue o combinado, boleto com vencimento em 15 dias.

Financeiro - Vega Log",pass,pass,4243,,,0
legit-0203@deltasaude.com.br,Mariana Almeida,mariana.silva@deltasaude.com.br,,Pauta do comite de suprimentos,"Bom dia,

Segue a nota fiscal 490 do servico de consultoria prestado em abril. O pagamento segue o combinado, boleto com vencimento em 15 dias.

Financeiro - Delta Saude",pass,pass,5482,backup.zip,,0
phish-0134@serasa.u7oufrtj.com,Serasa Cobranca,suporte@serasa.u7oufrtj.com,retorno67@yandex.com,Seu CPF foi negativado - regularize em 24 horas,"Prezado cliente,

Detectamos uma movimentacao suspeita e sua conta sera bloqueada. Clique aqui para verificar agora: https://serasa.u7oufrtj.com/seguranca/validacao

Voce tem 24 horas para confirmar seus dados, caso contrario a conta sera suspensa definitivamente.

Atenciosamente,
Central de Seguranca Serasa",fail,none,65,documento.exe,https://serasa.u7oufrtj.com/seguranca/validacao,1
legit-0631@sigmaalimentos.com.br,Paula Souza,paula.silva@sigmaalimentos.com.br,,Urgente: cliente Sigma Alimentos pediu retorno hoje,"Pessoal,

A pauta do comite de vendas esta definida: orcamento, contratacoes e o roadmap do projeto Aurora. Chamada no calendario para segunda.

Paula",pass,pass,6984,ata.pdf,,0
legit-0021@oriontelecom.com.br,Lucas Silva,lucas.silva@oriontelecom.com.br,,Follow-up da call de ontem,"Prezados,

Encaminho o relatorio da semana 601 com os numeros de tecnologia. Os detalhes estao na planilha anexa. Podemos discutir na reuniao de terca.

Atenciosamente,
Lucas

Link rapido: https://bit.ly/xsnmkd",pass,pass,1035,backup.zip,,0
legit-0402@vegalog.com.br,Gustavo Souza,gustavo.souza@vegalog.com.br,,Resultado do teste de carga no ambiente de homologacao,"Bom dia,

Segue a nota fiscal 399 do servico de consultoria prestado em agosto. O pagamento segue o combinado, boleto com vencimento em 15 dias.

Financeiro - Vega Log",pass,pass,4508,planilha.xlsx,,0
legit-0083@atlasenergia.com.br,Mariana Costa,mariana.souza@atlasenergia.com.br,,Resultado do teste de carga no ambiente de homologacao,"Oi Rafael,

Conforme conversamos, a proposta para Atlas Energia esta anexada. O prazo de validade e de 30 dias e o escopo cobre as tres frentes que voce pediu.

Obrigado,
Mariana

Link rapido: https://bit.ly/r20jcy",pass,pass,2252,,,0
legit-0130@atlasenergia.com.br,Juliana Silva,juliana.souza@atlasenergia.com.br,,Reserva de sala para a apresentacao de fevereiro,"Prezados,

Encaminho o relatorio da semana 138 com os numeros de operacoes. Os detalhes estao na planilha anexa. Podemos discutir na reuniao de terca.

Atenciosamente,
Juliana",pass,pass,6685,ata.pdf,,0
legit-0415@atlasenergia.com.br,Otavio Almeida,otavio.silva@atlasenergia.com.br,,Convite: alinhamento do projeto Dunas,"Oi,

Segue a segunda via do boleto do fornecedor. O pagamento pode ser feito via pix pela conta da empresa. O comprovante de pagamento esta em anexo.

Otavio - Atlas Energia",pass,fail,6223,backup.zip,,0
phish-0081@magalu-atendimento.xyz,Gustavo Lima,suporte@magalu-atendimento.xyz,,"Magalu: token de seguranca expirado, atualize seu cadastro","Detectamos um pix nao autorizado de R$ 4.780,00 na sua conta. Se nao reconhece, cancele imediatamente: http://magalu-atendimento.xyz/login.php?id=d5cjlm5g29

Informe sua senha de 6 digitos para validar o cancelamento.

Seguranca Magalu",none,fail,16,,http://magalu-atendimento.xyz/login.php?id=d5cjlm5g29,1
legit-0741@sigmaalimentos.com.br,Bruno Costa,bruno.costa@sigmaalimentos.com.br,,Contrato 602 para assinatura,"Juliana, tudo bem?

Revisei o documento e deixei comentarios nas secoes 2 e 4. A versao consolidada esta em https://docs.google.com/document/d/h1kidfzuzmwgtahn8k0h8m

Abraco,
Bruno",pass,pass,5432,planilha.xlsx,,0
legit-0697@vegalog.com.br,Gustavo Costa,gustavo.costa@vegalog.com.br,,Follow-up da call de ontem,"Oi Ana,

Conforme conversamos, a proposta para Vega Log esta anexada. O prazo de validade e de 30 dias e o escopo cobre as tres frentes que voce pediu.

Obrigado,
Gustavo

Link rapido: https://cutt.ly/zid0t5",pass,pass,2317,backup.zip,,0
legit-0286@vegalog.com.br,Helena Costa,helena.silva@vegalog.com.br,,Urgente: cliente Vega Log pediu retorno hoje,"Hi Helena,

Please find attached the updated forecast for vendas. The numbers were reviewed with the regional team. Let us discuss on quinta.

Best regards,
Helena

Canal oficial do banco: https://picpay.com/empresas",pass,pass,2768,planilha.xlsx,,0
legit-0123@norteseguros.com.br,Eduardo Silva,eduardo.silva@norteseguros.com.br,,Reserva de sala para a apresentacao de fevereiro,"Lucas,

O cliente pediu retorno urgente sobre a proposta. Verifique agora se a versao no portal esta correta: https://norteseguros.com.br/propostas/346

Obrigado,
Eduardo",pass,pass,1368,backup.zip,,0
legit-0033@oriontelecom.com.br,Helena Almeida,helena.costa@oriontelecom.com.br,,Relatorio semanal de vendas - semana 537,"Pessoal,

A pauta do comite de tecnologia esta definida: orcamento, contratacoes e o roadmap do projeto Cobalto. Chamada no calendario para quinta.

Helena",pass,pass,6337,relatorio.pdf,,0
phish-0186@santander.k7w3jxt2.com,Santander Cobranca,nao-responda@santander.k7w3jxt2.com,retorno89@gmail.com,Restituicao do IRPF liberada - resgate seu valor hoje,"Prezado cliente,

Detectamos uma movimentacao suspeita e sua conta sera bloqueada. Clique aqui para verificar agora: https://santander.k7w3jxt2.com/seguranca/validacao

Voce tem 24 horas para confirmar seus dados, caso contrario a conta sera suspensa definitivamente.

Atenciosamente,
Central de Seguranca Santander",pass,pass,3048,nota.pdf.zip,https://santander.k7w3jxt2.com/seguranca/validacao,1
legit-0516@oriontelecom.com.br,Fernanda Costa,fernanda.silva@oriontelecom.com.br,,Segunda via do boleto do fornecedor Orion Telecom,"Prezados,

Encaminho o relatorio da semana 345 com os numeros de operacoes. Os detalhes estao na planilha anexa. Podemos discutir na reuniao de terca.

Atenciosamente,
Fernanda

Canal oficial do banco: https://picpay.com/empresas",pass,pass,4402,backup.zip,,0
legit-0019@norteseguros.com.br,Juliana Souza,juliana.souza@norteseguros.com.br,,Follow-up da call de ontem,"Oi,

Segue a segunda via do boleto do fornecedor. O pagamento pode ser feito via pix pela conta da empresa. O comprovante de pagamento esta em anexo.

Juliana - Norte Seguros",pass,pass,3714,,,0
phish-0188@outlook.com,Juliana Reis,seguranca@outlook.com,,Sua encomenda esta retida - pague a taxa de liberacao,"Parabens! Voce foi selecionado no sorteio Santander e tem um premio de R$ 5.000 para resgatar. Clique aqui: http://santander-atendimento.xyz/atualizar.php?id=y19r58mxmi

Vagas limitadas, resgate seu premio em 24 horas.",none,fail,71,,http://santander-atendimento.xyz/atualizar.php?id=y19r58mxmi,1
legit-0219@vegalog.com.br,Bruno Almeida,bruno.silva@vegalog.com.br,,Reserva de sala para a apresentacao de janeiro,"Otavio,

O cliente pediu retorno urgente sobre a proposta. Verifique agora se a versao no portal esta correta: https://vegalog.com.br/propostas/607

Obrigado,
Bruno

Link rapido: https://bit.ly/870jpx",pass,pass,3665,,,0
phish-0131@gmail.com,Serasa Seguranca,nao-responda@gmail.com,,Seu CPF foi negativado - regularize em 24 horas,"Detectamos um pix nao autorizado de R$ 4.780,00 na sua conta. Se nao reconhece, cancele imediatamente: https://is.gd/pas1sn1

Informe sua senha de 6 digitos para validar o cancelamento.

Seguranca Serasa",softfail,none,18,,https://is.gd/pas1sn1,1
phish-0205@netflix.ja1zxl6i.com,Netflix Cobranca,seguranca@netflix.ja1zxl6i.com,,"Netflix: token de seguranca expirado, atualize seu cadastro","Segue em anexo o comprovante de pagamento. Abra o documento e confirme os dados em https://netflix.ja1zxl6i.com/seguranca/validacao para dar baixa na pendencia.

Departamento Financeiro Netflix",fail,fail,87,fatura.html,https://netflix.ja1zxl6i.com/seguranca/validacao,1
legit-0481@sigmaalimentos.com.br,Mariana Silva,mariana.costa@sigmaalimentos.com.br,,Ata da reuniao de quarta,"Ola Rafael,

Segue o resumo do que combinamos na reuniao e os proximos passos do projeto Dunas. Qualquer ajuste me avise ate quarta.

Abraco,
Mariana
Sigma Alimentos",pass,pass,3487,planilha.xlsx,,0
legit-0356@prismavarejo.com.br,Carla Costa,carla.souza@prismavarejo.com.br,,Pauta do comite de vendas,"Ola Paula,

Segue o resumo do que combinamos na reuniao e os proximos passos do projeto Baobab. Qualquer ajuste me avise ate sexta.

Abraco,
Carla
Prisma Varejo",softfail,pass,1959,backup.zip,,0
legit-0661@sigmaalimentos.com.br,Carla Almeida,carla.costa@sigmaalimentos.com.br,,Proposta comercial Sigma Alimentos,"Ola Bruno,

Segue o resumo do que combinamos na reuniao e os proximos passos do projeto Everest. Qualquer ajuste me avise ate segunda.

Abraco,
Carla
Sigma Alimentos",pass,pass,6176,ata.pdf,,0
legit-0224@norteseguros.com.br,Carla Almeida,carla.silva@norteseguros.com.br,,Feedback da sprint 914,"Helena,

O cliente pediu retorno urgente sobre a proposta. Verifique agora se a versao no portal esta correta: https://norteseguros.com.br/propostas/914

Obrigado,
Carla",pass,pass,6056,ata.pdf,,0
legit-0759@prismavarejo.com.br,Helena Costa,helena.silva@prismavarejo.com.br,,Ferias aprovadas - Diego,"Ola Diego,

Segue o resumo do que combinamos na reuniao e os proximos passos do projeto Dunas. Qualquer ajuste me avise ate quinta.

Abraco,
Helena
Prisma Varejo

Link rapido: https://is.gd/l4n8al

Canal oficial do banco: https://mercadopago.com.br/empresas",pass,pass,56,backup.zip,,0
legit-0092@oriontelecom.com.br,Igor Souza,igor.costa@oriontelecom.com.br,,Ata da reuniao de sexta,"Pessoal,

A pauta do comite de vendas esta definida: orcamento, contratacoes e o roadmap do projeto Aurora. Chamada no calendario para sexta.

Igor

Link rapido: https://cutt.ly/1opkoo",pass,pass,6059,,,0
legit-0151@norteseguros.com.br,Rafael Souza,rafael.costa@norteseguros.com.br,,Atualizacao do cronograma do projeto Dunas,"Prezados,

Encaminho o relatorio da semana 720 com os numeros de operacoes. Os detalhes estao na planilha anexa. Podemos discutir na reuniao de terca.

Atenciosamente,
Rafael",pass,pass,3224,relatorio.pdf,,0
phish-0187@nubank-atendimento.xyz,Gustavo Lima,suporte@nubank-atendimento.xyz,,Sua encomenda esta retida - pague a taxa de liberacao,"Detectamos um pix nao autorizado de R$ 4.780,00 na sua conta. Se nao reconhece, cancele imediatamente: http://77.57.78.168/nubank/login

Informe sua senha de 6 digitos para validar o cancelamento.

Seguranca Nubank",fail,none,57,nota.pdf.zip,http://77.57.78.168/nubank/login,1
legit-0317@prismavarejo.com.br,Carla Souza,carla.silva@prismavarejo.com.br,,Convite: alinhamento do projeto Farol,"Time,

O deploy em homologacao foi concluido. O ambiente esta disponivel em https://homolog.prismavarejo.com.br/painel para validacao funcional. Reportem os problemas pelo Jira.

Carla

Link rapido: https://is.gd/6og5jf",pass,none,6680,ata.pdf,,0
legit-0448@oriontelecom.com.br,Juliana Silva,juliana.silva@oriontelecom.com.br,,Pagamento via pix ao fornecedor - confirmacao,"Prezados,

Encaminho o relatorio da semana 731 com os numeros de juridico. Os detalhes estao na planilha anexa. Podemos discutir na reuniao de segunda.

Atenciosamente,
Juliana",none,pass,2872,contrato.docx,,0
phish-bec-0043@norteseguros.com.br,Eduardo Almeida,eduardo.silva@norteseguros.com.br,,Alteracao de dados cadastrais,"Prezados,

Solicito a alteracao do e-mail de contato da nossa conta corporativa. O novo endereco sera usado para as notas fiscais a partir deste mes.

Atenciosamente,
Eduardo",pass,pass,6712,,,1
legit-0745@vegalog.com.br,Diego Silva,diego.silva@vegalog.com.br,,Pauta do comite de operacoes,"Time,

O deploy em homologacao foi concluido. O ambiente esta disponivel em https://homolog.vegalog.com.br/painel para validacao funcional. Reportem os problemas pelo Jira.

Diego",pass,pass,5011,contrato.docx,,0
legit-0522@oriontelecom.com.br,Eduardo Almeida,eduardo.costa@oriontelecom.com.br,eduardo@rio parceiro.com.br,Proposta comercial Orion Telecom,"Ola Helena,

Segue o resumo do que combinamos na reuniao e os proximos passos do projeto Aurora. Qualquer ajuste me avise ate quinta.

Abraco,
Eduardo
Orion Telecom

Canal oficial do banco: https://bradesco.com.br/empresas",pass,pass,138,contrato.docx,,0
legit-0279@riobrancoindustria.com.br,Juliana Almeida,juliana.silva@riobrancoindustria.com.br,,Feedback da sprint 806,"Pessoal,

A pauta do comite de suprimentos esta definida: orcamento, contratacoes e o roadmap do projeto Dunas. Chamada no calendario para quarta.

Juliana

Link rapido: https://bit.ly/k3njwy",pass,pass,2273,,,0
legit-0583@prismavarejo.com.br,Igor Silva,igor.costa@prismavarejo.com.br,,Fechamento contabil de maio,"Bom dia,

Segue a nota fiscal 881 do servico de consultoria prestado em maio. O pagamento segue o combinado, boleto com vencimento em 15 dias.

Financeiro - Prisma Varejo

Link rapido: https://is.gd/7ye578

Canal oficial do banco: https://gov.br/empresas",pass,none,3912,relatorio.pdf,,0
phish-bec-0004@sigmaalimentos.com.br,Carla Souza,carla.silva@sigmaalimentos.com.br,,Resultado do teste de carga no ambiente de homologacao,"Ola Fernanda,

Segue o resumo do que combinamos na reuniao e os proximos passos do projeto Baobab. Qualquer ajuste me avise ate segunda.

Abraco,
Carla
Sigma Alimentos",pass,pass,6072,planilha.xlsx,,1
legit-0604@atlasenergia.com.br,Eduardo Souza,eduardo.costa@atlasenergia.com.br,,Onboarding do novo analista de juridico,"Pessoal,

A pauta do comite de juridico esta definida: orcamento, contratacoes e o roadmap do projeto Aurora. Chamada no calendario para sexta.

Eduardo

Canal oficial do banco: https://caixa.gov.br/empresas",pass,pass,5881,planilha.xlsx,,0
legit-0349@deltasaude.com.br,Diego Souza,diego.silva@deltasaude.com.br,,Pauta do comite de tecnologia,"Oi,

Segue a segunda via do boleto do fornecedor. O pagamento pode ser feito via pix pela conta da empresa. O comprovante de pagamento esta em anexo.

Diego - Delta Saude",pass,pass,5933,,,0
legit-0374@deltasaude.com.br,Helena Silva,helena.souza@deltasaude.com.br,,Relatorio semanal de vendas - semana 803,"Bom dia,

Segue a nota fiscal 803 do servico de consultoria prestado em julho. O pagamento segue o combinado, boleto com vencimento em 15 dias.

Financeiro - Delta Saude",pass,fail,4715,ata.pdf,,0
legit-0400@vegalog.com.br,Lucas Silva,lucas.souza@vegalog.com.br,,Reserva de sala para a apresentacao de marco,"Prezados,

Encaminho o relatorio da semana 257 com os numeros de tecnologia. Os detalhes estao na planilha anexa. Podemos discutir na reuniao de terca.

Atenciosamente,
Lucas",pass,pass,2259,backup.zip,,0
legit-0704@atlasenergia.com.br,Helena Almeida,helena.silva@atlasenergia.com.br,,Urgente: cliente Atlas Energia pediu retorno hoje,"Ola Helena,

Segue o resumo do que combinamos na reuniao e os proximos passos do projeto Dunas. Qualquer ajuste me avise ate sexta.

Abraco,
Helena
Atlas Energia",pass,pass,3437,,,0
legit-0257@riobrancoindustria.com.br,Fernanda Almeida,fernanda.costa@riobrancoindustria.com.br,fernanda@atlaparceiro.com.br,Segunda via do boleto do fornecedor Rio Branco Industria,"Time,

O deploy em homologacao foi concluido. O ambiente esta disponivel em https://homolog.riobrancoindustria.com.br/painel para validacao funcional. Reportem os problemas pelo Jira.

Fernanda",pass,pass,4348,ata.pdf,,0
phish-0091@serasa.u197nc2j.com,Serasa Seguranca,suporte@serasa.u197nc2j.com,retorno91@yandex.com,Assinatura Serasa suspensa: atualize a forma de pagamento,"Parabens! Voce foi selecionado no sorteio Serasa e tem um premio de R$ 5.000 para resgatar. Clique aqui: https://serasa.u197nc2j.com/seguranca/validacao

Vagas limitadas, resgate seu premio em 24 horas.",softfail,none,24,,https://serasa.u197nc2j.com/seguranca/validacao,1
legit-0072@deltasaude.com.br,Nara Costa,nara.silva@deltasaude.com.br,,Pauta do comite de vendas,"Time,

O deploy em homologacao foi concluido. O ambiente esta disponivel em https://homolog.deltasaude.com.br/painel para validacao funcional. Reportem os problemas pelo Jira.

Nara

Canal oficial do banco: https://santander.com.br/empresas",pass,pass,3568,relatorio.pdf,,0
legit-0195@atlasenergia.com.br,Juliana Almeida,juliana.costa@atlasenergia.com.br,,Relatorio semanal de vendas - semana 672,"Pessoal,

A pauta do comite de operacoes esta definida: orcamento, contratacoes e o roadmap do projeto Everest. Chamada no calendario para terca.

Juliana",none,pass,2871,planilha.xlsx,,0
legit-0483@vegalog.com.br,Mariana Almeida,mariana.costa@vegalog.com.br,,Ferias aprovadas - Eduardo,"Oi,

Segue a segunda via do boleto do fornecedor. O pagamento pode ser feito via pix pela conta da empresa. O comprovante de pagamento esta em anexo.

Mariana - Vega Log",pass,pass,6509,planilha.xlsx,,0
phish-0095@hotmail.com,Serasa Seguranca,suporte@hotmail.com,,Voce foi selecionado! Premio de R$ 5.000 do Serasa,"Parabens! Voce foi selecionado no sorteio Serasa e tem um premio de R$ 5.000 para resgatar. Clique aqui: http://serasaonline.zip/atualizar.php?id=kxuxdbxx1a

Vagas limitadas, resgate seu premio em 24 horas.",pass,pass,894,,http://serasaonline.zip/atualizar.php?id=kxuxdbxx1a,1
legit-0137@sigmaalimentos.com.br,Eduardo Silva,eduardo.silva@sigmaalimentos.com.br,,Relatorio semanal de vendas - semana 754,"Ola Paula,

Segue o resumo do que combinamos na reuniao e os proximos passos do projeto Everest. Qualquer ajuste me avise ate sexta.

Abraco,
Eduardo
Sigma Alimentos",pass,pass,1614,contrato.docx,,0
legit-0494@oriontelecom.com.br,Eduardo Silva,eduardo.souza@oriontelecom.com.br,,Resultado do teste de carga no ambiente de homologacao,"Igor, tudo bem?

Revisei o documento e deixei comentarios nas secoes 2 e 4. A versao consolidada esta em https://docs.google.com/document/d/e33imkpihrfbn4nwn03mjq

Abraco,
Eduardo",pass,pass,6702,ata.pdf,,0
phish-bec-0012@sigmaalimentos.com.br,Fernanda Souza,fernanda.souza@sigmaalimentos.com.br,,Pauta do comite de financeiro,"Oi Bruno,

Conforme conversamos, a proposta para Sigma Alimentos esta anexada. O prazo de validade e de 30 dias e o escopo cobre as tres frentes que voce pediu.

Obrigado,
Fernanda",pass,pass,4732,,,1
legit-0550@sigmaalimentos.com.br,Eduardo Almeida,eduardo.silva@sigmaalimentos.com.br,,Resultado do teste de carga no ambiente de homologacao,"Bruno,

O cliente pediu retorno urgente sobre a proposta. Verifique agora se a versao no portal esta correta: https://sigmaalimentos.com.br/propostas/523

Obrigado,
Eduardo",pass,pass,2772,,,0
legit-0462@norteseguros.com.br,Helena Costa,helena.costa@norteseguros.com.br,,Follow-up da call de ontem,"Ola Carla,

Segue o resumo do que combinamos na reuniao e os proximos passos do projeto Dunas. Qualquer ajuste me avise ate quinta.

Abraco,
Helena
Norte Seguros",pass,pass,1601,,,0
legit-0201@prismavarejo.com.br,Igor Souza,igor.costa@prismavarejo.com.br,,Verifique agora os numeros da planilha de operacoes,"Oi Mariana,

Conforme conversamos, a proposta para Prisma Varejo esta anexada. O prazo de validade e de 30 dias e o escopo cobre as tres frentes que voce pediu.

Obrigado,
Igor",pass,pass,6291,ata.pdf,,0
legit-0312@sigmaalimentos.com.br,Lucas Almeida,lucas.silva@sigmaalimentos.com.br,,Fechamento contabil de maio,"Hi Carla,

Please find attached the updated forecast for tecnologia. The numbers were reviewed with the regional team. Let us discuss on segunda.

Best regards,
Lucas

Link rapido: https://is.gd/zlvbrv",softfail,pass,6778,backup.zip,,0
legit-0290@sigmaalimentos.com.br,Carla Silva,carla.silva@sigmaalimentos.com.br,,Contrato 850 para assinatura,"Oi Lucas,

Conforme conversamos, a proposta para Sigma Alimentos esta anexada. O prazo de validade e de 30 dias e o escopo cobre as tres frentes que voce pediu.

Obrigado,
Carla",none,pass,976,backup.zip,,0
legit-0189@vegalog.com.br,Juliana Silva,juliana.souza@vegalog.com.br,,Ferias aprovadas - Diego,"Ola Diego,

Segue o resumo do que combinamos na reuniao e os proximos passos do projeto Farol. Qualquer ajuste me avise ate quinta.

Abraco,
Juliana
Vega Log",pass,pass,57,relatorio.pdf,,0
phish-bec-0003@deltasaude.com.br,Rafael Souza,rafael.souza@deltasaude.com.br,,Urgente: cliente Delta Saude pediu retorno hoje,"Bom dia,

Segue a nota fiscal 458 do servico de consultoria prestado em fevereiro. O pagamento segue o combinado, boleto com vencimento em 15 dias.

Financeiro - Delta Saude",pass,pass,5213,documento.pdf,,1
legit-0112@vegalog.com.br,Rafael Silva,rafael.costa@vegalog.com.br,,Atualizacao do cronograma do projeto Cobalto,"Hi Paula,

Please find attached the updated forecast for juridico. The numbers were reviewed with the regional team. Let us discuss on sexta.

Best regards,
Rafael",softfail,fail,6214,,,0
legit-0183@deltasaude.com.br,Lucas Almeida,lucas.costa@deltasaude.com.br,,Relatorio semanal de vendas - semana 248,"Prezados,

Encaminho o relatorio da semana 248 com os numeros de vendas. Os detalhes estao na planilha anexa. Podemos discutir na reuniao de quinta.

Atenciosamente,
Lucas",pass,pass,6215,contrato.docx,,0
legit-0152@prismavarejo.com.br,Igor Almeida,igor.silva@prismavarejo.com.br,,Nota fiscal 453 referente ao servico de consultoria,"Pessoal,

A pauta do comite de tecnologia esta definida: orcamento, contratacoes e o roadmap do projeto Baobab. Chamada no calendario para sexta.

Igor

Link rapido: https://is.gd/sh2xhn",pass,pass,4033,ata.pdf,,0
phish-0064@nubank.verifica-cliente.com,Nubank Central,nao-responda@nubank.verifica-cliente.com,retorno16@gmail.com,URGENTE: sua conta Nubank sera bloqueada em 24 horas,"Detectamos um pix nao autorizado de R$ 4.780,00 na sua conta. Se nao reconhece, cancele imediatamente: http://nubank.verifica-cliente.com/login.php?id=6cxu55e5vu

Informe sua senha de 6 digitos para validar o cancelamento.

Seguranca Nubank",fail,none,64,fatura.html,http://nubank.verifica-cliente.com/login.php?id=6cxu55e5vu,1
legit-0325@oriontelecom.com.br,Rafael Almeida,rafael.souza@oriontelecom.com.br,,Follow-up da call de ontem,"Prezados,

Encaminho o relatorio da semana 785 com os numeros de financeiro. Os detalhes estao na planilha anexa. Podemos discutir na reuniao de terca.

Atenciosamente,
Rafael",pass,pass,1656,,,0
legit-0703@oriontelecom.com.br,Mariana Almeida,mariana.costa@oriontelecom.com.br,mariana@rio parceiro.com.br,Pauta do comite de tecnologia,"Pessoal,

A pauta do comite de tecnologia esta definida: orcamento, contratacoes e o roadmap do projeto Baobab. Chamada no calendario para quarta.

Mariana",pass,pass,2527,ata.pdf,,0
legit-0044@vegalog.com.br,Igor Almeida,igor.souza@vegalog.com.br,igor@orioparceiro.com.br,Onboarding do novo analista de financeiro,"Oi Mariana,

Conforme conversamos, a proposta para Vega Log esta anexada. O prazo de validade e de 30 dias e o escopo cobre as tres frentes que voce pediu.

Obrigado,
Igor",pass,none,4253,relatorio.pdf,,0
legit-0444@atlasenergia.com.br,Rafael Almeida,rafael.silva@atlasenergia.com.br,,Convite: alinhamento do projeto Baobab,"Nara, tudo bem?

Revisei o documento e deixei comentarios nas secoes 2 e 4. A versao consolidada esta em https://docs.google.com/document/d/em1qun66scvhrn1ydaizsi

Abraco,
Rafael",pass,pass,1547,,,0
phish-bec-0027@vegalog.com.br,Igor Costa,igor.souza@vegalog.com.br,,Confirmacao de dados bancarios do fornecedor,"Bom dia,

Mudamos a conta de recebimento. Pode atualizar o cadastro do fornecedor para a nova conta antes do pagamento de amanha? Envio os dados no retorno deste e-mail.

Obrigado,
Igor",pass,pass,5531,relatorio.pdf,,1
legit-0006@atlasenergia.com.br,Igor Costa,igor.silva@atlasenergia.com.br,,Urgente: cliente Atlas Energia pediu retorno hoje,"Prezados,

Encaminho o relatorio da semana 430 com os numeros de financeiro. Os detalhes estao na planilha anexa. Podemos discutir na reuniao de sexta.

Atenciosamente,
Igor",pass,pass,2383,backup.zip,,0
legit-0250@atlasenergia.com.br,Bruno Silva,bruno.costa@atlasenergia.com.br,,Fechamento contabil de junho,"Oi Fernanda,

Conforme conversamos, a proposta para Atlas Energia esta anexada. O prazo de validade e de 30 dias e o escopo cobre as tres frentes que voce pediu.

Obrigado,
Bruno",pass,pass,2674,,,0
phish-0063@gmail.com,Igor Lima,suporte@gmail.com,retorno54@mail.ru,Seu CPF foi negativado - regularize em 24 horas,"Sua assinatura foi suspensa por falha na cobranca. Atualize seu cadastro em https://bit.ly/tzdrvwh para reativar o acesso agora mesmo.

Equipe Receita Federal",softfail,none,76,fatura.html,https://bit.ly/tzdrvwh,1
legit-0075@norteseguros.com.br,Gustavo Costa,gustavo.silva@norteseguros.com.br,,Fechamento contabil de agosto,"Hi Lucas,

Please find attached the updated forecast for juridico. The numbers were reviewed with the regional team. Let us discuss on sexta.

Best regards,
Gustavo",pass,pass,2598,planilha.xlsx,,0
legit-0512@prismavarejo.com.br,Helena Silva,helena.costa@prismavarejo.com.br,,Onboarding do novo analista de juridico,"Prezados,

Encaminho o relatorio da semana 429 com os numeros de juridico. Os detalhes estao na planilha anexa. Podemos discutir na reuniao de quarta.

Atenciosamente,
Helena",pass,pass,5105,planilha.xlsx,,0
phish-0180@receita-atendimento.xyz,Mariana Lima,atendimento@receita-atendimento.xyz,retorno88@mail.ru,URGENTE: sua conta Receita Federal sera bloqueada em 24 horas,"Detectamos um pix nao autorizado de R$ 4.780,00 na sua conta. Se nao reconhece, cancele imediatamente: http://receita-atendimento.xyz/validar.php?id=m7nhk0anl7

Informe sua senha de 6 digitos para validar o cancelamento.

Seguranca Receita Federal",pass,pass,2728,nota.pdf.zip,http://receita-atendimento.xyz/validar.php?id=m7nhk0anl7,1
legit-0391@sigmaalimentos.com.br,Carla Costa,carla.silva@sigmaalimentos.com.br,,Ferias aprovadas - Paula,"Ola Paula,

Segue o resumo do que combinamos na reuniao e os proximos passos do projeto Cobalto. Qualquer ajuste me avise ate segunda.

Abraco,
Carla
Sigma Alimentos",pass,pass,148,,,0
phish-0135@itau.verifica-cliente.com,Rafael Lima,seguranca@itau.verifica-cliente.com,,Assinatura Itau suspensa: atualize a forma de pagamento,"Sua fatura esta em atraso e o nome sera negativado.

Acesse http://itau.verifica-cliente.com/atualizar.php?id=fk7eta9gae e emita a segunda via do boleto para evitar restricao no seu CPF.

Setor de Cobranca Itau",softfail,fail,1,,http://itau.verifica-cliente.com/atualizar.php?id=fk7eta9gae,1
legit-0432@atlasenergia.com.br,Carla Silva,carla.costa@atlasenergia.com.br,,Pauta do comite de operacoes,"Bom dia,

Segue a nota fiscal 360 do servico de consultoria prestado em julho. O pagamento segue o combinado, boleto com vencimento em 15 dias.

Financeiro - Atlas Energia",pass,pass,1878,backup.zip,,0
legit-0068@oriontelecom.com.br,Juliana Silva,juliana.souza@oriontelecom.com.br,,Proposta comercial Orion Telecom,"Ola Eduardo,

Segue o resumo do que combinamos na reuniao e os proximos passos do projeto Cobalto. Qualquer ajuste me avise ate sexta.

Abraco,
Juliana
Orion Telecom",pass,pass,5791,ata.pdf,,0
legit-0167@norteseguros.com.br,Lucas Silva,lucas.costa@norteseguros.com.br,,Ata da reuniao de segunda,"Ola Juliana,

Segue o resumo do que combinamos na reuniao e os proximos passos do projeto Aurora. Qualquer ajuste me avise ate segunda.

Abraco,
Lucas
Norte Seguros",pass,pass,3699,backup.zip,,0
phish-0144@picpay.wwiasldx.com,PicPay Atendimento,atendimento@picpay.wwiasldx.com,,Assinatura PicPay suspensa: atualize a forma de pagamento,"Sua assinatura foi suspensa por falha na cobranca. Atualize seu cadastro em https://picpay.wwiasldx.com/seguranca/validacao para reativar o acesso agora mesmo.

Equipe PicPay",none,none,50,fatura.html,https://picpay.wwiasldx.com/seguranca/validacao,1
legit-0730@atlasenergia.com.br,Helena Almeida,helena.costa@atlasenergia.com.br,,Atualizacao do cronograma do projeto Dunas,"Prezados,

Encaminho o relatorio da semana 109 com os numeros de operacoes. Os detalhes estao na planilha anexa. Podemos discutir na reuniao de terca.

Atenciosamente,
Helena",pass,pass,1084,contrato.docx,,0
legit-0554@norteseguros.com.br,Gustavo Souza,gustavo.souza@norteseguros.com.br,,Reserva de sala para a apresentacao de fevereiro,"Oi Bruno,

Conforme conversamos, a proposta para Norte Seguros esta anexada. O prazo de validade e de 30 dias e o escopo cobre as tres frentes que voce pediu.

Obrigado,
Gustavo",pass,pass,6743,contrato.docx,,0
legit-0366@atlasenergia.com.br,Paula Silva,paula.costa@atlasenergia.com.br,,Fechamento contabil de fevereiro,"Ana, tudo bem?

Revisei o documento e deixei comentarios nas secoes 2 e 4. A versao consolidada esta em https://docs.google.com/document/d/jr76nj8u20r7454tqypbza

Abraco,
Paula",pass,pass,6273,planilha.xlsx,,0
legit-0345@oriontelecom.com.br,Nara Almeida,nara.silva@oriontelecom.com.br,,Nota fiscal 706 referente ao servico de consultoria,"Gustavo, tudo bem?

Revisei o documento e deixei comentarios nas secoes 2 e 4. A versao consolidada esta em https://docs.google.com/document/d/1uhjc4nx9a5k03gv0jural

Abraco,
Nara",none,pass,2397,planilha.xlsx,,0
legit-0584@atlasenergia.com.br,Nara Almeida,nara.silva@atlasenergia.com.br,,Urgente: cliente Atlas Energia pediu retorno hoje,"Prezados,

Encaminho o relatorio da semana 605 com os numeros de juridico. Os detalhes estao na planilha anexa. Podemos discutir na reuniao de quinta.

Atenciosamente,
Nara",pass,pass,4913,relatorio.pdf,,0
legit-0535@riobrancoindustria.com.br,Bruno Silva,bruno.silva@riobrancoindustria.com.br,,Convite: alinhamento do projeto Baobab,"Helena,

O cliente pediu retorno urgente sobre a proposta. Verifique agora se a versao no portal esta correta: https://riobrancoindustria.com.br/propostas/848

Obrigado,
Bruno",pass,pass,6727,contrato.docx,,0
legit-0398@prismavarejo.com.br,Gustavo Costa,gustavo.silva@prismavarejo.com.br,,Segunda via do boleto do fornecedor Prisma Varejo,"Bom dia,

Segue a nota fiscal 150 do servico de consultoria prestado em agosto. O pagamento segue o combinado, boleto com vencimento em 15 dias.

Financeiro - Prisma Varejo",pass,pass,3863,planilha.xlsx,,0
legit-0185@oriontelecom.com.br,Gustavo Almeida,gustavo.silva@oriontelecom.com.br,,Proposta comercial Orion Telecom,"Nara,

O cliente pediu retorno urgente sobre a proposta. Verifique agora se a versao no portal esta correta: https://oriontelecom.com.br/propostas/625

Obrigado,
Gustavo",pass,pass,1344,,,0
legit-0348@atlasenergia.com.br,Bruno Silva,bruno.souza@atlasenergia.com.br,,Pagamento via pix ao fornecedor - confirmacao,"Fernanda, tudo bem?

Revisei o documento e deixei comentarios nas secoes 2 e 4. A versao consolidada esta em https://docs.google.com/document/d/bhup2j0bwz5xx5i4v3qmvz

Abraco,
Bruno",pass,pass,2583,,,0
legit-0615@riobrancoindustria.com.br,Fernanda Almeida,fernanda.costa@riobrancoindustria.com.br,,Proposta comercial Rio Branco Industria,"Bom dia,

Segue a nota fiscal 251 do servico de consultoria prestado em maio. O pagamento segue o combinado, boleto com vencimento em 15 dias.

Financeiro - Rio Branco Industria",softfail,pass,2206,planilha.xlsx,,0
phish-0159@is.gd,Bradesco Atendimento,atendimento@is.gd,retorno95@gmail.com,ULTIMO AVISO: fatura em atraso do Bradesco,"Sua assinatura foi suspensa por falha na cobranca. Atualize seu cadastro em https://is.gd/978win2 para reativar o acesso agora mesmo.

Equipe Bradesco",none,none,9,fatura.html,https://is.gd/978win2,1
legit-0211@norteseguros.com.br,Igor Silva,igor.silva@norteseguros.com.br,,Pagamento via pix ao fornecedor - confirmacao,"Bom dia,

Segue a nota fiscal 312 do servico de consultoria prestado em fevereiro. O pagamento segue o combinado, boleto com vencimento em 15 dias.

Financeiro - Norte Seguros",pass,pass,3845,backup.zip,,0
legit-0579@oriontelecom.com.br,Eduardo Souza,eduardo.souza@oriontelecom.com.br,,Nota fiscal 247 referente ao servico de consultoria,"Pessoal,

A pauta do comite de suprimentos esta definida: orcamento, contratacoes e o roadmap do projeto Farol. Chamada no calendario para quarta.

Eduardo

Link rapido: https://cutt.ly/ovw3ed",pass,pass,3884,,,0
legit-0502@deltasaude.com.br,Bruno Silva,bruno.costa@deltasaude.com.br,,Nota fiscal 208 referente ao servico de consultoria,"Hi Juliana,

Please find attached the updated forecast for juridico. The numbers were reviewed with the regional team. Let us discuss on segunda.

Best regards,
Bruno",pass,pass,62,,,0
legit-0537@oriontelecom.com.br,Eduardo Almeida,eduardo.souza@oriontelecom.com.br,,Ata da reuniao de terca,"Time,

O deploy em homologacao foi concluido. O ambiente esta disponivel em https://homolog.oriontelecom.com.br/painel para validacao funcional. Reportem os problemas pelo Jira.

Eduardo",none,pass,173,,,0
legit-0196@vegalog.com.br,Gustavo Souza,gustavo.costa@vegalog.com.br,gustavo@vegaparceiro.com.br,Contrato 665 para assinatura,"Fernanda,

O cliente pediu retorno urgente sobre a proposta. Verifique agora se a versao no portal esta correta: https://vegalog.com.br/propostas/665

Obrigado,
Gustavo",pass,pass,4672,relatorio.pdf,,0
legit-0175@norteseguros.com.br,Diego Souza,diego.silva@norteseguros.com.br,,Feedback da sprint 767,"Hi Otavio,

Please find attached the updated forecast for operacoes. The numbers were reviewed with the regional team. Let us discuss on quarta.

Best regards,
Diego",pass,pass,156,relatorio.pdf,,0
