username,name,bio,created_at,account_age_days,followers,following,statuses_count,default_profile_image,verified,post_text,label
juliana_silva,Lucas Alves,"pai do Theo, torcedor sofredor",2024-04-09 07:00:00,894,45,32,21,0,0,"chuva forte aqui em Curitiba hoje, transito parado coisa de louco",0
bruno_lima73,Fernanda Souza,,2022-07-25 01:00:00,1518,777,218,433,0,0,"consegui finalmente organizar a planilha do mes, vitoria pessoal depois conto o resto (20)",0
rafael_silva81,Igor Rocha,"pai do Theo, torcedor sofredor",2015-04-10 12:00:00,4181,280,384,283,0,0,alguem ai assistiu o jogo de ontem? que segundo tempo depois conto o resto,0
helena_rocha36,Paula Rocha,fotografa e mae de dois,2026-07-11 00:00:00,71,21,425,194,0,0,alguem ai assistiu o jogo de ontem? que segundo tempo depois conto o resto,0
carla_silva5,Bruno Souza,corredora amadora | 42k,2014-11-04 23:00:00,4337,254,448,312,0,0,recomendo muito esse restaurante novo no centro de Goiania amanha continuo (59),0
juliana_silva,Diego Lima,professora de historia,2025-12-20 08:00:00,274,802,641,155,0,0,"terminei de ler o livro que a Nara indicou, valeu a pena ate semana que vem (4)",0
bruno_souza65,Rafael Lima,estudante de enfermagem,2026-08-04 23:00:00,46,2,402,105,0,0,alguem ai assistiu o jogo de ontem? que segundo tempo recomendo,0
diego_lima29,Helena Alves,analista de dados em Sao Paulo,2017-11-22 19:00:00,3223,74,50,1086,0,0,"consegui finalmente organizar a planilha do mes, vitoria pessoal no mais, tudo tranquilo (87)",0
paula_silva82,Nara Souza,estudante de enfermagem,2026-08-23 05:00:00,28,9,414,105,0,0,"obrigada pelas mensagens de aniversario, gente enfim",0
fernanda_silva1,Rafael Rocha,"pai do Theo, torcedor sofredor",2023-10-13 17:00:00,1072,275,174,308,0,0,"terminei de ler o livro que a Juliana indicou, valeu a pena amanha continuo (34)",0
igor_alves64,Fernanda Souza,"dev backend, cafe e gatos",2015-04-26 13:00:00,4164,189,205,2368,0,0,alguem ai assistiu o jogo de ontem? que segundo tempo ate semana que vem,0
otavio_souza47,Rafael Lima,"dev backend, cafe e gatos",2014-02-13 19:00:00,4601,2224,1275,54,0,0,"terminei de ler o livro que a Bruno indicou, valeu a pena depois conto o resto",0
helena_lima,Nara Lima,corredora amadora | 42k,2020-03-15 02:00:00,2380,1264,539,593,0,0,opiniao impopular: filme antigo e melhor que remake coisa de louco,0
paula_lima32,Lucas Alves,,2015-12-15 13:00:00,3931,515,936,162,0,0,"renda extra? venha ser revendedora comigo, explico tudo https://is.gd/84f7yu",0
user459696,Renda Extra 24h,,2026-03-02 12:49:00,201,2,2429,5345,1,0,"GANHE DINHEIRO em casa!!! vagas limitadas, chama no direct agora https://cutt.ly/x8dgxh",1
helena_rocha,Igor Alves,fotografa e mae de dois,2013-11-02 21:00:00,4704,445,333,1208,0,0,alguem ai assistiu o jogo de ontem? que segundo tempo depois conto o resto,0
ana_alves62,Bruno Alves,professora de historia,2014-03-09 21:00:00,4577,230,346,428,0,0,"consegui finalmente organizar a planilha do mes, vitoria pessoal depois conto o resto",0
paula_alves67,Mariana Lima,"pai do Theo, torcedor sofredor",2019-11-04 05:00:00,2512,205,93,1412,0,0,"chuva forte aqui em Salvador hoje, transito parado recomendo (51)",0
nara_silva,Rafael Alves,"dev backend, cafe e gatos",2026-09-04 19:00:00,15,3,401,27,1,0,"alguem ai assistiu o jogo de ontem? que segundo tempo no mais, tudo tranquilo (85)",0
user5370968,Ganhe 1000,,2026-07-18 12:14:00,63,18,1152,1744,1,0,RENDA EXTRA de R$ 300 por dia!!! clique no link da bio e comece hoje https://cutt.ly/z3baed,1
otavio_rocha,Helena Silva,estudante de enfermagem,2023-07-02 18:00:00,1175,315,315,348,1,0,alguem ai assistiu o jogo de ontem? que segundo tempo coisa de louco,0
gustavo_lima98,Mariana Silva,professora de historia,2023-05-13 13:00:00,1225,15,27,379,0,0,recomendo muito esse restaurante novo no centro de Sao Paulo recomendo,0
rafael_silva40,Helena Souza,corredora amadora | 42k,2020-05-14 04:00:00,2320,209,66,1883,0,0,"bom dia, cafe e mais um dia de trabalho por aqui recomendo",0
mariana_alves,Paula Lima,musico nos fins de semana,2014-04-10 18:00:00,4545,1599,502,260,0,0,dica pra quem estuda seguranca: pratique em laboratorio proprio enfim (51),0
invest7322795,Renda Extra 24h,,2026-06-03 13:50:00,108,25,1496,5573,0,0,"Cupom exclusivo de R$ 200, ultimas vagas, clique no link https://bit.ly/ufscof",1
bruno_souza88,Lucas Alves,corredora amadora | 42k,2026-07-10 09:00:00,72,16,428,218,0,0,"consegui finalmente organizar a planilha do mes, vitoria pessoal que dia (36)",0
bruno_alves14,Gustavo Rocha,,2026-08-09 17:00:00,41,23,429,127,0,0,recomendo muito esse restaurante novo no centro de Sao Paulo recomendo,0
paula_silva,Ana Rocha,,2014-06-14 16:00:00,4480,153,208,63,0,0,recomendo muito esse restaurante novo no centro de Belem no fim deu certo (9),0
paula_souza,Ana Lima,musico nos fins de semana,2020-08-18 10:00:00,2224,579,176,52,0,0,"terminei de ler o livro que a Carla indicou, valeu a pena que dia",0
fernanda_lima52,Otavio Rocha,,2012-09-01 19:00:00,5131,15,21,1315,0,0,"bom dia, cafe e mais um dia de trabalho por aqui bora pra cima (79)",0
otavio_lima88,Diego Lima,professora de historia,2021-12-31 17:00:00,1723,400,311,172,1,0,"bom dia, cafe e mais um dia de trabalho por aqui bora pra cima (13)",0
diego_souza19,Nara Silva,estudante de enfermagem,2023-03-24 02:00:00,1276,254,232,828,0,0,"treino feito, 6km hoje. devagar mas chegando coisa de louco",0
eduardo_rocha79,Juliana Silva,estudante de enfermagem,2026-07-13 05:00:00,69,11,422,241,0,0,"treino feito, 6km hoje. devagar mas chegando no mais, tudo tranquilo (93)",0
otavio_rocha,Helena Alves,"pai do Theo, torcedor sofredor",2015-07-02 13:00:00,4097,78,60,141,0,0,"terminei de ler o livro que a Rafael indicou, valeu a pena",0
invest828762,Ganhe 1000,link na bio https://tinyurl.com/ftb6jz,2026-02-03 16:12:00,228,17,1470,8692,1,0,"Sinal gratis de aposta, lucro garantido hoje!!! https://tinyurl.com/ftb6jz",1
mariana_souza78,Fernanda Silva,analista de dados em Sao Paulo,2016-01-16 22:00:00,3899,161,245,312,0,0,"recomendo muito esse restaurante novo no centro de Sao Paulo no mais, tudo tranquilo",0
bruno_silva50,Fernanda Lima,"pai do Theo, torcedor sofredor",2018-07-05 02:00:00,2999,1090,1924,1010,0,0,"consegui finalmente organizar a planilha do mes, vitoria pessoal bora pra cima",0
juliana_silva20,Mariana Rocha,corredora amadora | 42k,2013-04-12 07:00:00,4909,503,1017,108,0,0,"opiniao impopular: filme antigo e melhor que remake no mais, tudo tranquilo",0
helena_rocha49,Ana Souza,musico nos fins de semana,2014-05-06 11:00:00,4520,796,231,2384,0,0,alguem ai assistiu o jogo de ontem? que segundo tempo depois conto o resto,0
otavio_silva,Mariana Rocha,estudante de enfermagem,2017-09-29 01:00:00,3278,207,381,4126,0,0,dica pra quem estuda seguranca: pratique em laboratorio proprio ate semana que vem (28),0
bruno_rocha64,Diego Alves,professora de historia,2015-11-13 08:00:00,3964,59,66,387,0,0,dica pra quem estuda seguranca: pratique em laboratorio proprio bora pra cima,0
bruno_souza5,Mariana Rocha,"pai do Theo, torcedor sofredor",2013-04-29 05:00:00,4892,377,422,855,0,1,"chuva forte aqui em Recife hoje, transito parado enfim",0
diego_rocha,Ana Souza,corredora amadora | 42k,2018-03-18 04:00:00,3108,234,96,1585,1,0,opiniao impopular: filme antigo e melhor que remake depois conto o resto (22),0
rafael_silva,Fernanda Alves,professora de historia,2015-02-24 06:00:00,4226,171,211,178,0,0,alguem ai assistiu o jogo de ontem? que segundo tempo no fim deu certo,0
bruno_souza,Mariana Silva,musico nos fins de semana,2024-05-11 16:00:00,861,79,70,2580,0,0,"obrigada pelas mensagens de aniversario, gente recomendo",0
user4374149,Promo 999,link na bio https://is.gd/r9ce64,2026-06-03 12:39:00,108,3,2767,2587,0,0,RENDA EXTRA de R$ 300 por dia!!! clique no link da bio e comece hoje https://is.gd/r9ce64,1
carla_lima,Helena Rocha,,2026-06-25 21:00:00,86,2,404,246,0,0,"recomendo muito esse restaurante novo no centro de Curitiba no mais, tudo tranquilo",0
juliana_alves6,Fernanda Alves,fotografa e mae de dois,2021-09-28 10:00:00,1818,1559,1120,208,0,0,"terminei de ler o livro que a Igor indicou, valeu a pena no mais, tudo tranquilo",0
gustavo_rocha88,Paula Silva,estudante de enfermagem,2026-09-13 20:00:00,6,26,436,11,0,0,"terminei de ler o livro que a Helena indicou, valeu a pena que dia (46)",0
nara_alves17,Paula Rocha,corredora amadora | 42k,2020-01-08 00:00:00,2447,71,38,2433,0,0,"obrigada pelas mensagens de aniversario, gente valeu quem ajudou",0
lucro7057907,Renda Extra 24h,,2026-06-03 13:21:00,108,1,1722,1851,1,0,"Cupom exclusivo de R$ 200, ultimas vagas, clique no link https://is.gd/psgzbx",1
carla_souza,Gustavo Lima,musico nos fins de semana,2016-08-16 17:00:00,3686,317,185,280,0,0,opiniao impopular: filme antigo e melhor que remake no fim deu certo (46),0
diego_alves27,Helena Lima,"dev backend, cafe e gatos",2012-11-20 23:00:00,5051,161,122,271,0,0,alguem ai assistiu o jogo de ontem? que segundo tempo depois conto o resto,0
otavio_lima90,Lucas Rocha,musico nos fins de semana,2022-09-07 07:00:00,1474,1038,1436,241,0,0,"obrigada pelas mensagens de aniversario, gente",0
eduardo_rocha71,Diego Prado,"pai do Theo, torcedor sofredor",2019-07-25 22:00:00,2613,187,285,2439,1,0,quem ai tambem acordou cedo pra treinar? coisa de louco,1
gustavo_souza44,Gustavo Silva,,2022-12-14 10:00:00,1376,161,286,631,0,0,"treino feito, 6km hoje. devagar mas chegando no mais, tudo tranquilo",0
diego_lima,Lucas Alves,"dev backend, cafe e gatos",2018-05-29 18:00:00,3035,88,180,80,0,0,"obrigada pelas mensagens de aniversario, gente recomendo",0
mariana_alves,Fernanda Alves,"dev backend, cafe e gatos",2013-05-20 02:00:00,4871,562,1088,202,0,0,"treino feito, 6km hoje. devagar mas chegando",0
fernanda_lima79,Paula Alves,professora de historia,2017-07-16 18:00:00,3352,39,44,1348,0,0,"treino feito, 6km hoje. devagar mas chegando",0
helena_silva,Ana Silva,analista de dados em Sao Paulo,2023-03-18 07:00:00,1282,82,128,506,0,0,alguem ai assistiu o jogo de ontem? que segundo tempo coisa de louco (9),0
rafael_souza16,Fernanda Rocha,fotografa e mae de dois,2023-12-15 06:00:00,1010,621,628,812,1,0,"terminei de ler o livro que a Juliana indicou, valeu a pena que dia",0
rafael_rocha,Lucas Alves,musico nos fins de semana,2022-06-07 08:00:00,1566,315,309,568,0,0,"terminei de ler o livro que a Diego indicou, valeu a pena",0
igor_souza,Bruno Alves,,2020-06-23 19:00:00,2279,243,416,54,0,0,"terminei de ler o livro que a Mariana indicou, valeu a pena no mais, tudo tranquilo",0
diego_lima,Otavio Alves,fotografa e mae de dois,2016-07-26 13:00:00,3707,182,108,626,0,0,"obrigada pelas mensagens de aniversario, gente depois conto o resto",0
igor_silva,Juliana Silva,corredora amadora | 42k,2019-02-05 16:00:00,2783,432,661,131,0,0,opiniao impopular: filme antigo e melhor que remake (35),0
mariana_souza,Mariana Silva,analista de dados em Recife,2018-04-29 09:00:00,3066,67,56,1615,0,0,dica pra quem estuda seguranca: pratique em laboratorio proprio recomendo (61),0
bruno_rocha,Diego Silva,,2019-09-09 22:00:00,2567,3554,5000,728,0,0,"obrigada pelas mensagens de aniversario, gente no mais, tudo tranquilo",0
carla_souza39,Helena Silva,estudante de enfermagem,2019-12-05 16:00:00,2480,732,365,432,0,0,recomendo muito esse restaurante novo no centro de Belem enfim,0
igor_alves17,Paula Lima,professora de historia,2025-12-18 13:00:00,275,78,40,1152,0,0,"treino feito, 6km hoje. devagar mas chegando bora pra cima",0
bruno_lima,Rafael Souza,"pai do Theo, torcedor sofredor",2026-07-26 02:00:00,56,15,427,164,0,0,dica pra quem estuda seguranca: pratique em laboratorio proprio depois conto o resto,0
user7624417,Ganhe 1000,link na bio https://tinyurl.com/b8nvbw,2026-02-23 12:50:00,208,12,2315,8494,0,0,"Cupom exclusivo de R$ 200, ultimas vagas, clique no link https://tinyurl.com/b8nvbw",1
mariana_rocha,Bruno Lima,"dev backend, cafe e gatos",2014-08-25 14:00:00,4408,587,724,385,0,0,"consegui finalmente organizar a planilha do mes, vitoria pessoal",0
rafael_lima21,Nara Silva,,2019-10-02 08:00:00,2545,1242,2294,1973,0,0,"consegui finalmente organizar a planilha do mes, vitoria pessoal no mais, tudo tranquilo",0
bruno_alves,Juliana Silva,"pai do Theo, torcedor sofredor",2020-07-12 06:00:00,2261,692,362,414,0,0,recomendo muito esse restaurante novo no centro de Goiania amanha continuo,0
igor_silva90,Nara Lima,analista de dados em Goiania,2021-10-01 04:00:00,1815,19,23,641,0,0,"chuva forte aqui em Goiania hoje, transito parado no fim deu certo (4)",0
diego_souza22,Lucas Souza,,2025-03-04 16:00:00,564,23,43,1073,0,0,recomendo muito esse restaurante novo no centro de Sao Paulo bora pra cima,0
nara_rocha35,Fernanda Rocha,estudante de enfermagem,2019-10-31 23:00:00,2515,610,188,363,0,0,"consegui finalmente organizar a planilha do mes, vitoria pessoal que dia",0
juliana_lima3,Otavio Silva,analista de dados em Curitiba,2026-08-23 15:00:00,27,3,403,74,0,0,"obrigada pelas mensagens de aniversario, gente que dia",0
ana8016335,Promo 999,,2026-03-02 12:34:00,201,24,2104,8117,0,0,"Sinal gratis de aposta, lucro garantido hoje!!! https://bit.ly/qo60ud",1
juliana_souza,Rafael Alves,professora de historia,2026-03-04 18:00:00,199,95,168,566,0,0,"bom dia, cafe e mais um dia de trabalho por aqui valeu quem ajudou",0
nara_rocha55,Helena Lima,professora de historia,2026-09-07 23:00:00,12,3,400,87,0,0,recomendo muito esse restaurante novo no centro de Curitiba que dia (25),0
lucas_souza34,Igor Lima,fotografa e mae de dois,2017-10-03 16:00:00,3273,220,385,227,0,0,"consegui finalmente organizar a planilha do mes, vitoria pessoal depois conto o resto (11)",0
helena_lima2,Diego Silva,musico nos fins de semana,2026-07-22 17:00:00,59,45,473,177,0,0,"consegui finalmente organizar a planilha do mes, vitoria pessoal recomendo",0
eduardo_lima,Carla Souza,musico nos fins de semana,2022-08-31 04:00:00,1481,431,938,718,0,0,"renda extra? venha ser revendedora comigo, explico tudo https://is.gd/pjlgg1",0
nara_silva,Lucas Souza,analista de dados em Belem,2022-07-19 21:00:00,1523,438,310,1378,0,0,"terminei de ler o livro que a Bruno indicou, valeu a pena bora pra cima",0
igor_silva,Igor Lima,"dev backend, cafe e gatos",2026-02-22 13:00:00,209,29,36,202,0,0,"bom dia, cafe e mais um dia de trabalho por aqui que dia",0
nara_souza,Diego Souza,analista de dados em Recife,2014-11-25 02:00:00,4317,449,805,624,0,0,"obrigada pelas mensagens de aniversario, gente bora pra cima",0
gustavo_alves,Ana Silva,analista de dados em Recife,2024-01-23 06:00:00,971,406,435,331,0,0,dica pra quem estuda seguranca: pratique em laboratorio proprio que dia (28),0
juliana_alves93,Bruno Souza,musico nos fins de semana,2022-07-18 15:00:00,1524,178,197,1759,0,0,dica pra quem estuda seguranca: pratique em laboratorio proprio coisa de louco (19),0
rafael_souza,Fernanda Silva,analista de dados em Curitiba,2016-11-30 07:00:00,3581,319,481,292,0,0,alguem ai assistiu o jogo de ontem? que segundo tempo ate semana que vem (59),0
bruno_alves15,Rafael Lima,musico nos fins de semana,2020-04-09 04:00:00,2355,1485,1248,975,0,0,"bom dia, cafe e mais um dia de trabalho por aqui",0
mariana_rocha,Mariana Lima,analista de dados em Belem,2025-04-19 00:00:00,519,263,376,1781,0,0,"vagas limitadas no curso de bolo caseiro, chama no direct pra reservar",0
fernanda_rocha,Paula Alves,estudante de enfermagem,2022-07-22 12:00:00,1521,226,456,272,0,0,"chuva forte aqui em Curitiba hoje, transito parado valeu quem ajudou",0
eduardo_lima,Helena Souza,fotografa e mae de dois,2013-09-20 06:00:00,4748,242,517,98,0,0,alguem ai assistiu o jogo de ontem? que segundo tempo amanha continuo (43),0
fernanda_silva,Fernanda Silva,estudante de enfermagem,2015-02-05 00:00:00,4245,15,12,117,0,0,"terminei de ler o livro que a Igor indicou, valeu a pena ate semana que vem",0
otavio_souza,Eduardo Alves,corredora amadora | 42k,2016-07-05 06:00:00,3729,645,344,88,0,0,"chuva forte aqui em Belem hoje, transito parado coisa de louco",0
helena_silva,Juliana Souza,"pai do Theo, torcedor sofredor",2018-09-14 00:00:00,2928,183,265,1058,0,0,"vagas limitadas no curso de bolo caseiro, chama no direct pra reservar",0
gustavo_silva14,Diego Lima,musico nos fins de semana,2025-04-24 19:00:00,513,403,577,1284,0,0,"terminei de ler o livro que a Igor indicou, valeu a pena amanha continuo",0
gustavo_rocha,Nara Silva,corredora amadora | 42k,2022-02-26 14:00:00,1666,116,224,1135,0,0,alguem ai assistiu o jogo de ontem? que segundo tempo coisa de louco (32),0
lucas_silva,Diego Silva,fotografa e mae de dois,2015-01-18 13:00:00,4262,616,738,369,0,0,"obrigada pelas mensagens de aniversario, gente enfim",0
diego_lima,Bruno Souza,"dev backend, cafe e gatos",2025-09-04 03:00:00,381,128,47,147,0,0,opiniao impopular: filme antigo e melhor que remake que dia,0
nara_souza,Bruno Rocha,,2026-07-25 14:00:00,56,26,423,159,0,0,promocao de hoje na loja: cupom de 20% pra quem chegar antes do meio dia,0
eduardo_alves,Ana Alves,estudante de enfermagem,2013-04-13 19:00:00,4907,971,1032,93,0,0,recomendo muito esse restaurante novo no centro de Belem coisa de louco (22),0
carla_alves,Gustavo Alves,"dev backend, cafe e gatos",2020-11-11 18:00:00,2138,135,204,1823,0,0,recomendo muito esse restaurante novo no centro de Goiania amanha continuo (63),0
otavio_rocha36,Igor Silva,fotografa e mae de dois,2022-08-03 23:00:00,1508,49,90,533,0,0,"consegui finalmente organizar a planilha do mes, vitoria pessoal (21)",0
mariana_souza65,Lucas Rocha,corredora amadora | 42k,2013-04-02 18:00:00,4918,1982,2908,531,0,0,"chuva forte aqui em Recife hoje, transito parado enfim (22)",0
mariana_silva,Paula Souza,professora de historia,2017-01-26 20:00:00,3523,4341,2790,871,0,0,recomendo muito esse restaurante novo no centro de Salvador que dia (31),0
rafael_alves,Carla Lima,analista de dados em Salvador,2019-01-15 23:00:00,2804,162,183,823,0,0,alguem ai assistiu o jogo de ontem? que segundo tempo enfim (39),0
nara_silva,Fernanda Alves,,2024-12-07 14:00:00,651,137,133,898,0,0,"obrigada pelas mensagens de aniversario, gente enfim",0
gustavo_rocha,Lucas Silva,analista de dados em Porto Alegre,2017-07-04 04:00:00,3365,553,1197,398,1,0,"bom dia, cafe e mais um dia de trabalho por aqui enfim",0
gustavo_silva,Paula Alves,analista de dados em Porto Alegre,2025-06-11 20:00:00,465,129,269,96,0,0,"terminei de ler o livro que a Rafael indicou, valeu a pena coisa de louco",0
nara_rocha21,Gustavo Souza,,2018-09-01 06:00:00,2941,302,382,221,0,0,"obrigada pelas mensagens de aniversario, gente no mais, tudo tranquilo (79)",0
promo9792396,Ana 7712,link na bio https://encurtador.com.br/pfe8rt,2026-06-08 13:47:00,103,21,1279,4095,1,0,"Sinal gratis de aposta, lucro garantido hoje!!! https://encurtador.com.br/pfe8rt",1
ganhe2121539,Ganhe 1000,,2026-02-23 12:21:00,208,2,1541,3468,0,0,SEGUIDORES GRATIS!!! siga de volta e me chama no whats https://cutt.ly/ga5mkv,1
juliana_silva,Ana Lima,professora de historia,2026-08-28 16:00:00,22,2,401,57,0,0,"treino feito, 6km hoje. devagar mas chegando ate semana que vem (8)",0
lucas_alves,Gustavo Lima,musico nos fins de semana,2026-01-31 18:00:00,231,298,233,1917,0,0,"obrigada pelas mensagens de aniversario, gente depois conto o resto",0
ganhe4818252,Invest Bot,,2025-10-13 13:12:00,341,5,575,18272,1,0,"Sinal gratis de aposta, lucro garantido hoje!!! https://tinyurl.com/35cx4o",1
rafael_silva33,Helena Silva,"pai do Theo, torcedor sofredor",2026-09-11 20:00:00,8,20,406,24,0,0,"chuva forte aqui em Belem hoje, transito parado no mais, tudo tranquilo (82)",0
mariana_silva,Rafael Rocha,fotografa e mae de dois,2021-01-05 18:00:00,2083,59,81,171,0,0,dica pra quem estuda seguranca: pratique em laboratorio proprio (52),0
juliana_alves86,Gustavo Silva,musico nos fins de semana,2018-12-05 08:00:00,2846,276,187,668,0,0,"bom dia, cafe e mais um dia de trabalho por aqui enfim",0
carla_rocha84,Lucas Rocha,fotografa e mae de dois,2022-12-17 05:00:00,1373,53,88,133,0,0,"obrigada pelas mensagens de aniversario, gente (62)",0
eduardo_lima,Juliana Souza,analista de dados em Curitiba,2024-10-19 10:00:00,701,636,1176,278,0,0,alguem ai assistiu o jogo de ontem? que segundo tempo,0
bruno_alves,Paula Silva,"dev backend, cafe e gatos",2025-11-13 19:00:00,310,86,92,1795,0,0,dica pra quem estuda seguranca: pratique em laboratorio proprio no fim deu certo (54),0
lucas_alves6,Nara Souza,professora de historia,2026-08-05 06:00:00,46,23,437,92,0,0,"terminei de ler o livro que a Igor indicou, valeu a pena ate semana que vem",0
eduardo_silva,Igor Silva,fotografa e mae de dois,2019-05-02 02:00:00,2698,505,327,335,0,1,recomendo muito esse restaurante novo no centro de Curitiba ate semana que vem,0
lucro5475904,Invest Bot,link na bio https://encurtador.com.br/j3wg80,2026-06-03 13:21:00,108,3,2458,6129,1,0,"Cupom exclusivo de R$ 200, ultimas vagas, clique no link https://encurtador.com.br/j3wg80",1
diego_souza0,Diego Silva,estudante de enfermagem,2026-09-09 10:00:00,11,2,401,50,0,0,"bom dia, cafe e mais um dia de trabalho por aqui enfim",0
invest1929061,Promo 999,,2026-06-08 15:10:00,103,26,2228,3727,1,0,Airdrop de cripto liberado! dobre seu investimento em 24h https://cutt.ly/fnf7x8,1
rafael_silva,Otavio Lima,corredora amadora | 42k,2023-05-20 03:00:00,1219,816,1687,138,0,0,"chuva forte aqui em Goiania hoje, transito parado coisa de louco",0
gustavo_silva10,Fernanda Silva,"pai do Theo, torcedor sofredor",2026-08-04 17:00:00,46,0,400,165,1,0,opiniao impopular: filme antigo e melhor que remake valeu quem ajudou (37),0
eduardo_alves87,Diego Souza,estudante de enfermagem,2016-09-14 08:00:00,3658,483,786,1138,0,0,"consegui finalmente organizar a planilha do mes, vitoria pessoal amanha continuo (68)",0
igor_alves,Helena Rocha,musico nos fins de semana,2025-12-09 17:00:00,284,722,456,1505,0,0,alguem ai assistiu o jogo de ontem? que segundo tempo recomendo,0
promo9068871,Renda Extra 24h,,2026-02-23 15:16:00,208,30,589,5456,1,0,"Sinal gratis de aposta, lucro garantido hoje!!! https://encurtador.com.br/0bgh70",1
rafael_souza,Helena Souza,,2026-08-15 20:00:00,35,2,402,119,0,0,recomendo muito esse restaurante novo no centro de Belem recomendo,0
diego_rocha,Fernanda Rocha,"dev backend, cafe e gatos",2016-01-05 02:00:00,3911,373,404,189,0,0,dica pra quem estuda seguranca: pratique em laboratorio proprio depois conto o resto (78),0
fernanda_souza4,Carla Alves,musico nos fins de semana,2026-04-27 17:00:00,145,15,17,98,0,0,"bom dia, cafe e mais um dia de trabalho por aqui amanha continuo",0
fernanda_souza,Paula Prado,fotografa e mae de dois,2025-02-03 17:00:00,593,81,44,717,0,0,"que dia lindo hoje, aproveitando o sol enfim",1
invest9206266,Ganhe 1000,link na bio https://encurtador.com.br/oxakjb,2025-10-13 14:22:00,341,7,2467,10463,1,0,"GANHE DINHEIRO em casa!!! vagas limitadas, chama no direct agora https://encurtador.com.br/oxakjb",1
carla_silva95,Lucas Alves,fotografa e mae de dois,2021-09-05 13:00:00,1840,574,569,1422,0,0,"obrigada pelas mensagens de aniversario, gente valeu quem ajudou",0
igor_silva47,Paula Alves,"pai do Theo, torcedor sofredor",2019-10-01 01:00:00,2546,2656,1950,111,0,0,"bom dia, cafe e mais um dia de trabalho por aqui coisa de louco",0
eduardo_souza,Gustavo Lima,,2023-08-19 01:00:00,1128,56,99,457,0,0,"consegui finalmente organizar a planilha do mes, vitoria pessoal",0
invest1184054,Invest Bot,link na bio https://bit.ly/zlq4zh,2026-06-03 16:01:00,108,7,1723,1481,1,0,RENDA EXTRA de R$ 300 por dia!!! clique no link da bio e comece hoje https://bit.ly/zlq4zh,1
lucas_silva,Igor Souza,"dev backend, cafe e gatos",2022-09-09 07:00:00,1472,100,160,1750,0,0,"treino feito, 6km hoje. devagar mas chegando no fim deu certo (55)",0
fernanda_silva46,Gustavo Souza,,2018-10-05 11:00:00,2907,74,25,4035,0,0,"treino feito, 6km hoje. devagar mas chegando ate semana que vem (87)",0
juliana_lima,Bruno Souza,musico nos fins de semana,2017-12-24 08:00:00,3192,24,12,873,0,0,"bom dia, cafe e mais um dia de trabalho por aqui amanha continuo",0
helena_souza,Gustavo Rocha,professora de historia,2020-08-09 09:00:00,2233,1475,2325,745,0,0,"bom dia, cafe e mais um dia de trabalho por aqui amanha continuo",0
invest1458357,Promo 999,,2026-06-03 14:11:00,108,6,2122,2274,0,0,Airdrop de cripto liberado! dobre seu investimento em 24h https://bit.ly/fldfsa,1
mariana_silva,Fernanda Silva,fotografa e mae de dois,2012-10-14 17:00:00,5088,367,513,84,0,0,alguem ai assistiu o jogo de ontem? que segundo tempo recomendo,0
lucas_rocha,Gustavo Rocha,fotografa e mae de dois,2022-05-07 15:00:00,1596,850,589,304,0,0,"obrigada pelas mensagens de aniversario, gente recomendo",0
carla_souza16,Gustavo Alves,fotografa e mae de dois,2026-07-05 07:00:00,77,30,421,212,0,0,alguem ai assistiu o jogo de ontem? que segundo tempo depois conto o resto,0
bruno_rocha,Ana Silva,"dev backend, cafe e gatos",2015-03-31 20:00:00,4190,223,376,713,1,0,opiniao impopular: filme antigo e melhor que remake amanha continuo (4),0
paula_silva29,Nara Alves,"pai do Theo, torcedor sofredor",2024-09-24 22:00:00,725,226,465,1484,0,0,dica pra quem estuda seguranca: pratique em laboratorio proprio ate semana que vem (62),0
nara_souza,Ana Lima,fotografa e mae de dois,2026-03-01 03:00:00,203,69,73,295,0,0,"terminei de ler o livro que a Paula indicou, valeu a pena que dia (69)",0
carla_silva,Fernanda Alves,"pai do Theo, torcedor sofredor",2026-06-29 20:00:00,82,14,416,257,0,0,"bom dia, cafe e mais um dia de trabalho por aqui bora pra cima",0
ana2994940,Promo 999,,2026-02-03 12:29:00,228,33,2378,2537,1,0,RENDA EXTRA de R$ 300 por dia!!! clique no link da bio e comece hoje https://bit.ly/q9fndu,1
diego_souza,Eduardo Rocha,fotografa e mae de dois,2013-08-08 00:00:00,4791,121,88,1747,0,0,"bom dia, cafe e mais um dia de trabalho por aqui bora pra cima",0
carla_souza,Bruno Lima,fotografa e mae de dois,2013-06-15 22:00:00,4844,3750,5000,665,0,0,"obrigada pelas mensagens de aniversario, gente",0
fernanda_rocha,Juliana Souza,"pai do Theo, torcedor sofredor",2019-04-17 13:00:00,2712,210,143,1440,0,0,"obrigada pelas mensagens de aniversario, gente enfim (8)",0
otavio_souza0,Carla Silva,musico nos fins de semana,2021-11-22 12:00:00,1763,260,556,313,0,0,"terminei de ler o livro que a Carla indicou, valeu a pena bora pra cima (63)",0
promo4627637,Ganhe 1000,,2026-03-10 15:36:00,193,1,2375,6837,1,0,SEGUIDORES GRATIS!!! siga de volta e me chama no whats https://is.gd/7wz9qg,1
carla_silva16,Eduardo Lima,fotografa e mae de dois,2016-12-20 10:00:00,3561,224,372,3119,0,0,"consegui finalmente organizar a planilha do mes, vitoria pessoal coisa de louco (79)",0
ana_rocha32,Carla Rocha,estudante de enfermagem,2016-05-22 09:00:00,3773,1208,1464,244,0,0,"renda extra? venha ser revendedora comigo, explico tudo https://is.gd/y84stp",0
mariana_souza,Carla Rocha,professora de historia,2022-03-08 11:00:00,1657,696,268,774,0,0,"consegui finalmente organizar a planilha do mes, vitoria pessoal recomendo",0
carla_souza41,Carla Lima,corredora amadora | 42k,2014-02-01 16:00:00,4613,370,509,1490,0,0,dica pra quem estuda seguranca: pratique em laboratorio proprio amanha continuo (39),0
juliana_alves17,Mariana Rocha,,2021-03-02 23:00:00,2027,211,247,24,0,0,"bom dia, cafe e mais um dia de trabalho por aqui recomendo",0
bruno_rocha9,Carla Lima,professora de historia,2025-05-05 11:00:00,503,269,498,392,0,0,opiniao impopular: filme antigo e melhor que remake bora pra cima,0
fernanda_silva8,Helena Alves,corredora amadora | 42k,2013-09-15 12:00:00,4753,44,73,754,0,0,"bom dia, cafe e mais um dia de trabalho por aqui no mais, tudo tranquilo (16)",0
mariana_souza15,Lucas Lima,fotografa e mae de dois,2020-10-02 14:00:00,2178,151,213,970,0,0,"consegui finalmente organizar a planilha do mes, vitoria pessoal que dia",0
carla_souza93,Igor Rocha,estudante de enfermagem,2018-07-04 20:00:00,2999,89,140,170,0,0,"chuva forte aqui em Goiania hoje, transito parado enfim (4)",0
fernanda_rocha83,Paula Rocha,"pai do Theo, torcedor sofredor",2026-08-27 16:00:00,23,13,411,66,0,0,"treino feito, 6km hoje. devagar mas chegando depois conto o resto (57)",0
otavio_alves19,Otavio Lima,"pai do Theo, torcedor sofredor",2023-08-25 04:00:00,1122,1922,1609,756,0,0,dica pra quem estuda seguranca: pratique em laboratorio proprio (67),0
carla_rocha27,Paula Rocha,corredora amadora | 42k,2024-05-13 17:00:00,859,196,282,1195,1,0,"treino feito, 6km hoje. devagar mas chegando recomendo",0
rafael_souza,Carla Rocha,,2026-08-29 03:00:00,22,11,416,89,0,0,recomendo muito esse restaurante novo no centro de Sao Paulo enfim,0
otavio_rocha,Rafael Silva,"dev backend, cafe e gatos",2016-12-10 03:00:00,3571,123,48,472,1,0,opiniao impopular: filme antigo e melhor que remake bora pra cima (4),0
otavio_alves,Nara Rocha,analista de dados em Sao Paulo,2017-03-14 14:00:00,3476,238,69,325,0,0,"chuva forte aqui em Sao Paulo hoje, transito parado depois conto o resto",0
helena_lima,Otavio Lima,professora de historia,2021-02-16 00:00:00,2042,231,263,618,0,0,"terminei de ler o livro que a Gustavo indicou, valeu a pena no fim deu certo",0
otavio_silva,Lucas Silva,fotografa e mae de dois,2012-11-16 12:00:00,5056,352,383,126,0,0,recomendo muito esse restaurante novo no centro de Goiania amanha continuo,0
gustavo_silva,Juliana Silva,fotografa e mae de dois,2018-10-02 01:00:00,2910,389,853,107,0,0,promocao de hoje na loja: cupom de 20% pra quem chegar antes do meio dia,0
eduardo_souza71,Otavio Souza,"pai do Theo, torcedor sofredor",2015-10-01 04:00:00,4007,177,277,940,1,0,recomendo muito esse restaurante novo no centro de Recife valeu quem ajudou,0
bruno_silva,Ana Souza,"dev backend, cafe e gatos",2021-07-31 05:00:00,1877,77,45,1593,0,0,alguem ai assistiu o jogo de ontem? que segundo tempo depois conto o resto,0
paula_lima,Gustavo Silva,"pai do Theo, torcedor sofredor",2024-01-22 04:00:00,972,158,181,564,0,0,dica pra quem estuda seguranca: pratique em laboratorio proprio coisa de louco,0
helena_silva46,Gustavo Alves,corredora amadora | 42k,2026-07-20 22:00:00,61,1,400,173,0,0,"obrigada pelas mensagens de aniversario, gente amanha continuo (74)",0
promo5886806,Promo 999,,2026-03-02 14:41:00,201,1,2345,5440,1,0,SEGUIDORES GRATIS!!! siga de volta e me chama no whats https://bit.ly/b7aich,1
otavio_lima,Carla Rocha,professora de historia,2023-03-22 02:00:00,1278,83,34,342,0,0,"consegui finalmente organizar a planilha do mes, vitoria pessoal amanha continuo (70)",0
carla_silva49,Helena Souza,fotografa e mae de dois,2012-07-03 11:00:00,5192,20,21,146,0,0,"chuva forte aqui em Belem hoje, transito parado bora pra cima",0
lucas_silva,Otavio Alves,,2021-07-14 17:00:00,1893,836,1067,1829,0,0,"terminei de ler o livro que a Helena indicou, valeu a pena que dia (4)",0
ana_alves58,Nara Silva,,2019-06-07 14:00:00,2661,46,21,824,0,0,opiniao impopular: filme antigo e melhor que remake coisa de louco (47),0
lucas_lima0,Bruno Rocha,professora de historia,2013-06-21 18:00:00,4838,1051,873,899,0,0,opiniao impopular: filme antigo e melhor que remake amanha continuo (65),0
invest4158393,Invest Bot,,2025-10-13 12:05:00,341,15,735,7185,1,0,SEGUIDORES GRATIS!!! siga de volta e me chama no whats https://encurtador.com.br/ve1mpd,1
carla_souza,Paula Rocha,"pai do Theo, torcedor sofredor",2021-02-12 16:00:00,2045,33,12,131,0,0,"consegui finalmente organizar a planilha do mes, vitoria pessoal enfim (5)",0
ana_rocha,Helena Alves,corredora amadora | 42k,2017-11-08 02:00:00,3238,132,76,664,0,0,"terminei de ler o livro que a Ana indicou, valeu a pena que dia (14)",0
fernanda_alves,Helena Rocha,estudante de enfermagem,2022-02-06 05:00:00,1687,81,138,66,0,0,dica pra quem estuda seguranca: pratique em laboratorio proprio enfim (76),0
diego_souza55,Juliana Silva,"pai do Theo, torcedor sofredor",2017-01-26 20:00:00,3523,446,951,139,0,0,"consegui finalmente organizar a planilha do mes, vitoria pessoal que dia (28)",0
helena_alves,Bruno Souza,analista de dados em Belem,2017-05-03 06:00:00,3427,113,212,91,0,0,"obrigada pelas mensagens de aniversario, gente bora pra cima",0
carla_lima78,Paula Silva,estudante de enfermagem,2026-07-24 08:00:00,58,12,407,221,0,0,opiniao impopular: filme antigo e melhor que remake enfim,0
igor_silva18,Gustavo Silva,estudante de enfermagem,2013-10-24 11:00:00,4714,397,195,229,0,0,"bom dia, cafe e mais um dia de trabalho por aqui (97)",0
igor_silva88,Gustavo Souza,"dev backend, cafe e gatos",2016-02-28 09:00:00,3857,217,383,795,0,0,dica pra quem estuda seguranca: pratique em laboratorio proprio bora pra cima,0
fernanda_rocha68,Juliana Martins,musico nos fins de semana,2025-02-06 12:00:00,591,924,544,831,0,0,quem ai tambem acordou cedo pra treinar? coisa de louco,1
eduardo_lima4,Bruno Alves,estudante de enfermagem,2014-03-02 08:00:00,4585,269,191,397,0,0,"terminei de ler o livro que a Mariana indicou, valeu a pena ate semana que vem (82)",0
helena_alves,Paula Lima,,2019-01-26 23:00:00,2793,256,387,330,0,0,"consegui finalmente organizar a planilha do mes, vitoria pessoal no mais, tudo tranquilo",0
lucas_lima,Carla Lima,"pai do Theo, torcedor sofredor",2014-08-26 21:00:00,4407,197,142,620,0,0,promocao de hoje na loja: cupom de 20% pra quem chegar antes do meio dia,0
carla_rocha18,Otavio Prado,fotografa e mae de dois,2023-10-28 04:00:00,1058,30,60,37,0,0,"bom dia, cafe e mais um dia de trabalho por aqui bora pra cima",1
fernanda_lima,Bruno Silva,analista de dados em Goiania,2017-08-22 07:00:00,3316,584,824,1452,0,0,"bom dia, cafe e mais um dia de trabalho por aqui no fim deu certo (94)",0
nara_souza,Bruno Silva,estudante de enfermagem,2018-07-25 22:00:00,2978,30,48,5790,0,0,alguem ai assistiu o jogo de ontem? que segundo tempo ate semana que vem,0
paula_alves44,Lucas Rocha,estudante de enfermagem,2026-08-29 00:00:00,22,15,412,55,0,0,alguem ai assistiu o jogo de ontem? que segundo tempo coisa de louco (22),0
diego_silva55,Rafael Alves,analista de dados em Porto Alegre,2017-10-30 06:00:00,3247,503,527,378,0,0,"chuva forte aqui em Porto Alegre hoje, transito parado",0
juliana_souza,Rafael Alves,analista de dados em Sao Paulo,2023-09-11 18:00:00,1104,423,238,120,0,0,alguem ai assistiu o jogo de ontem? que segundo tempo no fim deu certo,0
eduardo_alves,Paula Alves,fotografa e mae de dois,2025-08-08 04:00:00,408,358,534,1836,0,0,alguem ai assistiu o jogo de ontem? que segundo tempo valeu quem ajudou,0
mariana_souza51,Paula Silva,,2016-10-18 10:00:00,3624,200,186,812,1,0,"consegui finalmente organizar a planilha do mes, vitoria pessoal depois conto o resto",0
helena_souza53,Igor Lima,corredora amadora | 42k,2020-05-26 08:00:00,2308,141,64,367,0,0,dica pra quem estuda seguranca: pratique em laboratorio proprio valeu quem ajudou,0
rafael_souza,Nara Souza,professora de historia,2016-12-15 07:00:00,3566,492,227,73,0,0,alguem ai assistiu o jogo de ontem? que segundo tempo recomendo,0
mariana_rocha,Mariana Alves,analista de dados em Curitiba,2014-01-03 10:00:00,4643,788,730,268,0,0,recomendo muito esse restaurante novo no centro de Curitiba,0
ana_lima29,Diego Souza,corredora amadora | 42k,2016-06-04 09:00:00,3760,711,605,185,0,0,"chuva forte aqui em Goiania hoje, transito parado no mais, tudo tranquilo (10)",0
eduardo_silva,Nara Alves,estudante de enfermagem,2020-06-10 18:00:00,2292,128,215,853,0,0,"obrigada pelas mensagens de aniversario, gente no fim deu certo (16)",0
helena_silva94,Diego Alves,fotografa e mae de dois,2015-05-24 10:00:00,4137,35,15,318,0,1,"terminei de ler o livro que a Lucas indicou, valeu a pena no mais, tudo tranquilo (45)",0
otavio_rocha,Bruno Prado,corredora amadora | 42k,2019-03-18 06:00:00,2743,122,188,150,0,0,alguem ai assistiu o jogo de ontem? que segundo tempo coisa de louco,1
fernanda_rocha,Diego Lima,fotografa e mae de dois,2025-08-07 06:00:00,409,344,523,129,0,0,"obrigada pelas mensagens de aniversario, gente coisa de louco (61)",0
juliana_alves,Bruno Souza,professora de historia,2015-02-11 13:00:00,4238,135,221,3779,1,0,"chuva forte aqui em Sao Paulo hoje, transito parado bora pra cima",0
juliana_souza72,Igor Lima,estudante de enfermagem,2015-12-02 01:00:00,3945,407,183,1823,0,0,"terminei de ler o livro que a Rafael indicou, valeu a pena coisa de louco",0
mariana_silva53,Lucas Souza,"pai do Theo, torcedor sofredor",2020-04-04 05:00:00,2360,72,140,162,0,0,promocao de hoje na loja: cupom de 20% pra quem chegar antes do meio dia,0
nara_rocha,Juliana Alves,"dev backend, cafe e gatos",2023-09-07 07:00:00,1109,371,614,108,0,0,opiniao impopular: filme antigo e melhor que remake bora pra cima (61),0
helena_alves23,Otavio Souza,professora de historia,2019-06-11 23:00:00,2657,692,598,378,0,0,"obrigada pelas mensagens de aniversario, gente no fim deu certo",0
juliana_silva26,Bruno Alves,fotografa e mae de dois,2017-07-03 20:00:00,3365,1575,723,610,0,0,"obrigada pelas mensagens de aniversario, gente amanha continuo",0
rafael_silva,Igor Alves,,2020-10-25 06:00:00,2156,225,399,322,0,0,"terminei de ler o livro que a Helena indicou, valeu a pena bora pra cima",0
bruno_silva46,Fernanda Lima,estudante de enfermagem,2020-01-20 17:00:00,2434,975,1386,191,0,0,"alguem ai assistiu o jogo de ontem? que segundo tempo no mais, tudo tranquilo",0
lucas_souza8,Bruno Silva,estudante de enfermagem,2022-03-19 02:00:00,1646,174,281,463,0,0,"chuva forte aqui em Recife hoje, transito parado depois conto o resto (84)",0
eduardo_souza,Igor Rocha,fotografa e mae de dois,2023-08-11 01:00:00,1136,186,337,644,0,0,"treino feito, 6km hoje. devagar mas chegando amanha continuo",0
igor_rocha,Juliana Silva,musico nos fins de semana,2013-07-20 10:00:00,4810,41,15,504,0,0,alguem ai assistiu o jogo de ontem? que segundo tempo depois conto o resto (23),0
gustavo_silva,Igor Lima,analista de dados em Porto Alegre,2020-05-08 16:00:00,2325,477,605,1327,0,0,"bom dia, cafe e mais um dia de trabalho por aqui que dia",0
gustavo_alves46,Otavio Alves,estudante de enfermagem,2019-08-13 03:00:00,2595,71,148,472,0,0,"chuva forte aqui em Recife hoje, transito parado que dia",0
lucas_silva88,Otavio Silva,"dev backend, cafe e gatos",2021-02-12 13:00:00,2045,32,59,1123,0,0,recomendo muito esse restaurante novo no centro de Goiania que dia (59),0
diego_souza58,Nara Lima,professora de historia,2013-04-18 02:00:00,4903,160,214,86,0,0,dica pra quem estuda seguranca: pratique em laboratorio proprio coisa de louco (9),0
mariana_alves93,Igor Alves,musico nos fins de semana,2020-03-16 02:00:00,2379,629,1027,1133,0,0,"obrigada pelas mensagens de aniversario, gente valeu quem ajudou (33)",0
lucro5515135,Renda Extra 24h,,2026-06-03 14:26:00,108,7,1967,3467,1,0,RENDA EXTRA de R$ 300 por dia!!! clique no link da bio e comece hoje https://cutt.ly/smjkqr,1
otavio_alves,Diego Silva,,2020-07-13 06:00:00,2260,290,333,70,0,0,dica pra quem estuda seguranca: pratique em laboratorio proprio ate semana que vem (56),0
eduardo_alves,Paula Souza,estudante de enfermagem,2014-04-28 19:00:00,4527,200,243,429,0,0,opiniao impopular: filme antigo e melhor que remake recomendo (5),0
fernanda_silva,Bruno Lima,,2026-08-12 01:00:00,39,14,408,91,0,0,"chuva forte aqui em Sao Paulo hoje, transito parado bora pra cima",0
invest1630907,Invest Bot,link na bio https://encurtador.com.br/52ecjg,2025-10-13 14:02:00,341,10,2056,10404,1,0,SEGUIDORES GRATIS!!! siga de volta e me chama no whats https://encurtador.com.br/52ecjg,1
bruno_lima64,Igor Souza,,2025-10-29 21:00:00,325,482,329,1475,0,0,"chuva forte aqui em Recife hoje, transito parado enfim",0
gustavo_souza,Helena Rocha,,2015-03-10 08:00:00,4212,619,449,244,0,0,"chuva forte aqui em Curitiba hoje, transito parado bora pra cima",0
paula_silva43,Lucas Silva,professora de historia,2013-01-09 06:00:00,5002,32,56,1733,0,0,"obrigada pelas mensagens de aniversario, gente coisa de louco (79)",0
paula_silva,Diego Souza,professora de historia,2022-07-25 19:00:00,1517,115,231,431,0,0,alguem ai assistiu o jogo de ontem? que segundo tempo amanha continuo,0
eduardo_souza5,Mariana Lima,musico nos fins de semana,2017-06-22 08:00:00,3377,705,1002,621,0,0,dica pra quem estuda seguranca: pratique em laboratorio proprio bora pra cima (69),0
helena_lima,Carla Alves,"dev backend, cafe e gatos",2019-03-16 02:00:00,2745,174,212,1757,0,0,alguem ai assistiu o jogo de ontem? que segundo tempo valeu quem ajudou,0
paula_rocha,Lucas Lima,"pai do Theo, torcedor sofredor",2018-05-07 16:00:00,3057,34,12,164,0,1,"chuva forte aqui em Curitiba hoje, transito parado depois conto o resto",0
lucro1074691,Renda Extra 24h,,2026-07-18 13:50:00,63,10,2894,646,0,0,"GANHE DINHEIRO em casa!!! vagas limitadas, chama no direct agora https://cutt.ly/u26dxj",1
mariana_rocha45,Paula Souza,,2019-06-27 08:00:00,2642,195,107,252,0,0,"chuva forte aqui em Goiania hoje, transito parado ate semana que vem",0
nara_alves69,Otavio Alves,fotografa e mae de dois,2017-08-17 22:00:00,3320,150,40,1427,0,0,"chuva forte aqui em Porto Alegre hoje, transito parado no mais, tudo tranquilo",0
gustavo_lima,Rafael Silva,musico nos fins de semana,2025-04-22 14:00:00,515,780,980,1890,0,0,"renda extra? venha ser revendedora comigo, explico tudo https://cutt.ly/0eumq8",0
gustavo_silva,Gustavo Silva,"pai do Theo, torcedor sofredor",2015-12-04 01:00:00,3943,451,784,322,0,0,"chuva forte aqui em Belem hoje, transito parado enfim",0
gustavo_rocha32,Juliana Alves,"dev backend, cafe e gatos",2018-06-23 22:00:00,3010,605,1230,689,0,0,alguem ai assistiu o jogo de ontem? que segundo tempo bora pra cima,0
paula_alves35,Gustavo Souza,analista de dados em Recife,2016-05-14 23:00:00,3780,563,169,390,1,0,recomendo muito esse restaurante novo no centro de Recife ate semana que vem,0
ana_lima29,Igor Lima,,2016-01-13 09:00:00,3903,578,179,108,0,0,promocao de hoje na loja: cupom de 20% pra quem chegar antes do meio dia,0
diego_alves,Igor Alves,corredora amadora | 42k,2023-09-21 20:00:00,1094,211,313,2823,0,0,recomendo muito esse restaurante novo no centro de Porto Alegre ate semana que vem (6),0
juliana_rocha12,Gustavo Rocha,analista de dados em Goiania,2016-06-22 22:00:00,3741,301,305,1317,0,0,opiniao impopular: filme antigo e melhor que remake no fim deu certo,0
mariana_alves,Bruno Lima,,2021-11-24 08:00:00,1761,145,180,995,1,0,"terminei de ler o livro que a Igor indicou, valeu a pena valeu quem ajudou",0
helena_lima,Eduardo Souza,fotografa e mae de dois,2021-03-29 01:00:00,2001,2392,967,805,0,0,recomendo muito esse restaurante novo no centro de Recife que dia,0
igor_silva,Rafael Rocha,"dev backend, cafe e gatos",2023-11-12 09:00:00,1043,733,1605,201,1,0,"terminei de ler o livro que a Diego indicou, valeu a pena enfim",0
helena_alves,Ana Souza,musico nos fins de semana,2018-04-07 10:00:00,3088,770,1190,575,0,0,"chuva forte aqui em Goiania hoje, transito parado depois conto o resto",0
nara_souza,Carla Souza,analista de dados em Porto Alegre,2016-09-03 04:00:00,3669,630,1065,4084,0,0,"chuva forte aqui em Porto Alegre hoje, transito parado no mais, tudo tranquilo",0
fernanda_souza67,Eduardo Martins,professora de historia,2020-04-12 22:00:00,2351,30,26,691,0,0,"que dia lindo hoje, aproveitando o sol",1
helena_souza,Nara Alves,"dev backend, cafe e gatos",2024-10-04 23:00:00,715,501,373,557,0,0,"treino feito, 6km hoje. devagar mas chegando que dia (3)",0
igor_lima76,Fernanda Souza,"pai do Theo, torcedor sofredor",2018-05-12 07:00:00,3053,35,72,75,0,0,"consegui finalmente organizar a planilha do mes, vitoria pessoal no mais, tudo tranquilo",0
juliana_lima,Igor Lima,fotografa e mae de dois,2026-07-16 21:00:00,65,3,403,227,0,0,"consegui finalmente organizar a planilha do mes, vitoria pessoal bora pra cima (15)",0
diego_souza40,Lucas Alves,musico nos fins de semana,2014-05-08 02:00:00,4518,170,193,480,0,0,dica pra quem estuda seguranca: pratique em laboratorio proprio que dia,0
bruno_souza79,Bruno Alves,analista de dados em Sao Paulo,2025-11-10 07:00:00,314,141,237,299,0,0,dica pra quem estuda seguranca: pratique em laboratorio proprio depois conto o resto (35),0
eduardo_souza,Helena Lima,,2026-07-17 20:00:00,64,0,400,195,0,0,"obrigada pelas mensagens de aniversario, gente coisa de louco",0
fernanda_rocha,Fernanda Lima,professora de historia,2017-02-13 14:00:00,3505,161,131,1435,0,0,"bom dia, cafe e mais um dia de trabalho por aqui bora pra cima",0
rafael_rocha65,Rafael Souza,estudante de enfermagem,2026-08-26 00:00:00,25,10,417,93,0,0,"chuva forte aqui em Curitiba hoje, transito parado enfim",0
mariana_lima66,Paula Souza,corredora amadora | 42k,2022-07-23 11:00:00,1520,153,226,881,0,0,"obrigada pelas mensagens de aniversario, gente amanha continuo",0
eduardo_silva,Rafael Silva,,2025-08-27 01:00:00,389,966,447,711,0,0,recomendo muito esse restaurante novo no centro de Goiania bora pra cima (43),0
lucas_souza,Fernanda Souza,professora de historia,2022-10-18 15:00:00,1432,29,26,350,0,0,recomendo muito esse restaurante novo no centro de Salvador depois conto o resto (36),0
rafael_lima,Fernanda Silva,"dev backend, cafe e gatos",2020-09-18 12:00:00,2193,293,541,311,0,0,"treino feito, 6km hoje. devagar mas chegando coisa de louco",0
otavio_rocha54,Juliana Silva,"dev backend, cafe e gatos",2023-06-16 21:00:00,1191,221,350,4266,0,0,"treino feito, 6km hoje. devagar mas chegando no mais, tudo tranquilo (61)",0
igor_alves,Ana Silva,,2022-02-06 05:00:00,1687,94,128,398,0,0,recomendo muito esse restaurante novo no centro de Sao Paulo enfim,0
paula_lima,Lucas Rocha,,2012-09-03 18:00:00,5129,531,137,186,0,0,"chuva forte aqui em Goiania hoje, transito parado que dia (98)",0
lucas_souza35,Mariana Alves,fotografa e mae de dois,2022-12-13 12:00:00,1377,15,15,430,1,0,recomendo muito esse restaurante novo no centro de Sao Paulo enfim (23),0
otavio_souza,Helena Lima,"pai do Theo, torcedor sofredor",2015-12-04 21:00:00,3942,890,372,410,0,0,"terminei de ler o livro que a Lucas indicou, valeu a pena ate semana que vem (59)",0
lucas_lima,Mariana Souza,"dev backend, cafe e gatos",2018-05-19 02:00:00,3046,423,553,926,0,0,"chuva forte aqui em Belem hoje, transito parado valeu quem ajudou (60)",0
otavio_souza2,Rafael Alves,,2016-04-16 07:00:00,3809,955,914,450,0,0,"chuva forte aqui em Porto Alegre hoje, transito parado no mais, tudo tranquilo",0
helena_rocha,Paula Souza,professora de historia,2012-09-06 16:00:00,5126,79,57,103,0,0,"bom dia, cafe e mais um dia de trabalho por aqui bora pra cima (71)",0
bruno_rocha20,Fernanda Souza,analista de dados em Porto Alegre,2020-06-30 14:00:00,2272,218,344,2484,0,0,"bom dia, cafe e mais um dia de trabalho por aqui que dia",0
ganhe9523793,Ganhe 1000,,2026-06-03 12:49:00,108,12,934,2087,1,0,Airdrop de cripto liberado! dobre seu investimento em 24h https://tinyurl.com/1g061s,1
paula_lima,Paula Lima,estudante de enfermagem,2016-01-09 19:00:00,3906,1808,1112,229,0,0,"chuva forte aqui em Belem hoje, transito parado enfim (79)",0
eduardo_lima46,Fernanda Rocha,corredora amadora | 42k,2020-02-12 07:00:00,2412,816,785,330,0,0,promocao de hoje na loja: cupom de 20% pra quem chegar antes do meio dia,0
eduardo_silva32,Nara Alves,,2021-04-18 00:00:00,1981,87,125,3502,0,0,"vagas limitadas no curso de bolo caseiro, chama no direct pra reservar",0
ana3366063,Invest Bot,,2026-06-08 12:49:00,103,8,2450,4136,1,0,Airdrop de cripto liberado! dobre seu investimento em 24h https://is.gd/14nn1w,1
bruno_alves64,Rafael Alves,estudante de enfermagem,2023-08-18 23:00:00,1128,1568,753,400,0,0,dica pra quem estuda seguranca: pratique em laboratorio proprio recomendo,0
rafael_silva68,Lucas Alves,professora de historia,2018-09-11 05:00:00,2931,106,28,1996,0,0,recomendo muito esse restaurante novo no centro de Porto Alegre bora pra cima,0
nara_rocha,Juliana Rocha,"dev backend, cafe e gatos",2025-12-04 07:00:00,290,220,135,3946,0,0,"consegui finalmente organizar a planilha do mes, vitoria pessoal valeu quem ajudou (56)",0
igor_alves,Eduardo Souza,"dev backend, cafe e gatos",2017-12-16 13:00:00,3199,281,571,507,0,0,dica pra quem estuda seguranca: pratique em laboratorio proprio ate semana que vem,0
promo9356750,Ganhe 1000,link na bio https://cutt.ly/4avyz3,2025-10-13 14:37:00,341,3,1057,13257,1,0,"Sinal gratis de aposta, lucro garantido hoje!!! https://cutt.ly/4avyz3",1
rafael_souza,Fernanda Rocha,fotografa e mae de dois,2019-09-17 23:00:00,2559,220,361,2222,0,0,"terminei de ler o livro que a Helena indicou, valeu a pena ate semana que vem",0
fernanda_silva50,Igor Lima,professora de historia,2013-11-11 15:00:00,4695,240,487,886,0,0,opiniao impopular: filme antigo e melhor que remake enfim (30),0
fernanda_alves,Fernanda Silva,professora de historia,2025-05-06 15:00:00,501,324,231,1738,1,0,"vagas limitadas no curso de bolo caseiro, chama no direct pra reservar",0
promo7519123,Promo 999,link na bio https://tinyurl.com/85x9mh,2026-06-08 16:14:00,103,12,545,5970,1,0,Airdrop de cripto liberado! dobre seu investimento em 24h https://tinyurl.com/85x9mh,1
nara_lima98,Helena Alves,,2012-12-22 04:00:00,5020,91,149,118,0,0,"obrigada pelas mensagens de aniversario, gente que dia (61)",0
otavio_alves12,Lucas Silva,analista de dados em Recife,2018-07-03 02:00:00,3001,263,550,509,0,0,opiniao impopular: filme antigo e melhor que remake ate semana que vem,0
ana_lima26,Carla Martins,corredora amadora | 42k,2022-08-08 09:00:00,1504,89,137,1324,0,0,"bom dia a todos, foco na meta da semana enfim",1
promo3196923,Ganhe 1000,,2026-07-18 12:08:00,63,12,1991,2211,1,0,"Sinal gratis de aposta, lucro garantido hoje!!! https://is.gd/24yvj5",1
ganhe6985231,Ana 7712,,2025-10-13 13:26:00,341,14,1532,8206,1,0,"Sinal gratis de aposta, lucro garantido hoje!!! https://bit.ly/xsgaxl",1
otavio_silva1,Eduardo Silva,estudante de enfermagem,2015-10-22 09:00:00,3986,62,48,303,0,0,opiniao impopular: filme antigo e melhor que remake no fim deu certo,0
mariana_souza,Juliana Rocha,analista de dados em Sao Paulo,2020-05-06 21:00:00,2327,579,606,199,1,0,opiniao impopular: filme antigo e melhor que remake amanha continuo,0
juliana_lima,Rafael Souza,,2013-02-15 00:00:00,4965,104,206,67,0,0,"chuva forte aqui em Goiania hoje, transito parado depois conto o resto",0
rafael_alves36,Fernanda Rocha,analista de dados em Goiania,2023-09-13 04:00:00,1103,882,1367,256,0,0,alguem ai assistiu o jogo de ontem? que segundo tempo coisa de louco (41),0
paula_lima57,Juliana Silva,musico nos fins de semana,2013-08-08 02:00:00,4791,84,85,311,1,0,dica pra quem estuda seguranca: pratique em laboratorio proprio,0
diego_lima30,Ana Silva,"dev backend, cafe e gatos",2021-04-23 05:00:00,1976,609,874,664,0,0,"terminei de ler o livro que a Juliana indicou, valeu a pena no mais, tudo tranquilo (53)",0
diego_alves,Juliana Rocha,fotografa e mae de dois,2024-11-18 18:00:00,670,134,93,32,0,0,"obrigada pelas mensagens de aniversario, gente ate semana que vem",0
bruno_lima,Juliana Rocha,fotografa e mae de dois,2014-01-01 13:00:00,4644,140,122,148,0,0,recomendo muito esse restaurante novo no centro de Goiania amanha continuo,0
igor_lima46,Lucas Alves,musico nos fins de semana,2021-07-28 04:00:00,1880,169,260,1131,0,0,"bom dia, cafe e mais um dia de trabalho por aqui (28)",0
otavio_lima94,Paula Prado,estudante de enfermagem,2024-08-12 03:00:00,769,1120,911,131,0,0,"treino feito, 6km hoje. devagar mas chegando bora pra cima",1
nara_souza4,Gustavo Lima,,2018-11-20 07:00:00,2861,119,225,428,0,0,"consegui finalmente organizar a planilha do mes, vitoria pessoal recomendo",0
igor_alves35,Mariana Silva,"pai do Theo, torcedor sofredor",2023-04-06 01:00:00,1263,190,169,1494,0,0,promocao de hoje na loja: cupom de 20% pra quem chegar antes do meio dia,0
igor_alves,Igor Alves,analista de dados em Curitiba,2023-05-29 20:00:00,1209,4278,3002,321,1,0,"bom dia, cafe e mais um dia de trabalho por aqui recomendo",0
nara_rocha,Juliana Silva,,2016-06-13 12:00:00,3751,43,17,27,0,0,"chuva forte aqui em Goiania hoje, transito parado coisa de louco",0
fernanda_alves67,Eduardo Lima,,2025-04-20 01:00:00,518,28,40,3477,0,0,"terminei de ler o livro que a Rafael indicou, valeu a pena valeu quem ajudou",0
diego_souza0,Otavio Alves,"dev backend, cafe e gatos",2013-01-21 10:00:00,4990,269,374,286,0,0,recomendo muito esse restaurante novo no centro de Recife coisa de louco (14),0
paula_silva,Juliana Souza,corredora amadora | 42k,2025-06-08 10:00:00,469,302,361,344,0,0,dica pra quem estuda seguranca: pratique em laboratorio proprio que dia,0
ana5728507,Renda Extra 24h,link na bio https://is.gd/3inqoy,2026-07-18 16:12:00,63,5,1645,1025,1,0,RENDA EXTRA de R$ 300 por dia!!! clique no link da bio e comece hoje https://is.gd/3inqoy,1
rafael_silva,Otavio Lima,"pai do Theo, torcedor sofredor",2016-09-24 00:00:00,3648,109,69,435,0,0,"dica pra quem estuda seguranca: pratique em laboratorio proprio no mais, tudo tranquilo",0
eduardo_alves,Otavio Lima,estudante de enfermagem,2014-02-20 17:00:00,4594,273,565,361,0,0,"alguem ai assistiu o jogo de ontem? que segundo tempo no mais, tudo tranquilo (86)",0
nara_rocha29,Diego Lima,,2022-07-29 14:00:00,1513,256,73,354,0,0,recomendo muito esse restaurante novo no centro de Sao Paulo enfim,0
carla_lima17,Carla Neves,corredora amadora | 42k,2021-07-19 16:00:00,1888,105,193,187,0,0,recomendo muito esse restaurante novo no centro de Belem ate semana que vem,1
paula_rocha66,Fernanda Souza,professora de historia,2025-12-05 10:00:00,289,866,1377,3303,0,0,"treino feito, 6km hoje. devagar mas chegando que dia",0
juliana_silva74,Helena Silva,analista de dados em Belem,2021-07-02 18:00:00,1905,127,198,1594,0,0,"consegui finalmente organizar a planilha do mes, vitoria pessoal valeu quem ajudou (4)",0
helena_souza,Diego Souza,,2014-05-24 15:00:00,4501,140,156,8431,0,0,"renda extra? venha ser revendedora comigo, explico tudo https://bit.ly/vwho7p",0
user4263782,Ganhe 1000,,2026-06-03 14:10:00,108,12,1295,3905,1,0,"GANHE DINHEIRO em casa!!! vagas limitadas, chama no direct agora https://cutt.ly/wpwqpy",1
carla_rocha6,Rafael Alves,fotografa e mae de dois,2020-03-20 13:00:00,2374,187,64,413,0,1,"consegui finalmente organizar a planilha do mes, vitoria pessoal ate semana que vem",0
paula_silva,Carla Silva,,2016-02-16 21:00:00,3868,120,98,169,0,0,promocao de hoje na loja: cupom de 20% pra quem chegar antes do meio dia,0
bruno_alves,Carla Lima,corredora amadora | 42k,2022-04-04 05:00:00,1630,138,296,101,0,0,"treino feito, 6km hoje. devagar mas chegando que dia",0
diego_souza61,Diego Lima,corredora amadora | 42k,2017-07-26 10:00:00,3343,275,216,353,0,0,"obrigada pelas mensagens de aniversario, gente depois conto o resto (47)",0
ana_lima17,Carla Lima,"pai do Theo, torcedor sofredor",2021-10-26 01:00:00,1790,132,53,355,0,0,"consegui finalmente organizar a planilha do mes, vitoria pessoal valeu quem ajudou",0
rafael_silva,Eduardo Souza,corredora amadora | 42k,2021-07-05 00:00:00,1903,333,305,300,0,0,alguem ai assistiu o jogo de ontem? que segundo tempo depois conto o resto (98),0
nara_alves,Ana Alves,,2017-07-28 13:00:00,3340,737,697,529,0,0,dica pra quem estuda seguranca: pratique em laboratorio proprio coisa de louco,0
lucas_souza,Eduardo Prado,fotografa e mae de dois,2022-01-17 03:00:00,1707,135,231,990,0,0,"chuva forte aqui em Goiania hoje, transito parado recomendo",1
igor_silva57,Diego Rocha,professora de historia,2026-07-26 23:00:00,55,28,441,161,0,0,"bom dia, cafe e mais um dia de trabalho por aqui enfim",0
fernanda_lima60,Helena Souza,professora de historia,2019-04-06 21:00:00,2723,35,69,389,0,0,"treino feito, 6km hoje. devagar mas chegando que dia",0
helena_souza,Ana Lima,estudante de enfermagem,2012-11-04 15:00:00,5067,1090,1939,1691,0,0,alguem ai assistiu o jogo de ontem? que segundo tempo bora pra cima (2),0
otavio_silva80,Paula Lima,analista de dados em Recife,2026-09-16 06:00:00,4,0,400,3,0,0,"obrigada pelas mensagens de aniversario, gente valeu quem ajudou",0
bruno_silva66,Otavio Neves,fotografa e mae de dois,2019-08-07 17:00:00,2600,37,57,87,0,0,"concordo demais com esse ponto, precisa ser dito recomendo",1
eduardo_souza82,Rafael Lima,corredora amadora | 42k,2026-07-06 02:00:00,76,14,427,225,0,1,"bom dia, cafe e mais um dia de trabalho por aqui depois conto o resto (28)",0
juliana_lima30,Diego Alves,estudante de enfermagem,2026-08-07 13:00:00,43,13,403,132,0,0,"bom dia, cafe e mais um dia de trabalho por aqui amanha continuo",0
ganhe8309972,Ana 7712,,2026-06-03 16:11:00,108,4,1733,4283,1,0,"Cupom exclusivo de R$ 200, ultimas vagas, clique no link https://bit.ly/9kxjwv",1
carla_alves48,Igor Alves,"pai do Theo, torcedor sofredor",2021-02-23 16:00:00,2034,372,397,1413,0,0,"bom dia, cafe e mais um dia de trabalho por aqui no fim deu certo",0
mariana_rocha88,Carla Silva,estudante de enfermagem,2025-06-05 08:00:00,472,762,1086,2307,0,0,"obrigada pelas mensagens de aniversario, gente no mais, tudo tranquilo",0
igor_rocha,Helena Alves,,2023-12-17 04:00:00,1008,87,36,937,0,0,"alguem ai assistiu o jogo de ontem? que segundo tempo no mais, tudo tranquilo (75)",0
lucas_alves,Nara Lima,corredora amadora | 42k,2015-04-08 04:00:00,4183,112,66,609,0,0,"consegui finalmente organizar a planilha do mes, vitoria pessoal depois conto o resto",0
ana_souza0,Carla Souza,musico nos fins de semana,2018-08-10 14:00:00,2962,126,147,1122,0,0,"terminei de ler o livro que a Carla indicou, valeu a pena recomendo (72)",0
fernanda_silva73,Fernanda Rocha,estudante de enfermagem,2016-02-28 03:00:00,3857,875,1016,1700,0,0,"renda extra? venha ser revendedora comigo, explico tudo https://cutt.ly/0rk04u",0
juliana_alves,Juliana Souza,analista de dados em Belem,2013-07-21 23:00:00,4808,52,70,197,0,0,alguem ai assistiu o jogo de ontem? que segundo tempo que dia (18),0
helena_rocha43,Carla Alves,musico nos fins de semana,2026-08-14 05:00:00,37,10,418,137,0,0,"terminei de ler o livro que a Gustavo indicou, valeu a pena amanha continuo",0
fernanda_lima,Igor Alves,analista de dados em Recife,2015-10-08 09:00:00,4000,301,608,396,0,0,"chuva forte aqui em Recife hoje, transito parado valeu quem ajudou",0
nara_souza,Gustavo Rocha,corredora amadora | 42k,2025-06-15 10:00:00,462,130,222,1010,0,0,"bom dia, cafe e mais um dia de trabalho por aqui enfim (49)",0
gustavo_silva69,Diego Lima,estudante de enfermagem,2015-06-19 19:00:00,4110,244,87,407,0,0,"alguem ai assistiu o jogo de ontem? que segundo tempo no mais, tudo tranquilo",0
diego_rocha9,Lucas Lima,fotografa e mae de dois,2019-09-01 21:00:00,2575,124,37,157,0,0,dica pra quem estuda seguranca: pratique em laboratorio proprio bora pra cima (30),0
gustavo_souza,Ana Silva,corredora amadora | 42k,2015-01-29 23:00:00,4251,66,112,805,0,0,"chuva forte aqui em Sao Paulo hoje, transito parado (80)",0
lucas_alves52,Otavio Rocha,corredora amadora | 42k,2026-02-23 12:00:00,209,656,925,1502,0,0,recomendo muito esse restaurante novo no centro de Recife que dia (22),0
helena_silva34,Juliana Alves,analista de dados em Recife,2018-01-01 09:00:00,3184,195,72,263,0,0,recomendo muito esse restaurante novo no centro de Recife ate semana que vem,0
juliana_silva93,Fernanda Alves,professora de historia,2024-07-06 05:00:00,806,1029,1632,1721,0,0,"obrigada pelas mensagens de aniversario, gente depois conto o resto",0
bruno_alves19,Bruno Souza,estudante de enfermagem,2023-09-06 16:00:00,1109,228,429,1352,0,0,"treino feito, 6km hoje. devagar mas chegando que dia (26)",0
lucas_lima82,Eduardo Souza,musico nos fins de semana,2022-08-19 00:00:00,1493,34,25,530,0,0,"treino feito, 6km hoje. devagar mas chegando recomendo",0
eduardo_silva74,Paula Silva,,2020-04-13 08:00:00,2351,18,12,495,1,0,"consegui finalmente organizar a planilha do mes, vitoria pessoal valeu quem ajudou",0
rafael_souza79,Otavio Rocha,estudante de enfermagem,2023-12-04 17:00:00,1020,497,844,1066,0,0,"terminei de ler o livro que a Mariana indicou, valeu a pena recomendo (72)",0
helena_lima,Carla Souza,fotografa e mae de dois,2016-08-09 17:00:00,3693,55,52,35,0,0,"obrigada pelas mensagens de aniversario, gente no fim deu certo (5)",0
igor_alves35,Helena Silva,professora de historia,2015-01-21 03:00:00,4260,387,746,169,0,0,"bom dia, cafe e mais um dia de trabalho por aqui no mais, tudo tranquilo (89)",0
ana_silva,Helena Alves,fotografa e mae de dois,2021-12-13 12:00:00,1742,43,18,1865,0,0,"terminei de ler o livro que a Gustavo indicou, valeu a pena coisa de louco",0
helena_silva71,Bruno Lima,analista de dados em Curitiba,2024-01-14 19:00:00,979,207,297,56,0,0,"bom dia, cafe e mais um dia de trabalho por aqui no mais, tudo tranquilo",0
ganhe6759569,Ana 7712,,2025-10-13 14:52:00,341,17,1568,10815,1,0,Airdrop de cripto liberado! dobre seu investimento em 24h https://cutt.ly/a6x4o4,1
ganhe374635,Ana 7712,link na bio https://encurtador.com.br/xyqj1r,2026-06-03 13:17:00,108,23,1636,4735,1,0,RENDA EXTRA de R$ 300 por dia!!! clique no link da bio e comece hoje https://encurtador.com.br/xyqj1r,1
lucas_souza88,Diego Souza,,2025-09-24 13:00:00,360,1450,453,244,0,0,alguem ai assistiu o jogo de ontem? que segundo tempo no fim deu certo,0
carla_alves,Otavio Souza,,2016-03-09 20:00:00,3846,37,67,536,0,0,opiniao impopular: filme antigo e melhor que remake depois conto o resto (65),0
ana_souza,Rafael Lima,"dev backend, cafe e gatos",2017-10-12 17:00:00,3264,145,309,660,0,0,"chuva forte aqui em Recife hoje, transito parado bora pra cima",0
gustavo_lima,Mariana Souza,analista de dados em Porto Alegre,2019-12-28 09:00:00,2458,115,132,368,0,0,"treino feito, 6km hoje. devagar mas chegando bora pra cima (79)",0
nara_silva57,Lucas Rocha,corredora amadora | 42k,2023-06-17 06:00:00,1191,105,191,2299,0,0,"treino feito, 6km hoje. devagar mas chegando valeu quem ajudou",0
bruno_souza,Eduardo Lima,musico nos fins de semana,2015-09-07 11:00:00,4031,503,571,737,0,0,"obrigada pelas mensagens de aniversario, gente enfim",0
otavio_silva,Bruno Rocha,corredora amadora | 42k,2017-04-18 11:00:00,3442,199,369,234,0,0,"bom dia, cafe e mais um dia de trabalho por aqui ate semana que vem",0
lucas_alves,Igor Rocha,"dev backend, cafe e gatos",2023-05-04 06:00:00,1235,293,513,357,0,0,"terminei de ler o livro que a Otavio indicou, valeu a pena que dia (33)",0
rafael_lima,Carla Souza,analista de dados em Porto Alegre,2019-10-02 14:00:00,2544,71,103,381,0,0,"bom dia, cafe e mais um dia de trabalho por aqui no fim deu certo",0
otavio_lima75,Nara Souza,"dev backend, cafe e gatos",2013-12-22 11:00:00,4655,147,63,2853,0,0,promocao de hoje na loja: cupom de 20% pra quem chegar antes do meio dia,0
igor_silva13,Otavio Souza,fotografa e mae de dois,2021-06-21 21:00:00,1916,268,382,215,0,0,dica pra quem estuda seguranca: pratique em laboratorio proprio (17),0
mariana_rocha,Ana Souza,professora de historia,2026-07-07 16:00:00,74,6,402,223,0,0,"treino feito, 6km hoje. devagar mas chegando no fim deu certo (12)",0
otavio_rocha47,Carla Souza,,2021-07-11 07:00:00,1897,380,585,3181,0,0,"terminei de ler o livro que a Nara indicou, valeu a pena amanha continuo",0
fernanda_souza54,Bruno Souza,"pai do Theo, torcedor sofredor",2025-05-31 15:00:00,476,179,216,1455,0,0,"vagas limitadas no curso de bolo caseiro, chama no direct pra reservar",0
gustavo_alves53,Paula Alves,"pai do Theo, torcedor sofredor",2025-02-04 20:00:00,592,49,31,3388,0,0,"consegui finalmente organizar a planilha do mes, vitoria pessoal",0
eduardo_rocha5,Juliana Silva,fotografa e mae de dois,2018-02-25 13:00:00,3128,928,1443,2686,0,0,"obrigada pelas mensagens de aniversario, gente",0
nara_silva98,Fernanda Alves,analista de dados em Salvador,2018-01-30 16:00:00,3154,167,114,290,0,0,"chuva forte aqui em Salvador hoje, transito parado (26)",0
gustavo_souza98,Rafael Silva,,2024-11-11 21:00:00,677,584,1088,186,0,0,recomendo muito esse restaurante novo no centro de Recife recomendo,0
eduardo_rocha71,Paula Alves,musico nos fins de semana,2012-09-20 01:00:00,5113,151,153,2443,0,0,"treino feito, 6km hoje. devagar mas chegando depois conto o resto (3)",0
carla_silva84,Eduardo Silva,fotografa e mae de dois,2012-11-05 04:00:00,5067,32,53,621,0,0,dica pra quem estuda seguranca: pratique em laboratorio proprio bora pra cima,0
mariana_lima84,Lucas Rocha,musico nos fins de semana,2020-12-12 21:00:00,2107,181,377,40,0,0,"terminei de ler o livro que a Otavio indicou, valeu a pena (28)",0
nara_lima,Paula Rocha,fotografa e mae de dois,2020-08-01 12:00:00,2241,1075,2047,696,0,0,dica pra quem estuda seguranca: pratique em laboratorio proprio valeu quem ajudou (82),0
fernanda_souza,Igor Souza,fotografa e mae de dois,2024-01-07 07:00:00,987,1322,2618,89,0,0,"obrigada pelas mensagens de aniversario, gente valeu quem ajudou",0
helena_rocha89,Diego Alves,analista de dados em Recife,2026-02-26 20:00:00,205,558,640,276,0,0,"terminei de ler o livro que a Ana indicou, valeu a pena valeu quem ajudou",0
bruno_silva,Nara Souza,corredora amadora | 42k,2026-07-05 08:00:00,77,9,406,255,0,0,alguem ai assistiu o jogo de ontem? que segundo tempo,0
bruno_rocha,Diego Alves,corredora amadora | 42k,2026-09-02 20:00:00,17,19,419,36,0,0,"terminei de ler o livro que a Mariana indicou, valeu a pena bora pra cima",0
igor_alves49,Mariana Alves,corredora amadora | 42k,2025-04-07 17:00:00,530,944,1689,506,0,0,"bom dia, cafe e mais um dia de trabalho por aqui que dia",0
carla_lima27,Bruno Rocha,corredora amadora | 42k,2015-12-21 22:00:00,3925,382,317,424,0,0,"consegui finalmente organizar a planilha do mes, vitoria pessoal no mais, tudo tranquilo",0
juliana_souza16,Fernanda Silva,"dev backend, cafe e gatos",2018-06-30 17:00:00,3003,183,73,259,0,0,"dica pra quem estuda seguranca: pratique em laboratorio proprio no mais, tudo tranquilo (34)",0
gustavo_lima76,Diego Neves,analista de dados em Curitiba,2021-12-08 17:00:00,1746,85,35,952,1,0,"chuva forte aqui em Recife hoje, transito parado no fim deu certo",1
rafael_lima,Fernanda Souza,fotografa e mae de dois,2023-07-31 12:00:00,1147,46,23,544,0,0,"obrigada pelas mensagens de aniversario, gente no mais, tudo tranquilo",0
otavio_alves81,Mariana Lima,professora de historia,2026-08-16 13:00:00,34,15,422,114,0,0,dica pra quem estuda seguranca: pratique em laboratorio proprio bora pra cima (22),0
lucas_souza,Diego Alves,analista de dados em Recife,2016-02-26 17:00:00,3858,176,309,732,0,0,"treino feito, 6km hoje. devagar mas chegando ate semana que vem",0
carla_silva,Nara Rocha,"pai do Theo, torcedor sofredor",2016-12-12 08:00:00,3569,1485,2830,2103,0,0,alguem ai assistiu o jogo de ontem? que segundo tempo bora pra cima,0
ana_silva,Juliana Alves,"pai do Theo, torcedor sofredor",2026-07-30 21:00:00,51,39,479,156,0,0,"treino feito, 6km hoje. devagar mas chegando valeu quem ajudou (36)",0
eduardo_silva,Paula Alves,analista de dados em Salvador,2020-02-08 06:00:00,2416,15,32,142,0,0,"renda extra? venha ser revendedora comigo, explico tudo https://bit.ly/z05b2a",0
eduardo_lima23,Paula Rocha,"pai do Theo, torcedor sofredor",2013-03-06 15:00:00,4945,585,191,537,0,0,alguem ai assistiu o jogo de ontem? que segundo tempo no fim deu certo,0
mariana_alves8,Helena Souza,fotografa e mae de dois,2023-01-28 22:00:00,1330,678,1455,118,1,0,"bom dia, cafe e mais um dia de trabalho por aqui valeu quem ajudou",0
nara_rocha,Otavio Alves,,2019-11-24 18:00:00,2491,440,639,127,0,0,recomendo muito esse restaurante novo no centro de Belem que dia,0
nara_alves,Nara Alves,musico nos fins de semana,2025-03-18 00:00:00,551,266,553,856,0,0,alguem ai assistiu o jogo de ontem? que segundo tempo ate semana que vem,0
lucas_rocha,Igor Rocha,"pai do Theo, torcedor sofredor",2026-08-23 10:00:00,28,3,404,96,0,0,dica pra quem estuda seguranca: pratique em laboratorio proprio enfim,0
rafael_alves42,Nara Souza,musico nos fins de semana,2012-10-19 14:00:00,5083,72,110,2174,0,0,"terminei de ler o livro que a Fernanda indicou, valeu a pena amanha continuo",0
carla_alves38,Otavio Alves,"dev backend, cafe e gatos",2020-09-03 17:00:00,2207,148,106,1121,0,0,dica pra quem estuda seguranca: pratique em laboratorio proprio coisa de louco (7),0
bruno_rocha,Eduardo Souza,estudante de enfermagem,2013-12-27 18:00:00,4649,632,877,124,0,0,"consegui finalmente organizar a planilha do mes, vitoria pessoal bora pra cima (56)",0
mariana_alves,Nara Silva,,2012-09-26 01:00:00,5107,293,593,1299,0,0,"vagas limitadas no curso de bolo caseiro, chama no direct pra reservar",0
lucas_lima24,Ana Rocha,analista de dados em Goiania,2022-05-08 12:00:00,1596,168,161,749,0,1,"terminei de ler o livro que a Bruno indicou, valeu a pena ate semana que vem (56)",0
diego_souza42,Bruno Silva,professora de historia,2014-10-01 23:00:00,4371,17,12,263,0,0,recomendo muito esse restaurante novo no centro de Sao Paulo bora pra cima,0
carla_souza1,Paula Lima,professora de historia,2015-12-25 07:00:00,3922,50,53,1522,0,0,"bom dia, cafe e mais um dia de trabalho por aqui bora pra cima",0
rafael_silva79,Otavio Silva,estudante de enfermagem,2018-10-02 12:00:00,2910,482,545,1878,0,0,dica pra quem estuda seguranca: pratique em laboratorio proprio no fim deu certo,0
juliana_lima,Mariana Silva,"dev backend, cafe e gatos",2015-03-04 03:00:00,4218,1819,1034,960,1,0,"vagas limitadas no curso de bolo caseiro, chama no direct pra reservar",0
mariana_souza35,Carla Silva,fotografa e mae de dois,2025-03-09 01:00:00,560,192,207,534,0,0,recomendo muito esse restaurante novo no centro de Recife recomendo (16),0
helena_silva87,Juliana Souza,musico nos fins de semana,2026-01-08 21:00:00,254,417,807,910,0,0,recomendo muito esse restaurante novo no centro de Belem depois conto o resto,0
fernanda_rocha31,Igor Rocha,analista de dados em Goiania,2020-05-11 20:00:00,2322,32,59,138,0,0,dica pra quem estuda seguranca: pratique em laboratorio proprio que dia (27),0
mariana_lima76,Carla Alves,musico nos fins de semana,2018-05-01 11:00:00,3064,233,359,312,0,0,"chuva forte aqui em Salvador hoje, transito parado amanha continuo",0
mariana_alves15,Gustavo Silva,,2022-02-03 06:00:00,1690,188,202,139,1,0,"treino feito, 6km hoje. devagar mas chegando no mais, tudo tranquilo (67)",0
rafael_souza,Lucas Rocha,musico nos fins de semana,2021-11-18 03:00:00,1767,1323,1871,196,0,0,"terminei de ler o livro que a Nara indicou, valeu a pena ate semana que vem",0
juliana_rocha8,Carla Souza,analista de dados em Goiania,2021-11-20 12:00:00,1765,643,668,718,0,0,"obrigada pelas mensagens de aniversario, gente no mais, tudo tranquilo (55)",0
invest1754925,Renda Extra 24h,,2025-10-13 12:33:00,341,2,1738,13287,1,0,SEGUIDORES GRATIS!!! siga de volta e me chama no whats https://bit.ly/39v4v8,1
bruno_rocha69,Helena Souza,estudante de enfermagem,2016-10-26 01:00:00,3616,1425,1594,578,0,0,alguem ai assistiu o jogo de ontem? que segundo tempo ate semana que vem (59),0
helena_rocha6,Nara Alves,,2019-02-20 02:00:00,2769,30,59,238,0,0,"consegui finalmente organizar a planilha do mes, vitoria pessoal ate semana que vem",0
lucro6863452,Ganhe 1000,,2026-03-02 12:30:00,201,13,713,5973,1,0,Airdrop de cripto liberado! dobre seu investimento em 24h https://cutt.ly/luzrf6,1
lucas_alves,Rafael Rocha,,2026-06-30 04:00:00,82,3,401,272,0,0,"chuva forte aqui em Goiania hoje, transito parado depois conto o resto (10)",0
otavio_lima,Diego Souza,analista de dados em Salvador,2019-01-21 07:00:00,2799,92,63,583,0,0,"treino feito, 6km hoje. devagar mas chegando que dia",0
otavio_lima,Diego Alves,corredora amadora | 42k,2018-07-10 23:00:00,2993,36,78,36,0,0,"consegui finalmente organizar a planilha do mes, vitoria pessoal enfim",0
lucas_lima95,Ana Silva,corredora amadora | 42k,2026-07-17 11:00:00,65,3,403,209,0,0,alguem ai assistiu o jogo de ontem? que segundo tempo amanha continuo (24),0
ana_alves24,Juliana Rocha,musico nos fins de semana,2024-10-08 06:00:00,712,294,226,3703,0,0,"bom dia, cafe e mais um dia de trabalho por aqui bora pra cima (41)",0
nara_lima,Carla Silva,"pai do Theo, torcedor sofredor",2026-08-09 04:00:00,42,44,488,96,0,0,alguem ai assistiu o jogo de ontem? que segundo tempo amanha continuo (31),0
ana_alves,Otavio Silva,professora de historia,2017-07-28 15:00:00,3340,203,319,1342,0,0,"bom dia, cafe e mais um dia de trabalho por aqui depois conto o resto (7)",0
mariana_silva43,Otavio Rocha,"pai do Theo, torcedor sofredor",2020-09-28 10:00:00,2183,540,412,1453,0,0,"chuva forte aqui em Recife hoje, transito parado depois conto o resto (42)",0
lucas_lima52,Ana Souza,musico nos fins de semana,2022-08-05 06:00:00,1507,1637,2331,598,0,0,"vagas limitadas no curso de bolo caseiro, chama no direct pra reservar",0
fernanda_alves,Otavio Souza,,2015-07-06 01:00:00,4094,110,176,316,0,0,opiniao impopular: filme antigo e melhor que remake enfim,0
gustavo_alves89,Nara Silva,"dev backend, cafe e gatos",2026-03-24 15:00:00,179,1606,3304,617,0,0,"obrigada pelas mensagens de aniversario, gente amanha continuo (74)",0
lucro7851511,Promo 999,link na bio https://is.gd/wzz2d1,2026-03-10 14:08:00,193,3,1476,3630,1,0,"GANHE DINHEIRO em casa!!! vagas limitadas, chama no direct agora https://is.gd/wzz2d1",1
ana_silva,Igor Lima,estudante de enfermagem,2019-11-23 10:00:00,2493,5356,5000,112,0,0,dica pra quem estuda seguranca: pratique em laboratorio proprio coisa de louco (48),0
fernanda_souza,Igor Silva,musico nos fins de semana,2012-10-10 10:00:00,5093,365,681,136,0,0,"consegui finalmente organizar a planilha do mes, vitoria pessoal que dia",0
invest9013198,Ganhe 1000,,2026-07-18 13:16:00,63,1,2186,1276,1,0,RENDA EXTRA de R$ 300 por dia!!! clique no link da bio e comece hoje https://tinyurl.com/tct99r,1
lucas_souza76,Lucas Lima,"pai do Theo, torcedor sofredor",2019-11-13 12:00:00,2503,374,821,77,0,0,dica pra quem estuda seguranca: pratique em laboratorio proprio valeu quem ajudou,0
bruno_souza,Paula Souza,fotografa e mae de dois,2023-03-02 15:00:00,1297,101,40,402,0,0,"chuva forte aqui em Salvador hoje, transito parado no fim deu certo (28)",0
gustavo_lima,Otavio Alves,professora de historia,2026-04-10 18:00:00,162,154,204,835,0,0,"opiniao impopular: filme antigo e melhor que remake no mais, tudo tranquilo (25)",0
otavio_rocha5,Juliana Alves,"dev backend, cafe e gatos",2026-07-04 20:00:00,77,4,408,224,0,0,opiniao impopular: filme antigo e melhor que remake enfim (58),0
lucas_silva74,Eduardo Souza,"pai do Theo, torcedor sofredor",2013-07-02 22:00:00,4827,186,295,169,0,0,"terminei de ler o livro que a Lucas indicou, valeu a pena recomendo",0
eduardo_rocha48,Bruno Alves,"pai do Theo, torcedor sofredor",2026-07-09 03:00:00,73,4,402,228,0,0,recomendo muito esse restaurante novo no centro de Curitiba,0
rafael_lima3,Otavio Lima,analista de dados em Curitiba,2019-08-29 11:00:00,2579,436,503,224,0,0,"treino feito, 6km hoje. devagar mas chegando ate semana que vem",0
bruno_souza78,Eduardo Silva,professora de historia,2024-12-26 23:00:00,632,201,407,457,0,0,"terminei de ler o livro que a Lucas indicou, valeu a pena no mais, tudo tranquilo (63)",0
fernanda_lima,Carla Alves,musico nos fins de semana,2021-09-12 18:00:00,1833,1050,1368,534,0,0,"treino feito, 6km hoje. devagar mas chegando no mais, tudo tranquilo",0
ganhe1553001,Promo 999,link na bio https://is.gd/xtujg3,2026-02-03 14:06:00,228,16,1162,3079,1,0,"GANHE DINHEIRO em casa!!! vagas limitadas, chama no direct agora https://is.gd/xtujg3",1
bruno_souza,Igor Silva,corredora amadora | 42k,2012-11-13 20:00:00,5058,45,98,411,0,0,"bom dia, cafe e mais um dia de trabalho por aqui no mais, tudo tranquilo (34)",0
helena_souza,Ana Rocha,estudante de enfermagem,2021-09-23 07:00:00,1823,379,260,80,0,0,"vagas limitadas no curso de bolo caseiro, chama no direct pra reservar",0
mariana_alves,Otavio Silva,musico nos fins de semana,2015-03-28 06:00:00,4194,124,266,190,0,0,"bom dia, cafe e mais um dia de trabalho por aqui no mais, tudo tranquilo (56)",0
nara_rocha,Nara Silva,"pai do Theo, torcedor sofredor",2024-11-04 16:00:00,684,920,1564,316,0,0,"consegui finalmente organizar a planilha do mes, vitoria pessoal no fim deu certo (39)",0
paula_alves31,Eduardo Alves,corredora amadora | 42k,2014-10-25 09:00:00,4348,143,152,466,0,0,"bom dia, cafe e mais um dia de trabalho por aqui recomendo (23)",0
ana6866476,Ana 7712,,2026-07-18 13:38:00,63,12,2299,3582,0,0,Airdrop de cripto liberado! dobre seu investimento em 24h https://is.gd/eu8uym,1
mariana_rocha,Bruno Lima,"dev backend, cafe e gatos",2017-05-08 18:00:00,3421,185,330,147,0,0,recomendo muito esse restaurante novo no centro de Goiania recomendo,0
invest2966485,Ganhe 1000,,2026-02-03 16:12:00,228,7,2183,13529,1,0,"Cupom exclusivo de R$ 200, ultimas vagas, clique no link https://tinyurl.com/pr9u7t",1
bruno_alves,Rafael Souza,musico nos fins de semana,2012-07-04 05:00:00,5191,246,251,640,0,0,promocao de hoje na loja: cupom de 20% pra quem chegar antes do meio dia,0
igor_souza86,Gustavo Silva,professora de historia,2024-08-29 12:00:00,752,296,534,775,0,0,"obrigada pelas mensagens de aniversario, gente amanha continuo",0
carla_souza,Igor Lima,"pai do Theo, torcedor sofredor",2016-08-24 10:00:00,3679,597,989,865,0,0,"obrigada pelas mensagens de aniversario, gente amanha continuo",0
promo722862,Ana 7712,,2026-06-03 14:57:00,108,31,2012,5798,1,0,SEGUIDORES GRATIS!!! siga de volta e me chama no whats https://cutt.ly/lzfebz,1
invest759340,Promo 999,,2026-07-18 13:06:00,63,10,875,1611,1,0,Airdrop de cripto liberado! dobre seu investimento em 24h https://bit.ly/h7w78l,1
mariana_alves,Gustavo Lima,analista de dados em Recife,2021-10-17 14:00:00,1798,201,72,1166,0,0,"consegui finalmente organizar a planilha do mes, vitoria pessoal ate semana que vem",0
helena_alves15,Eduardo Lima,analista de dados em Salvador,2019-03-08 11:00:00,2753,39,49,346,0,0,opiniao impopular: filme antigo e melhor que remake coisa de louco,0
lucas_souza69,Juliana Silva,musico nos fins de semana,2026-07-12 17:00:00,69,12,407,202,0,0,"bom dia, cafe e mais um dia de trabalho por aqui coisa de louco (27)",0
juliana_lima70,Helena Lima,estudante de enfermagem,2021-06-28 04:00:00,1910,381,202,1190,0,0,"bom dia, cafe e mais um dia de trabalho por aqui ate semana que vem",0
eduardo_lima,Ana Alves,"pai do Theo, torcedor sofredor",2023-01-20 08:00:00,1339,48,52,1090,1,0,recomendo muito esse restaurante novo no centro de Goiania enfim (34),0
otavio_alves,Fernanda Lima,"dev backend, cafe e gatos",2013-07-26 17:00:00,4803,15,24,674,0,0,recomendo muito esse restaurante novo no centro de Belem enfim (11),0
otavio_souza,Diego Alves,corredora amadora | 42k,2019-12-07 11:00:00,2479,49,90,482,0,0,"chuva forte aqui em Salvador hoje, transito parado valeu quem ajudou (65)",0
paula_souza,Mariana Alves,corredora amadora | 42k,2019-11-23 20:00:00,2492,15,31,1096,0,0,"treino feito, 6km hoje. devagar mas chegando que dia (94)",0
fernanda_lima,Igor Lima,,2025-05-04 19:00:00,503,738,771,1624,0,0,"chuva forte aqui em Belem hoje, transito parado amanha continuo (79)",0
lucas_silva,Paula Rocha,professora de historia,2024-06-04 19:00:00,837,407,651,181,1,0,"vagas limitadas no curso de bolo caseiro, chama no direct pra reservar",0
lucas_alves96,Rafael Silva,,2014-08-23 11:00:00,4411,15,29,223,0,0,dica pra quem estuda seguranca: pratique em laboratorio proprio no fim deu certo,0
igor_rocha55,Fernanda Alves,corredora amadora | 42k,2018-08-14 21:00:00,2958,1731,657,2214,0,0,"terminei de ler o livro que a Gustavo indicou, valeu a pena",0
fernanda_alves,Fernanda Souza,,2018-07-16 00:00:00,2988,479,171,189,0,0,"terminei de ler o livro que a Igor indicou, valeu a pena coisa de louco (88)",0
carla_silva,Igor Souza,"dev backend, cafe e gatos",2018-04-28 07:00:00,3067,159,67,175,0,0,dica pra quem estuda seguranca: pratique em laboratorio proprio (59),0
helena_souza,Fernanda Rocha,,2018-02-01 10:00:00,3153,1043,1215,113,0,0,"vagas limitadas no curso de bolo caseiro, chama no direct pra reservar",0
bruno_alves,Eduardo Lima,"dev backend, cafe e gatos",2017-05-11 08:00:00,3419,183,189,562,0,0,"bom dia, cafe e mais um dia de trabalho por aqui no fim deu certo",0
promo1380432,Invest Bot,link na bio https://tinyurl.com/vx3ml1,2026-02-03 14:30:00,228,9,1877,3731,1,0,"Cupom exclusivo de R$ 200, ultimas vagas, clique no link https://tinyurl.com/vx3ml1",1
ana_alves83,Mariana Lima,"dev backend, cafe e gatos",2019-12-20 22:00:00,2465,214,79,144,0,0,"chuva forte aqui em Belem hoje, transito parado depois conto o resto (57)",0
gustavo_rocha95,Igor Alves,,2016-07-14 11:00:00,3720,111,175,242,0,0,"consegui finalmente organizar a planilha do mes, vitoria pessoal no mais, tudo tranquilo",0
mariana_lima75,Eduardo Silva,fotografa e mae de dois,2021-06-27 13:00:00,1910,168,279,389,0,0,opiniao impopular: filme antigo e melhor que remake bora pra cima (6),0
bruno_silva97,Otavio Souza,"pai do Theo, torcedor sofredor",2025-07-20 03:00:00,427,189,161,220,0,0,recomendo muito esse restaurante novo no centro de Goiania ate semana que vem,0
fernanda_alves79,Nara Souza,,2015-08-05 11:00:00,4064,459,827,345,0,0,"treino feito, 6km hoje. devagar mas chegando amanha continuo (60)",0
ana_rocha19,Otavio Lima,analista de dados em Goiania,2014-07-12 02:00:00,4453,2119,1507,3019,0,0,"terminei de ler o livro que a Rafael indicou, valeu a pena valeu quem ajudou (69)",0
eduardo_rocha,Fernanda Lima,analista de dados em Curitiba,2014-02-04 12:00:00,4611,149,240,289,0,0,"consegui finalmente organizar a planilha do mes, vitoria pessoal no fim deu certo",0
bruno_alves,Eduardo Alves,professora de historia,2025-07-14 03:00:00,433,500,613,213,0,0,"obrigada pelas mensagens de aniversario, gente valeu quem ajudou",0
diego_rocha,Nara Rocha,corredora amadora | 42k,2020-09-16 13:00:00,2194,169,184,69,0,1,"chuva forte aqui em Curitiba hoje, transito parado amanha continuo (79)",0
helena_alves23,Juliana Rocha,fotografa e mae de dois,2018-01-17 04:00:00,3168,186,255,952,0,0,"consegui finalmente organizar a planilha do mes, vitoria pessoal no mais, tudo tranquilo",0
igor_rocha38,Gustavo Rocha,analista de dados em Curitiba,2012-12-05 12:00:00,5037,184,404,1800,0,0,opiniao impopular: filme antigo e melhor que remake depois conto o resto,0
helena_alves,Rafael Silva,"dev backend, cafe e gatos",2017-05-29 13:00:00,3400,523,448,675,0,0,"treino feito, 6km hoje. devagar mas chegando recomendo",0
igor_souza,Paula Souza,estudante de enfermagem,2014-07-31 18:00:00,4433,177,45,330,0,0,"obrigada pelas mensagens de aniversario, gente no mais, tudo tranquilo (41)",0
lucas_rocha,Paula Lima,estudante de enfermagem,2017-11-20 22:00:00,3225,21,37,482,0,0,"terminei de ler o livro que a Igor indicou, valeu a pena que dia (40)",0
paula_souza22,Rafael Rocha,professora de historia,2014-11-25 20:00:00,4316,129,176,117,0,0,"terminei de ler o livro que a Diego indicou, valeu a pena enfim (51)",0
bruno_silva53,Diego Alves,analista de dados em Sao Paulo,2026-07-15 14:00:00,66,20,422,166,0,0,"obrigada pelas mensagens de aniversario, gente no fim deu certo (57)",0
lucas_alves,Diego Silva,"dev backend, cafe e gatos",2018-08-09 19:00:00,2963,491,182,193,0,0,alguem ai assistiu o jogo de ontem? que segundo tempo amanha continuo,0
igor_silva12,Fernanda Souza,"pai do Theo, torcedor sofredor",2024-07-11 21:00:00,800,113,207,234,0,0,"obrigada pelas mensagens de aniversario, gente valeu quem ajudou",0
carla_souza52,Juliana Martins,"pai do Theo, torcedor sofredor",2018-11-09 19:00:00,2871,1052,1516,355,0,0,melhor serie do ano sem discussao ate semana que vem,1
diego_alves,Carla Lima,analista de dados em Recife,2020-04-22 04:00:00,2342,539,187,1251,0,0,"opiniao impopular: filme antigo e melhor que remake no mais, tudo tranquilo (65)",0
fernanda_rocha9,Eduardo Silva,professora de historia,2013-08-27 16:00:00,4771,170,112,234,0,0,"treino feito, 6km hoje. devagar mas chegando enfim",0
gustavo_souza82,Gustavo Lima,"dev backend, cafe e gatos",2017-01-04 20:00:00,3545,858,602,286,0,0,dica pra quem estuda seguranca: pratique em laboratorio proprio,0
otavio_souza,Lucas Lima,analista de dados em Belem,2013-02-02 14:00:00,4977,2556,4039,913,0,0,recomendo muito esse restaurante novo no centro de Belem ate semana que vem,0
ganhe2420487,Ana 7712,,2026-06-03 12:18:00,108,2,1403,1589,0,0,"Sinal gratis de aposta, lucro garantido hoje!!! https://encurtador.com.br/n5b3p0",1
bruno_alves38,Nara Rocha,analista de dados em Curitiba,2015-10-13 20:00:00,3994,4881,5000,309,0,0,"terminei de ler o livro que a Otavio indicou, valeu a pena enfim",0
bruno_rocha,Paula Alves,musico nos fins de semana,2023-04-17 01:00:00,1252,159,54,300,0,0,recomendo muito esse restaurante novo no centro de Goiania ate semana que vem (21),0
ganhe5006043,Invest Bot,link na bio https://tinyurl.com/gz2hn3,2026-03-10 16:03:00,193,14,2192,8609,1,0,Airdrop de cripto liberado! dobre seu investimento em 24h https://tinyurl.com/gz2hn3,1
otavio_souza69,Carla Lima,fotografa e mae de dois,2013-06-26 20:00:00,4833,349,559,344,0,0,dica pra quem estuda seguranca: pratique em laboratorio proprio valeu quem ajudou,0
rafael_alves,Eduardo Alves,estudante de enfermagem,2023-07-15 19:00:00,1162,170,148,106,0,0,recomendo muito esse restaurante novo no centro de Curitiba bora pra cima (44),0
eduardo_souza,Juliana Silva,,2013-03-20 10:00:00,4932,449,371,1447,0,0,"obrigada pelas mensagens de aniversario, gente amanha continuo",0
ana5581490,Promo 999,,2026-06-03 15:50:00,108,0,3220,6158,1,0,SEGUIDORES GRATIS!!! siga de volta e me chama no whats https://encurtador.com.br/dy3i7t,1
juliana_alves,Juliana Silva,"dev backend, cafe e gatos",2020-02-20 20:00:00,2403,154,77,372,0,0,opiniao impopular: filme antigo e melhor que remake valeu quem ajudou (57),0
fernanda_alves,Mariana Souza,corredora amadora | 42k,2017-03-14 22:00:00,3476,577,319,803,0,0,"terminei de ler o livro que a Bruno indicou, valeu a pena no fim deu certo",0
rafael_souza,Igor Lima,corredora amadora | 42k,2026-07-07 11:00:00,75,13,406,240,0,0,opiniao impopular: filme antigo e melhor que remake que dia,0
mariana_souza28,Gustavo Alves,,2024-12-22 20:00:00,636,271,357,385,0,0,"treino feito, 6km hoje. devagar mas chegando no fim deu certo (97)",0
carla_lima,Helena Rocha,corredora amadora | 42k,2022-01-19 17:00:00,1704,244,130,173,0,0,"chuva forte aqui em Porto Alegre hoje, transito parado amanha continuo (70)",0
lucro3850057,Ana 7712,,2026-03-10 13:02:00,193,19,2369,1681,0,0,Airdrop de cripto liberado! dobre seu investimento em 24h https://is.gd/2lzsnf,1
ana2516056,Ganhe 1000,,2026-06-03 16:09:00,108,3,1592,1958,1,0,"Sinal gratis de aposta, lucro garantido hoje!!! https://bit.ly/h97nb8",1
diego_silva,Paula Silva,estudante de enfermagem,2026-04-23 19:00:00,149,451,636,788,0,0,opiniao impopular: filme antigo e melhor que remake amanha continuo,0
invest5570062,Renda Extra 24h,,2025-10-13 14:29:00,341,11,1075,9227,1,0,"GANHE DINHEIRO em casa!!! vagas limitadas, chama no direct agora https://tinyurl.com/nqln4g",1
carla_lima,Lucas Alves,professora de historia,2020-11-27 22:00:00,2122,145,271,53,0,0,"consegui finalmente organizar a planilha do mes, vitoria pessoal valeu quem ajudou",0
paula_alves86,Gustavo Souza,fotografa e mae de dois,2024-11-07 14:00:00,681,440,503,998,0,0,alguem ai assistiu o jogo de ontem? que segundo tempo,0
rafael_souza7,Otavio Silva,analista de dados em Goiania,2021-12-22 06:00:00,1733,284,553,1161,0,0,"obrigada pelas mensagens de aniversario, gente recomendo (54)",0
igor_alves,Rafael Souza,professora de historia,2017-01-21 07:00:00,3529,151,246,111,0,0,"chuva forte aqui em Salvador hoje, transito parado no fim deu certo",0
ana_rocha,Lucas Alves,professora de historia,2021-04-14 00:00:00,1985,2789,3726,158,0,0,dica pra quem estuda seguranca: pratique em laboratorio proprio que dia (86),0
nara_lima95,Helena Alves,estudante de enfermagem,2018-03-24 05:00:00,3102,1299,2158,1085,0,0,"treino feito, 6km hoje. devagar mas chegando enfim (33)",0
helena_silva,Carla Silva,estudante de enfermagem,2015-08-20 20:00:00,4048,28,17,180,0,0,"treino feito, 6km hoje. devagar mas chegando recomendo",0
eduardo_lima,Lucas Silva,corredora amadora | 42k,2025-10-16 05:00:00,339,228,196,3828,0,0,"treino feito, 6km hoje. devagar mas chegando valeu quem ajudou",0
helena_alves,Mariana Souza,professora de historia,2024-07-19 23:00:00,792,246,464,5368,0,0,"consegui finalmente organizar a planilha do mes, vitoria pessoal no mais, tudo tranquilo",0
ana_alves1,Helena Lima,analista de dados em Goiania,2022-12-19 15:00:00,1370,85,149,225,0,0,opiniao impopular: filme antigo e melhor que remake bora pra cima,0
otavio_lima39,Juliana Lima,musico nos fins de semana,2013-02-21 18:00:00,4958,489,654,284,0,0,dica pra quem estuda seguranca: pratique em laboratorio proprio bora pra cima (17),0
nara_alves,Mariana Rocha,estudante de enfermagem,2018-09-07 00:00:00,2935,356,140,1101,0,0,opiniao impopular: filme antigo e melhor que remake (40),0
juliana_silva,Nara Silva,professora de historia,2020-10-06 00:00:00,2175,44,61,498,0,0,"bom dia, cafe e mais um dia de trabalho por aqui",0
ana_souza,Bruno Lima,"dev backend, cafe e gatos",2014-11-24 23:00:00,4317,255,522,381,0,0,dica pra quem estuda seguranca: pratique em laboratorio proprio valeu quem ajudou (47),0
carla_souza,Diego Rocha,corredora amadora | 42k,2013-09-08 06:00:00,4760,53,50,221,0,0,"chuva forte aqui em Recife hoje, transito parado no mais, tudo tranquilo",0
lucro3114030,Ana 7712,,2026-03-10 15:22:00,193,34,1141,8290,1,0,"Sinal gratis de aposta, lucro garantido hoje!!! https://cutt.ly/2xe8sp",1
ana_lima82,Juliana Rocha,,2023-01-24 10:00:00,1335,432,281,585,0,0,"vagas limitadas no curso de bolo caseiro, chama no direct pra reservar",0
igor_lima42,Carla Souza,,2016-10-02 01:00:00,3640,723,709,836,0,0,alguem ai assistiu o jogo de ontem? que segundo tempo valeu quem ajudou (78),0
rafael_silva,Ana Rocha,,2022-07-20 21:00:00,1522,100,216,110,1,0,"obrigada pelas mensagens de aniversario, gente amanha continuo (19)",0
juliana_lima,Otavio Lima,"pai do Theo, torcedor sofredor",2014-03-07 05:00:00,4580,170,55,281,0,0,recomendo muito esse restaurante novo no centro de Goiania no fim deu certo (24),0
lucas_lima90,Rafael Lima,"dev backend, cafe e gatos",2020-01-19 15:00:00,2435,640,803,335,0,0,alguem ai assistiu o jogo de ontem? que segundo tempo (20),0
mariana_rocha79,Helena Silva,fotografa e mae de dois,2025-03-22 12:00:00,547,929,805,623,0,0,"terminei de ler o livro que a Ana indicou, valeu a pena amanha continuo",0
diego_souza48,Ana Rocha,analista de dados em Curitiba,2014-08-03 06:00:00,4431,917,1088,1084,0,0,opiniao impopular: filme antigo e melhor que remake que dia,0
otavio_rocha,Ana Rocha,"dev backend, cafe e gatos",2015-03-25 19:00:00,4196,95,121,993,0,0,opiniao impopular: filme antigo e melhor que remake coisa de louco,0
igor_alves80,Nara Alves,analista de dados em Curitiba,2019-03-12 03:00:00,2749,532,623,1188,0,0,"chuva forte aqui em Curitiba hoje, transito parado amanha continuo (8)",0
mariana_lima19,Fernanda Alves,estudante de enfermagem,2022-09-16 16:00:00,1464,284,366,1066,0,0,"consegui finalmente organizar a planilha do mes, vitoria pessoal bora pra cima (24)",0
carla_alves84,Mariana Souza,fotografa e mae de dois,2015-06-19 16:00:00,4110,1273,777,2442,0,0,"obrigada pelas mensagens de aniversario, gente enfim (40)",0
eduardo_silva,Juliana Alves,estudante de enfermagem,2016-11-28 17:00:00,3582,660,823,1298,0,0,"terminei de ler o livro que a Paula indicou, valeu a pena coisa de louco",0
paula_rocha,Bruno Lima,musico nos fins de semana,2023-05-14 05:00:00,1225,154,312,60,0,0,"treino feito, 6km hoje. devagar mas chegando bora pra cima",0
gustavo_rocha14,Fernanda Rocha,"pai do Theo, torcedor sofredor",2026-08-11 22:00:00,39,14,427,127,0,0,recomendo muito esse restaurante novo no centro de Porto Alegre,0
rafael_rocha25,Helena Alves,,2015-03-30 20:00:00,4191,118,42,1270,0,0,"consegui finalmente organizar a planilha do mes, vitoria pessoal ate semana que vem (61)",0
diego_alves,Otavio Lima,,2017-06-06 20:00:00,3392,173,228,415,0,0,"chuva forte aqui em Belem hoje, transito parado enfim (98)",0
helena_alves45,Otavio Rocha,"dev backend, cafe e gatos",2015-05-07 20:00:00,4153,83,175,320,1,0,"consegui finalmente organizar a planilha do mes, vitoria pessoal coisa de louco",0
gustavo_lima,Eduardo Lima,estudante de enfermagem,2018-04-08 11:00:00,3087,129,269,339,0,0,"treino feito, 6km hoje. devagar mas chegando recomendo",0
fernanda_lima6,Igor Rocha,"dev backend, cafe e gatos",2025-06-11 01:00:00,466,70,70,26,0,0,"consegui finalmente organizar a planilha do mes, vitoria pessoal que dia (12)",0
rafael_lima,Fernanda Rocha,professora de historia,2025-08-04 22:00:00,411,271,338,536,0,0,"treino feito, 6km hoje. devagar mas chegando amanha continuo (86)",0
nara_rocha,Otavio Silva,analista de dados em Porto Alegre,2014-04-06 04:00:00,4550,159,324,772,0,0,"obrigada pelas mensagens de aniversario, gente que dia (23)",0
carla_lima45,Helena Souza,estudante de enfermagem,2020-01-12 22:00:00,2442,148,248,781,0,0,dica pra quem estuda seguranca: pratique em laboratorio proprio ate semana que vem,0
eduardo_silva32,Nara Rocha,analista de dados em Sao Paulo,2020-02-15 19:00:00,2408,269,413,512,1,0,"treino feito, 6km hoje. devagar mas chegando coisa de louco (63)",0
paula_lima23,Nara Lima,"dev backend, cafe e gatos",2026-08-18 09:00:00,33,3,402,105,0,0,"terminei de ler o livro que a Gustavo indicou, valeu a pena coisa de louco",0
nara_rocha,Nara Alves,musico nos fins de semana,2015-03-24 09:00:00,4198,196,363,147,0,0,dica pra quem estuda seguranca: pratique em laboratorio proprio amanha continuo,0
diego_rocha,Lucas Rocha,,2026-08-21 08:00:00,30,19,417,73,0,0,"consegui finalmente organizar a planilha do mes, vitoria pessoal no fim deu certo",0
mariana_alves,Igor Rocha,"pai do Theo, torcedor sofredor",2026-07-19 20:00:00,62,23,423,163,0,0,"bom dia, cafe e mais um dia de trabalho por aqui (77)",0
paula_souza,Lucas Silva,fotografa e mae de dois,2025-08-04 19:00:00,411,1211,1884,5881,0,0,opiniao impopular: filme antigo e melhor que remake recomendo,0
diego_lima21,Eduardo Rocha,corredora amadora | 42k,2020-05-24 17:00:00,2309,423,429,5165,0,0,"terminei de ler o livro que a Juliana indicou, valeu a pena coisa de louco (69)",0
otavio_alves7,Lucas Souza,estudante de enfermagem,2024-05-28 16:00:00,844,2095,3130,295,1,0,"terminei de ler o livro que a Lucas indicou, valeu a pena amanha continuo",0
gustavo_lima,Rafael Alves,analista de dados em Porto Alegre,2023-09-24 02:00:00,1092,1061,887,1965,0,0,dica pra quem estuda seguranca: pratique em laboratorio proprio ate semana que vem (48),0
invest4502245,Promo 999,,2026-06-03 13:01:00,108,11,1564,2412,1,0,"Sinal gratis de aposta, lucro garantido hoje!!! https://tinyurl.com/pbj1bk",1
rafael_rocha93,Carla Lima,,2015-12-07 16:00:00,3939,76,56,411,0,0,"chuva forte aqui em Porto Alegre hoje, transito parado ate semana que vem (40)",0
mariana_rocha,Rafael Lima,fotografa e mae de dois,2015-12-16 02:00:00,3931,33,56,68,0,0,"terminei de ler o livro que a Eduardo indicou, valeu a pena amanha continuo (20)",0
diego_silva,Diego Silva,"pai do Theo, torcedor sofredor",2017-04-25 16:00:00,3434,503,703,337,0,0,"chuva forte aqui em Curitiba hoje, transito parado bora pra cima (31)",0
bruno_rocha72,Mariana Lima,analista de dados em Sao Paulo,2019-10-15 20:00:00,2531,777,1561,427,0,0,"obrigada pelas mensagens de aniversario, gente que dia",0
igor_souza89,Gustavo Alves,estudante de enfermagem,2022-08-05 08:00:00,1507,153,231,189,0,0,"obrigada pelas mensagens de aniversario, gente coisa de louco",0
lucro315220,Ana 7712,link na bio https://cutt.ly/m0icfs,2025-10-13 15:00:00,341,10,2625,9741,1,0,"GANHE DINHEIRO em casa!!! vagas limitadas, chama no direct agora https://cutt.ly/m0icfs",1
bruno_silva,Juliana Rocha,corredora amadora | 42k,2019-04-14 17:00:00,2715,139,85,1962,0,0,opiniao impopular: filme antigo e melhor que remake coisa de louco (2),0
otavio_silva54,Mariana Alves,fotografa e mae de dois,2020-10-19 07:00:00,2162,420,299,1105,0,0,"bom dia, cafe e mais um dia de trabalho por aqui depois conto o resto",0
otavio_souza55,Gustavo Silva,professora de historia,2022-11-27 02:00:00,1393,144,316,1011,0,0,"treino feito, 6km hoje. devagar mas chegando ate semana que vem (2)",0
ana_lima17,Bruno Silva,professora de historia,2013-09-09 19:00:00,4758,75,101,1144,1,0,"terminei de ler o livro que a Rafael indicou, valeu a pena enfim (96)",0
gustavo_souza,Ana Rocha,musico nos fins de semana,2021-05-03 14:00:00,1965,956,1982,935,0,0,"consegui finalmente organizar a planilha do mes, vitoria pessoal enfim (83)",0
carla_silva,Juliana Lima,corredora amadora | 42k,2020-07-29 22:00:00,2243,273,250,183,0,0,"consegui finalmente organizar a planilha do mes, vitoria pessoal no fim deu certo (32)",0
otavio_lima18,Igor Silva,corredora amadora | 42k,2021-09-30 12:00:00,1816,438,826,102,0,0,"renda extra? venha ser revendedora comigo, explico tudo https://bit.ly/i8kfxa",0
lucas_rocha58,Carla Silva,fotografa e mae de dois,2016-05-26 06:00:00,3769,67,84,436,0,0,"terminei de ler o livro que a Nara indicou, valeu a pena valeu quem ajudou (16)",0
otavio_lima47,Bruno Lima,fotografa e mae de dois,2017-05-30 20:00:00,3399,244,390,92,0,0,recomendo muito esse restaurante novo no centro de Porto Alegre bora pra cima (42),0
nara_souza,Lucas Souza,professora de historia,2016-03-04 07:00:00,3852,733,1261,187,0,0,"terminei de ler o livro que a Otavio indicou, valeu a pena (77)",0
bruno_alves39,Igor Alves,corredora amadora | 42k,2017-05-07 05:00:00,3423,190,238,692,0,0,"bom dia, cafe e mais um dia de trabalho por aqui depois conto o resto (90)",0
fernanda_alves82,Carla Silva,musico nos fins de semana,2026-08-23 02:00:00,28,15,431,117,0,0,"obrigada pelas mensagens de aniversario, gente amanha continuo",0
mariana_lima44,Igor Rocha,"dev backend, cafe e gatos",2018-07-13 08:00:00,2991,87,59,1225,0,0,dica pra quem estuda seguranca: pratique em laboratorio proprio depois conto o resto,0
otavio_lima,Paula Rocha,corredora amadora | 42k,2025-09-10 18:00:00,374,221,131,1211,0,0,opiniao impopular: filme antigo e melhor que remake ate semana que vem (12),0
fernanda_lima50,Nara Rocha,corredora amadora | 42k,2021-12-27 08:00:00,1728,92,141,781,0,0,"consegui finalmente organizar a planilha do mes, vitoria pessoal valeu quem ajudou",0
mariana_silva32,Fernanda Lima,professora de historia,2020-07-16 14:00:00,2256,631,309,244,0,0,"treino feito, 6km hoje. devagar mas chegando ate semana que vem (24)",0
ana_silva52,Igor Rocha,musico nos fins de semana,2022-11-17 10:00:00,1403,136,63,1161,0,0,recomendo muito esse restaurante novo no centro de Curitiba que dia (34),0
juliana_rocha,Ana Lima,corredora amadora | 42k,2016-08-28 08:00:00,3675,21,25,24,0,0,"treino feito, 6km hoje. devagar mas chegando que dia (78)",0
rafael_lima,Carla Rocha,"dev backend, cafe e gatos",2017-07-13 15:00:00,3355,131,116,4029,0,0,"bom dia, cafe e mais um dia de trabalho por aqui valeu quem ajudou",0
gustavo_rocha,Gustavo Souza,"pai do Theo, torcedor sofredor",2022-08-11 02:00:00,1501,379,393,546,0,0,"consegui finalmente organizar a planilha do mes, vitoria pessoal bora pra cima (75)",0
igor_silva,Gustavo Rocha,estudante de enfermagem,2026-07-08 09:00:00,74,6,410,233,0,0,"consegui finalmente organizar a planilha do mes, vitoria pessoal amanha continuo (90)",0
helena_souza,Carla Silva,professora de historia,2024-10-08 17:00:00,711,1178,962,170,0,0,"terminei de ler o livro que a Fernanda indicou, valeu a pena bora pra cima (16)",0
nara_silva68,Helena Lima,corredora amadora | 42k,2015-04-14 05:00:00,4177,494,638,631,0,0,"chuva forte aqui em Recife hoje, transito parado depois conto o resto",0
juliana_silva,Ana Lima,professora de historia,2026-08-10 13:00:00,40,20,406,127,0,0,"terminei de ler o livro que a Fernanda indicou, valeu a pena que dia (31)",0
lucas_silva86,Eduardo Silva,,2018-09-05 19:00:00,2936,582,532,339,0,0,"terminei de ler o livro que a Nara indicou, valeu a pena no mais, tudo tranquilo (66)",0
diego_alves,Helena Silva,professora de historia,2012-10-31 08:00:00,5072,729,1492,460,0,0,opiniao impopular: filme antigo e melhor que remake enfim (4),0
juliana_rocha,Mariana Silva,estudante de enfermagem,2016-12-25 14:00:00,3555,936,330,319,0,0,alguem ai assistiu o jogo de ontem? que segundo tempo que dia,0
otavio_lima41,Diego Silva,"dev backend, cafe e gatos",2016-08-14 18:00:00,3688,111,81,440,0,0,"treino feito, 6km hoje. devagar mas chegando (17)",0
lucas_silva76,Helena Rocha,professora de historia,2026-08-14 14:00:00,36,9,409,125,0,0,"treino feito, 6km hoje. devagar mas chegando valeu quem ajudou (97)",0
lucas_alves,Carla Alves,"dev backend, cafe e gatos",2016-11-21 18:00:00,3589,65,112,1546,0,0,dica pra quem estuda seguranca: pratique em laboratorio proprio valeu quem ajudou (25),0
ganhe2325660,Invest Bot,link na bio https://encurtador.com.br/6fs7k7,2026-02-23 14:19:00,208,24,517,8244,1,0,"Cupom exclusivo de R$ 200, ultimas vagas, clique no link https://encurtador.com.br/6fs7k7",1
ana_souza98,Lucas Rocha,"dev backend, cafe e gatos",2017-09-11 09:00:00,3296,204,115,222,0,0,dica pra quem estuda seguranca: pratique em laboratorio proprio ate semana que vem (53),0
ana_alves,Paula Silva,musico nos fins de semana,2026-09-10 14:00:00,9,7,411,3,1,0,recomendo muito esse restaurante novo no centro de Sao Paulo bora pra cima (32),0
diego_silva65,Otavio Souza,estudante de enfermagem,2019-06-04 16:00:00,2664,880,1206,3038,0,0,alguem ai assistiu o jogo de ontem? que segundo tempo coisa de louco,0
rafael_souza,Carla Silva,corredora amadora | 42k,2025-09-10 08:00:00,375,59,100,415,0,0,"consegui finalmente organizar a planilha do mes, vitoria pessoal depois conto o resto (10)",0
user4667770,Ana 7712,,2026-06-03 15:03:00,108,4,1882,2734,0,0,"Sinal gratis de aposta, lucro garantido hoje!!! https://bit.ly/7ksgpi",1
diego_alves,Eduardo Silva,estudante de enfermagem,2018-02-05 23:00:00,3148,251,294,1311,0,0,promocao de hoje na loja: cupom de 20% pra quem chegar antes do meio dia,0
ana_lima16,Bruno Alves,analista de dados em Goiania,2016-08-16 06:00:00,3687,227,182,578,0,0,"bom dia, cafe e mais um dia de trabalho por aqui recomendo (35)",0
gustavo_alves,Bruno Alves,fotografa e mae de dois,2022-01-26 00:00:00,1698,278,276,1703,0,0,recomendo muito esse restaurante novo no centro de Sao Paulo ate semana que vem (62),0
fernanda_alves25,Fernanda Lima,"dev backend, cafe e gatos",2019-05-26 06:00:00,2674,109,34,3278,0,0,"treino feito, 6km hoje. devagar mas chegando recomendo",0
bruno_rocha77,Carla Lima,"pai do Theo, torcedor sofredor",2016-05-12 20:00:00,3782,38,28,265,0,0,"bom dia, cafe e mais um dia de trabalho por aqui coisa de louco (18)",0
carla_silva,Paula Lima,"dev backend, cafe e gatos",2017-11-21 06:00:00,3225,484,328,36,0,0,"bom dia, cafe e mais um dia de trabalho por aqui ate semana que vem",0
nara_rocha68,Lucas Lima,,2017-10-21 06:00:00,3256,367,589,567,0,0,"terminei de ler o livro que a Bruno indicou, valeu a pena depois conto o resto (83)",0
otavio_silva,Lucas Lima,"dev backend, cafe e gatos",2023-05-16 15:00:00,1222,115,69,490,0,0,"obrigada pelas mensagens de aniversario, gente enfim",0
ana5279226,Invest Bot,link na bio https://is.gd/puszol,2026-03-10 13:55:00,193,14,1349,6833,1,0,"GANHE DINHEIRO em casa!!! vagas limitadas, chama no direct agora https://is.gd/puszol",1
igor_lima,Paula Souza,estudante de enfermagem,2016-01-20 18:00:00,3895,1239,1236,309,0,0,"terminei de ler o livro que a Juliana indicou, valeu a pena que dia",0
ganhe5016522,Ana 7712,link na bio https://bit.ly/bggxz4,2026-06-03 16:01:00,108,64,1211,2913,0,0,RENDA EXTRA de R$ 300 por dia!!! clique no link da bio e comece hoje https://bit.ly/bggxz4,1
bruno_alves,Rafael Lima,corredora amadora | 42k,2026-09-15 12:00:00,5,18,416,16,1,0,recomendo muito esse restaurante novo no centro de Recife que dia,0
ana966644,Ganhe 1000,link na bio https://tinyurl.com/1dpy2i,2026-02-03 14:00:00,228,1,2353,10738,1,0,"Cupom exclusivo de R$ 200, ultimas vagas, clique no link https://tinyurl.com/1dpy2i",1
otavio_silva10,Rafael Souza,corredora amadora | 42k,2014-01-21 13:00:00,4624,43,88,178,0,0,"consegui finalmente organizar a planilha do mes, vitoria pessoal (2)",0
bruno_souza71,Nara Rocha,analista de dados em Curitiba,2026-07-20 21:00:00,61,23,426,206,0,0,"chuva forte aqui em Curitiba hoje, transito parado valeu quem ajudou (30)",0
helena_souza82,Helena Rocha,fotografa e mae de dois,2026-06-28 04:00:00,84,5,403,228,0,0,recomendo muito esse restaurante novo no centro de Curitiba recomendo,0
carla_silva,Gustavo Rocha,"dev backend, cafe e gatos",2017-03-13 01:00:00,3478,594,262,93,0,0,"consegui finalmente organizar a planilha do mes, vitoria pessoal ate semana que vem",0
otavio_alves13,Eduardo Souza,"pai do Theo, torcedor sofredor",2018-02-09 22:00:00,3144,429,157,2772,0,0,"alguem ai assistiu o jogo de ontem? que segundo tempo no mais, tudo tranquilo",0
diego_lima6,Carla Souza,professora de historia,2020-06-17 07:00:00,2286,42,89,1065,1,1,"terminei de ler o livro que a Mariana indicou, valeu a pena no mais, tudo tranquilo",0
user4875138,Renda Extra 24h,,2026-02-23 14:36:00,208,5,2395,10161,1,0,"Cupom exclusivo de R$ 200, ultimas vagas, clique no link https://tinyurl.com/vuwpwv",1
fernanda_lima,Ana Lima,corredora amadora | 42k,2026-06-25 07:00:00,87,21,435,245,0,0,alguem ai assistiu o jogo de ontem? que segundo tempo depois conto o resto,0
eduardo_souza4,Lucas Rocha,analista de dados em Salvador,2020-05-10 09:00:00,2324,107,92,625,0,0,"bom dia, cafe e mais um dia de trabalho por aqui valeu quem ajudou",0
nara_lima,Lucas Lima,professora de historia,2015-09-20 08:00:00,4018,216,238,825,0,0,"treino feito, 6km hoje. devagar mas chegando depois conto o resto (23)",0
mariana_silva,Bruno Silva,analista de dados em Sao Paulo,2022-03-16 06:00:00,1649,101,103,752,0,0,"treino feito, 6km hoje. devagar mas chegando no fim deu certo (35)",0
bruno_alves12,Eduardo Silva,estudante de enfermagem,2019-03-08 04:00:00,2753,179,197,589,0,0,"terminei de ler o livro que a Nara indicou, valeu a pena",0
fernanda_rocha25,Eduardo Rocha,fotografa e mae de dois,2025-01-11 09:00:00,617,418,883,440,0,0,"obrigada pelas mensagens de aniversario, gente depois conto o resto",0
paula_alves64,Eduardo Lima,estudante de enfermagem,2026-07-06 03:00:00,76,18,411,232,0,0,alguem ai assistiu o jogo de ontem? que segundo tempo recomendo,0
fernanda_rocha56,Eduardo Rocha,estudante de enfermagem,2021-08-09 06:00:00,1868,27,22,261,0,0,"chuva forte aqui em Goiania hoje, transito parado (5)",0
ana_lima31,Helena Lima,analista de dados em Goiania,2021-04-02 12:00:00,1997,719,661,1019,0,0,"obrigada pelas mensagens de aniversario, gente no fim deu certo",0
diego_rocha77,Ana Alves,estudante de enfermagem,2017-04-19 03:00:00,3441,155,145,429,0,0,opiniao impopular: filme antigo e melhor que remake ate semana que vem,0
ana_rocha,Fernanda Rocha,"pai do Theo, torcedor sofredor",2015-03-01 10:00:00,4221,448,734,421,0,0,dica pra quem estuda seguranca: pratique em laboratorio proprio depois conto o resto,0
fernanda_lima69,Lucas Silva,"pai do Theo, torcedor sofredor",2017-04-07 09:00:00,3453,616,665,162,1,0,recomendo muito esse restaurante novo no centro de Porto Alegre bora pra cima,0
rafael_souza,Juliana Souza,analista de dados em Curitiba,2025-11-13 21:00:00,310,1176,2375,951,0,0,"terminei de ler o livro que a Igor indicou, valeu a pena bora pra cima",0
rafael_lima98,Eduardo Souza,"dev backend, cafe e gatos",2026-08-07 02:00:00,44,8,403,131,0,0,alguem ai assistiu o jogo de ontem? que segundo tempo,0
user8714287,Ganhe 1000,link na bio https://is.gd/otrh9y,2026-06-08 13:30:00,103,1,820,4738,1,0,RENDA EXTRA de R$ 300 por dia!!! clique no link da bio e comece hoje https://is.gd/otrh9y,1
fernanda_silva,Diego Alves,,2019-12-20 07:00:00,2466,291,621,308,0,0,alguem ai assistiu o jogo de ontem? que segundo tempo ate semana que vem,0
rafael_souza13,Diego Lima,"pai do Theo, torcedor sofredor",2024-03-11 14:00:00,922,15,13,324,0,0,"treino feito, 6km hoje. devagar mas chegando (56)",0
lucas_alves63,Gustavo Lima,fotografa e mae de dois,2020-08-18 06:00:00,2224,856,604,13391,0,0,"terminei de ler o livro que a Ana indicou, valeu a pena",0
lucro3228029,Promo 999,link na bio https://tinyurl.com/1rilxz,2026-03-02 12:58:00,201,22,2156,8280,1,0,Airdrop de cripto liberado! dobre seu investimento em 24h https://tinyurl.com/1rilxz,1
igor_souza82,Eduardo Souza,,2018-04-20 23:00:00,3074,111,231,49,0,0,"treino feito, 6km hoje. devagar mas chegando depois conto o resto",0
igor_rocha25,Igor Rocha,"dev backend, cafe e gatos",2021-06-05 04:00:00,1933,550,638,264,0,0,"chuva forte aqui em Curitiba hoje, transito parado (65)",0
ana_souza,Igor Lima,estudante de enfermagem,2023-10-02 13:00:00,1083,428,231,396,0,0,"obrigada pelas mensagens de aniversario, gente recomendo",0
helena_silva78,Lucas Alves,analista de dados em Porto Alegre,2016-04-15 12:00:00,3810,95,66,151,0,0,alguem ai assistiu o jogo de ontem? que segundo tempo valeu quem ajudou,0
mariana_rocha23,Carla Alves,"pai do Theo, torcedor sofredor",2023-03-16 16:00:00,1283,304,293,238,0,0,recomendo muito esse restaurante novo no centro de Curitiba coisa de louco,0
paula_rocha,Lucas Rocha,fotografa e mae de dois,2019-03-14 21:00:00,2746,726,216,1442,0,0,dica pra quem estuda seguranca: pratique em laboratorio proprio no fim deu certo (44),0
lucas_lima,Eduardo Lima,"pai do Theo, torcedor sofredor",2026-08-23 12:00:00,28,36,462,52,0,0,"consegui finalmente organizar a planilha do mes, vitoria pessoal (66)",0
helena_alves6,Gustavo Alves,professora de historia,2026-08-19 09:00:00,32,3,401,109,0,0,"bom dia, cafe e mais um dia de trabalho por aqui ate semana que vem",0
helena_alves,Diego Silva,corredora amadora | 42k,2019-04-10 04:00:00,2720,130,182,1646,0,0,"renda extra? venha ser revendedora comigo, explico tudo https://is.gd/itwepm",0
paula_souza29,Mariana Rocha,,2020-08-04 02:00:00,2238,410,861,540,0,0,alguem ai assistiu o jogo de ontem? que segundo tempo (61),0
promo4603196,Ana 7712,,2026-03-02 13:32:00,201,9,2687,7473,1,0,Airdrop de cripto liberado! dobre seu investimento em 24h https://encurtador.com.br/xoz8gb,1
paula_rocha79,Helena Souza,corredora amadora | 42k,2017-10-03 04:00:00,3274,575,678,129,0,0,alguem ai assistiu o jogo de ontem? que segundo tempo enfim,0
juliana_silva3,Diego Lima,,2018-11-10 20:00:00,2870,239,257,34,0,0,"recomendo muito esse restaurante novo no centro de Salvador no mais, tudo tranquilo",0
helena_lima86,Ana Lima,"dev backend, cafe e gatos",2016-04-10 23:00:00,3814,111,96,219,0,0,"consegui finalmente organizar a planilha do mes, vitoria pessoal ate semana que vem",0
bruno_lima15,Fernanda Souza,professora de historia,2018-05-30 21:00:00,3034,424,426,969,0,0,dica pra quem estuda seguranca: pratique em laboratorio proprio enfim,0
rafael_alves,Lucas Silva,"dev backend, cafe e gatos",2020-04-02 00:00:00,2362,332,286,1794,1,0,opiniao impopular: filme antigo e melhor que remake valeu quem ajudou (11),0
promo2978313,Invest Bot,,2026-02-03 14:40:00,228,9,2091,10134,0,0,SEGUIDORES GRATIS!!! siga de volta e me chama no whats https://is.gd/4xjzr3,1
mariana_souza,Helena Martins,"dev backend, cafe e gatos",2025-11-08 12:00:00,316,534,581,269,0,0,"que dia lindo hoje, aproveitando o sol",1
fernanda_rocha,Bruno Lima,fotografa e mae de dois,2026-08-30 07:00:00,21,23,448,45,0,0,"terminei de ler o livro que a Fernanda indicou, valeu a pena recomendo (37)",0
eduardo_lima,Diego Silva,professora de historia,2020-03-25 11:00:00,2370,573,286,733,0,0,"consegui finalmente organizar a planilha do mes, vitoria pessoal no fim deu certo (57)",0
juliana_silva61,Nara Rocha,estudante de enfermagem,2024-11-12 04:00:00,677,403,338,730,0,0,"bom dia, cafe e mais um dia de trabalho por aqui",0
nara_silva97,Paula Silva,"pai do Theo, torcedor sofredor",2021-12-22 05:00:00,1733,110,126,444,0,0,opiniao impopular: filme antigo e melhor que remake no fim deu certo (22),0
nara_souza,Bruno Souza,,2024-06-14 06:00:00,828,1598,3225,73,0,0,dica pra quem estuda seguranca: pratique em laboratorio proprio coisa de louco,0
igor_silva,Carla Alves,fotografa e mae de dois,2026-09-15 23:00:00,4,9,413,23,0,0,alguem ai assistiu o jogo de ontem? que segundo tempo amanha continuo,0
lucas_alves72,Igor Souza,corredora amadora | 42k,2023-01-25 17:00:00,1333,358,439,4498,0,0,"obrigada pelas mensagens de aniversario, gente depois conto o resto",0
rafael_alves,Ana Lima,analista de dados em Curitiba,2026-04-10 05:00:00,163,933,1749,495,0,0,"bom dia, cafe e mais um dia de trabalho por aqui coisa de louco (26)",0
ana2233978,Ganhe 1000,,2026-06-03 12:15:00,108,20,1552,5190,1,0,SEGUIDORES GRATIS!!! siga de volta e me chama no whats https://tinyurl.com/x2w68n,1
gustavo_alves,Igor Alves,musico nos fins de semana,2017-12-31 00:00:00,3185,173,151,916,0,0,"consegui finalmente organizar a planilha do mes, vitoria pessoal coisa de louco",0
gustavo_rocha,Lucas Rocha,,2014-07-01 18:00:00,4463,149,125,272,0,0,"dica pra quem estuda seguranca: pratique em laboratorio proprio no mais, tudo tranquilo",0
nara_souza,Eduardo Lima,analista de dados em Porto Alegre,2026-07-22 05:00:00,60,40,454,154,0,0,recomendo muito esse restaurante novo no centro de Porto Alegre valeu quem ajudou,0
nara_souza91,Fernanda Lima,corredora amadora | 42k,2023-03-07 01:00:00,1293,9449,4854,3604,0,0,"vagas limitadas no curso de bolo caseiro, chama no direct pra reservar",0
nara_souza,Paula Rocha,estudante de enfermagem,2020-12-21 04:00:00,2099,589,1208,414,0,0,dica pra quem estuda seguranca: pratique em laboratorio proprio valeu quem ajudou,0
ana_alves29,Bruno Souza,estudante de enfermagem,2017-10-17 17:00:00,3259,246,159,715,0,0,recomendo muito esse restaurante novo no centro de Curitiba depois conto o resto (4),0
bruno_rocha,Fernanda Lima,"pai do Theo, torcedor sofredor",2025-03-13 10:00:00,556,1040,2171,642,0,0,"terminei de ler o livro que a Helena indicou, valeu a pena ate semana que vem (5)",0
carla_lima,Lucas Lima,professora de historia,2013-07-14 18:00:00,4815,121,188,320,0,0,"obrigada pelas mensagens de aniversario, gente",0
lucas_lima98,Gustavo Souza,"dev backend, cafe e gatos",2021-04-18 08:00:00,1981,46,98,116,0,0,recomendo muito esse restaurante novo no centro de Goiania,0
nara_lima56,Fernanda Silva,analista de dados em Recife,2019-06-13 14:00:00,2655,217,376,291,0,0,dica pra quem estuda seguranca: pratique em laboratorio proprio valeu quem ajudou (58),0
carla_rocha,Bruno Lima,corredora amadora | 42k,2018-12-26 22:00:00,2824,220,390,5487,0,0,"vagas limitadas no curso de bolo caseiro, chama no direct pra reservar",0
carla_rocha,Paula Souza,analista de dados em Salvador,2015-06-23 20:00:00,4106,91,60,2280,0,0,"terminei de ler o livro que a Fernanda indicou, valeu a pena recomendo (38)",0
diego_souza,Ana Souza,professora de historia,2020-10-17 09:00:00,2164,46,60,249,0,0,recomendo muito esse restaurante novo no centro de Sao Paulo coisa de louco,0
ana_silva22,Eduardo Souza,"pai do Theo, torcedor sofredor",2020-02-12 17:00:00,2411,515,414,485,0,0,opiniao impopular: filme antigo e melhor que remake enfim (48),0
ana4351047,Promo 999,link na bio https://bit.ly/7z58mh,2026-02-23 15:19:00,208,5,711,5536,1,0,"Sinal gratis de aposta, lucro garantido hoje!!! https://bit.ly/7z58mh",1
nara_alves,Fernanda Alves,fotografa e mae de dois,2016-06-26 14:00:00,3737,446,721,188,0,0,"consegui finalmente organizar a planilha do mes, vitoria pessoal enfim",0
lucas_rocha68,Juliana Lima,analista de dados em Sao Paulo,2026-09-14 06:00:00,6,20,435,20,0,0,recomendo muito esse restaurante novo no centro de Sao Paulo que dia,0
diego_souza38,Igor Rocha,"dev backend, cafe e gatos",2026-06-27 03:00:00,85,24,425,277,0,0,"vagas limitadas no curso de bolo caseiro, chama no direct pra reservar",0
juliana_rocha,Gustavo Silva,fotografa e mae de dois,2013-05-11 08:00:00,4880,526,902,699,0,0,"terminei de ler o livro que a Diego indicou, valeu a pena que dia",0
rafael_souza12,Eduardo Silva,corredora amadora | 42k,2016-05-22 16:00:00,3772,766,479,176,1,0,opiniao impopular: filme antigo e melhor que remake ate semana que vem (76),0
fernanda_lima,Helena Alves,"pai do Theo, torcedor sofredor",2018-04-20 08:00:00,3075,127,56,216,0,0,alguem ai assistiu o jogo de ontem? que segundo tempo recomendo (16),0
lucas_alves19,Otavio Silva,,2019-11-07 09:00:00,2509,50,48,2745,0,0,"obrigada pelas mensagens de aniversario, gente enfim",0
user502921,Ganhe 1000,,2026-06-08 13:47:00,103,0,1536,2251,1,0,SEGUIDORES GRATIS!!! siga de volta e me chama no whats https://is.gd/jjhyrz,1
juliana_rocha,Rafael Lima,analista de dados em Porto Alegre,2021-04-11 00:00:00,1988,175,255,957,0,0,recomendo muito esse restaurante novo no centro de Porto Alegre que dia,0
helena_souza69,Nara Alves,musico nos fins de semana,2019-11-14 07:00:00,2502,255,235,1383,0,0,"treino feito, 6km hoje. devagar mas chegando coisa de louco",0
fernanda_silva57,Gustavo Alves,"dev backend, cafe e gatos",2025-04-05 15:00:00,532,727,411,334,0,0,opiniao impopular: filme antigo e melhor que remake recomendo,0
gustavo_souza,Fernanda Rocha,"pai do Theo, torcedor sofredor",2020-03-03 09:00:00,2392,601,1291,1317,0,0,recomendo muito esse restaurante novo no centro de Porto Alegre coisa de louco (4),0
diego_souza89,Fernanda Rocha,estudante de enfermagem,2022-10-30 12:00:00,1421,332,182,485,0,0,opiniao impopular: filme antigo e melhor que remake que dia,0
fernanda_silva57,Nara Alves,analista de dados em Recife,2013-01-06 20:00:00,5004,723,1351,881,0,0,alguem ai assistiu o jogo de ontem? que segundo tempo depois conto o resto,0
ana_lima,Eduardo Neves,fotografa e mae de dois,2021-10-27 17:00:00,1788,119,105,437,0,0,"bom dia a todos, foco na meta da semana",1
eduardo_lima,Ana Silva,"dev backend, cafe e gatos",2012-09-13 22:00:00,5119,17,35,193,0,0,dica pra quem estuda seguranca: pratique em laboratorio proprio enfim,0
carla_rocha82,Helena Rocha,estudante de enfermagem,2018-11-04 02:00:00,2877,504,518,1417,0,0,"bom dia, cafe e mais um dia de trabalho por aqui valeu quem ajudou",0
eduardo_alves,Diego Rocha,professora de historia,2017-08-19 10:00:00,3319,795,1345,3759,0,0,opiniao impopular: filme antigo e melhor que remake bora pra cima,0
carla_souza32,Bruno Martins,professora de historia,2025-01-28 23:00:00,599,314,259,272,0,0,melhor serie do ano sem discussao amanha continuo,1
fernanda_souza81,Eduardo Silva,estudante de enfermagem,2026-02-09 00:00:00,223,133,172,304,0,0,"consegui finalmente organizar a planilha do mes, vitoria pessoal",0
fernanda_lima75,Fernanda Souza,"pai do Theo, torcedor sofredor",2016-09-12 04:00:00,3660,221,391,1035,0,0,recomendo muito esse restaurante novo no centro de Porto Alegre valeu quem ajudou,0
eduardo_lima,Mariana Lima,professora de historia,2021-08-25 06:00:00,1852,215,461,387,0,0,dica pra quem estuda seguranca: pratique em laboratorio proprio ate semana que vem,0
promo6768338,Ganhe 1000,,2026-03-10 12:38:00,193,11,1561,7568,1,0,SEGUIDORES GRATIS!!! siga de volta e me chama no whats https://encurtador.com.br/01ik5q,1
lucas_lima,Bruno Rocha,,2017-07-30 22:00:00,3338,398,862,2281,0,0,"consegui finalmente organizar a planilha do mes, vitoria pessoal enfim",0
nara_silva,Helena Lima,"pai do Theo, torcedor sofredor",2017-08-12 03:00:00,3326,796,1200,110,0,0,opiniao impopular: filme antigo e melhor que remake no fim deu certo,0
helena_alves,Gustavo Rocha,estudante de enfermagem,2012-08-14 11:00:00,5150,144,59,911,0,0,"obrigada pelas mensagens de aniversario, gente ate semana que vem",0
user8371656,Promo 999,link na bio https://bit.ly/l60jvc,2026-02-23 15:40:00,208,57,2117,5942,1,0,SEGUIDORES GRATIS!!! siga de volta e me chama no whats https://bit.ly/l60jvc,1
bruno_souza,Juliana Silva,corredora amadora | 42k,2021-05-13 09:00:00,1956,94,82,116,0,0,dica pra quem estuda seguranca: pratique em laboratorio proprio que dia (23),0
gustavo_silva31,Otavio Rocha,musico nos fins de semana,2013-12-19 23:00:00,4657,429,769,1048,1,0,"bom dia, cafe e mais um dia de trabalho por aqui amanha continuo",0
invest7644634,Promo 999,link na bio https://tinyurl.com/w67xj6,2026-03-02 15:28:00,201,6,1644,10356,1,0,Airdrop de cripto liberado! dobre seu investimento em 24h https://tinyurl.com/w67xj6,1
fernanda_souza27,Carla Souza,"dev backend, cafe e gatos",2026-06-24 13:00:00,87,14,408,247,0,0,opiniao impopular: filme antigo e melhor que remake valeu quem ajudou,0
bruno_silva,Gustavo Souza,corredora amadora | 42k,2022-06-23 18:00:00,1549,357,622,95,0,0,"terminei de ler o livro que a Mariana indicou, valeu a pena bora pra cima",0
otavio_silva76,Gustavo Rocha,professora de historia,2013-05-18 17:00:00,4872,74,138,329,1,0,opiniao impopular: filme antigo e melhor que remake amanha continuo,0
carla_silva16,Juliana Rocha,"pai do Theo, torcedor sofredor",2022-07-30 01:00:00,1513,516,1119,183,0,0,alguem ai assistiu o jogo de ontem? que segundo tempo no fim deu certo,0
igor_silva13,Ana Alves,,2019-09-26 23:00:00,2550,399,318,1531,0,0,"terminei de ler o livro que a Diego indicou, valeu a pena valeu quem ajudou (81)",0
otavio_souza,Otavio Alves,,2025-09-12 13:00:00,372,60,109,181,0,0,"bom dia, cafe e mais um dia de trabalho por aqui que dia",0
bruno_lima64,Otavio Lima,corredora amadora | 42k,2020-03-30 10:00:00,2365,296,423,55,0,0,"consegui finalmente organizar a planilha do mes, vitoria pessoal amanha continuo",0
nara_souza,Otavio Lima,estudante de enfermagem,2020-03-01 09:00:00,2394,249,373,479,0,0,opiniao impopular: filme antigo e melhor que remake no fim deu certo,0
mariana_lima,Gustavo Souza,professora de historia,2026-07-06 06:00:00,76,8,410,252,0,0,opiniao impopular: filme antigo e melhor que remake ate semana que vem (44),0
nara_rocha,Bruno Silva,estudante de enfermagem,2026-07-22 11:00:00,60,5,407,185,0,0,"terminei de ler o livro que a Rafael indicou, valeu a pena enfim (71)",0
nara_souza35,Mariana Lima,"pai do Theo, torcedor sofredor",2014-03-17 17:00:00,4569,37,36,2059,0,0,promocao de hoje na loja: cupom de 20% pra quem chegar antes do meio dia,0
helena_rocha,Fernanda Alves,corredora amadora | 42k,2020-12-03 00:00:00,2117,382,438,28,0,0,promocao de hoje na loja: cupom de 20% pra quem chegar antes do meio dia,0
paula_alves,Bruno Alves,,2014-02-13 19:00:00,4601,382,546,218,0,0,opiniao impopular: filme antigo e melhor que remake recomendo,0
bruno_souza74,Diego Souza,analista de dados em Salvador,2025-02-19 03:00:00,578,363,309,761,0,0,"obrigada pelas mensagens de aniversario, gente no fim deu certo",0
fernanda_rocha90,Otavio Silva,professora de historia,2013-08-17 17:00:00,4781,33,41,427,0,0,"obrigada pelas mensagens de aniversario, gente recomendo (23)",0
carla_alves47,Igor Alves,"pai do Theo, torcedor sofredor",2013-03-08 14:00:00,4943,1780,3135,1125,0,0,recomendo muito esse restaurante novo no centro de Curitiba enfim,0
eduardo_silva16,Juliana Lima,"pai do Theo, torcedor sofredor",2022-04-01 09:00:00,1633,189,354,441,0,0,alguem ai assistiu o jogo de ontem? que segundo tempo recomendo (17),0
fernanda_rocha,Ana Lima,"dev backend, cafe e gatos",2016-07-17 09:00:00,3717,239,157,187,1,0,alguem ai assistiu o jogo de ontem? que segundo tempo amanha continuo,0
otavio_silva,Rafael Lima,professora de historia,2015-02-13 19:00:00,4236,150,323,82,0,0,"treino feito, 6km hoje. devagar mas chegando valeu quem ajudou",0
bruno_lima,Fernanda Alves,estudante de enfermagem,2013-06-26 05:00:00,4834,174,98,604,0,0,"obrigada pelas mensagens de aniversario, gente no mais, tudo tranquilo",0
diego_alves16,Paula Rocha,"pai do Theo, torcedor sofredor",2017-07-14 05:00:00,3355,70,67,548,0,0,"bom dia, cafe e mais um dia de trabalho por aqui enfim (39)",0
ganhe7654755,Renda Extra 24h,link na bio https://cutt.ly/24h8xa,2026-06-08 13:27:00,103,8,2353,1284,1,0,SEGUIDORES GRATIS!!! siga de volta e me chama no whats https://cutt.ly/24h8xa,1
nara_rocha7,Rafael Rocha,estudante de enfermagem,2024-02-29 03:00:00,934,289,307,1237,1,0,"obrigada pelas mensagens de aniversario, gente amanha continuo",0
ana_alves,Diego Lima,musico nos fins de semana,2017-08-31 07:00:00,3307,999,938,1628,0,0,"terminei de ler o livro que a Helena indicou, valeu a pena recomendo",0
bruno_rocha61,Mariana Alves,analista de dados em Recife,2013-08-07 00:00:00,4792,1189,1373,90,0,0,"terminei de ler o livro que a Juliana indicou, valeu a pena ate semana que vem",0
gustavo_alves89,Diego Rocha,,2018-08-12 17:00:00,2960,503,956,1064,0,0,"obrigada pelas mensagens de aniversario, gente (89)",0
lucas_rocha33,Diego Lima,fotografa e mae de dois,2026-04-17 03:00:00,156,2726,2018,1330,0,0,"bom dia, cafe e mais um dia de trabalho por aqui ate semana que vem (78)",0
bruno_souza88,Gustavo Alves,corredora amadora | 42k,2017-03-17 11:00:00,3474,40,84,1329,0,0,dica pra quem estuda seguranca: pratique em laboratorio proprio amanha continuo (56),0
juliana_alves83,Gustavo Silva,fotografa e mae de dois,2022-07-28 21:00:00,1514,94,206,460,0,0,recomendo muito esse restaurante novo no centro de Porto Alegre depois conto o resto,0
lucas_rocha,Ana Alves,corredora amadora | 42k,2024-11-27 13:00:00,661,34,27,212,0,0,"treino feito, 6km hoje. devagar mas chegando enfim (88)",0
bruno_silva20,Fernanda Silva,fotografa e mae de dois,2019-02-10 22:00:00,2778,413,165,2213,0,0,"treino feito, 6km hoje. devagar mas chegando no fim deu certo (55)",0
invest1505717,Renda Extra 24h,link na bio https://tinyurl.com/aokezr,2026-02-03 15:50:00,228,9,2134,4661,1,0,"GANHE DINHEIRO em casa!!! vagas limitadas, chama no direct agora https://tinyurl.com/aokezr",1
carla_lima,Lucas Silva,musico nos fins de semana,2023-11-16 16:00:00,1038,203,427,89,0,0,recomendo muito esse restaurante novo no centro de Belem enfim (51),0
helena_silva88,Juliana Silva,fotografa e mae de dois,2018-03-27 11:00:00,3099,1067,958,674,0,0,"consegui finalmente organizar a planilha do mes, vitoria pessoal no mais, tudo tranquilo",0
carla_rocha86,Juliana Alves,"dev backend, cafe e gatos",2016-10-05 01:00:00,3637,59,103,2599,0,0,"renda extra? venha ser revendedora comigo, explico tudo https://is.gd/yf4u21",0
rafael_souza68,Nara Rocha,estudante de enfermagem,2020-11-13 10:00:00,2137,72,151,79,0,0,"obrigada pelas mensagens de aniversario, gente que dia",0
mariana_rocha84,Bruno Silva,estudante de enfermagem,2026-06-30 13:00:00,81,28,458,242,0,0,"chuva forte aqui em Sao Paulo hoje, transito parado ate semana que vem",0
igor_souza25,Carla Souza,fotografa e mae de dois,2020-06-11 03:00:00,2292,242,235,1030,0,0,promocao de hoje na loja: cupom de 20% pra quem chegar antes do meio dia,0
nara_alves17,Carla Silva,fotografa e mae de dois,2025-12-08 15:00:00,285,437,482,1186,0,0,dica pra quem estuda seguranca: pratique em laboratorio proprio amanha continuo (83),0
juliana_souza80,Igor Alves,analista de dados em Salvador,2019-05-13 12:00:00,2687,15,19,310,0,0,alguem ai assistiu o jogo de ontem? que segundo tempo,0
helena_alves,Carla Rocha,professora de historia,2026-06-30 14:00:00,81,12,413,266,0,0,dica pra quem estuda seguranca: pratique em laboratorio proprio no fim deu certo,0
otavio_silva,Diego Silva,,2013-07-27 20:00:00,4802,111,109,123,0,0,"treino feito, 6km hoje. devagar mas chegando valeu quem ajudou (15)",0
carla_alves,Mariana Souza,estudante de enfermagem,2023-11-01 03:00:00,1054,37,66,295,0,0,"chuva forte aqui em Porto Alegre hoje, transito parado no fim deu certo",0
ana_souza,Lucas Rocha,"pai do Theo, torcedor sofredor",2018-05-14 01:00:00,3051,407,349,889,0,0,"consegui finalmente organizar a planilha do mes, vitoria pessoal valeu quem ajudou",0
juliana_rocha,Igor Souza,estudante de enfermagem,2013-06-02 06:00:00,4858,29,58,456,0,0,dica pra quem estuda seguranca: pratique em laboratorio proprio que dia,0
ana1111394,Promo 999,,2026-02-23 12:16:00,208,2,1767,7945,1,0,"Sinal gratis de aposta, lucro garantido hoje!!! https://encurtador.com.br/go8pav",1
otavio_alves77,Rafael Alves,corredora amadora | 42k,2013-11-07 14:00:00,4699,285,162,570,0,0,"chuva forte aqui em Curitiba hoje, transito parado coisa de louco",0
diego_alves18,Ana Silva,corredora amadora | 42k,2024-07-25 14:00:00,786,51,38,101,0,0,"bom dia, cafe e mais um dia de trabalho por aqui amanha continuo",0
invest2907297,Invest Bot,,2026-02-23 12:55:00,208,2,1312,8749,1,0,SEGUIDORES GRATIS!!! siga de volta e me chama no whats https://cutt.ly/os3abt,1
bruno_rocha8,Mariana Souza,analista de dados em Sao Paulo,2026-09-08 18:00:00,11,32,427,3,0,0,"bom dia, cafe e mais um dia de trabalho por aqui coisa de louco (15)",0
lucas_alves45,Diego Souza,analista de dados em Porto Alegre,2013-06-16 08:00:00,4844,779,479,55,0,0,"treino feito, 6km hoje. devagar mas chegando amanha continuo",0
carla_silva14,Paula Rocha,fotografa e mae de dois,2016-02-26 17:00:00,3858,691,924,564,0,1,"recomendo muito esse restaurante novo no centro de Salvador no mais, tudo tranquilo (24)",0
lucas_rocha,Fernanda Souza,"dev backend, cafe e gatos",2024-06-25 21:00:00,816,94,141,753,0,0,opiniao impopular: filme antigo e melhor que remake ate semana que vem,0
gustavo_alves,Nara Alves,professora de historia,2024-08-10 14:00:00,770,355,758,103,0,0,"treino feito, 6km hoje. devagar mas chegando no mais, tudo tranquilo",0
ana_alves34,Lucas Souza,musico nos fins de semana,2026-01-15 07:00:00,248,92,134,837,0,0,"obrigada pelas mensagens de aniversario, gente que dia",0
fernanda_alves,Otavio Alves,analista de dados em Salvador,2013-01-08 13:00:00,5002,59,16,448,0,0,"terminei de ler o livro que a Fernanda indicou, valeu a pena",0
otavio_silva60,Gustavo Rocha,fotografa e mae de dois,2016-06-22 03:00:00,3742,100,99,124,1,0,"chuva forte aqui em Curitiba hoje, transito parado enfim",0
gustavo_silva28,Eduardo Lima,,2014-04-03 16:00:00,4552,359,722,469,0,0,"bom dia, cafe e mais um dia de trabalho por aqui coisa de louco (84)",0
bruno_souza66,Ana Neves,fotografa e mae de dois,2018-09-20 05:00:00,2922,230,161,184,0,0,dica pra quem estuda seguranca: pratique em laboratorio proprio no fim deu certo,1
ganhe5244177,Invest Bot,link na bio https://cutt.ly/u7g4va,2026-07-18 15:47:00,63,13,1696,1066,1,0,"GANHE DINHEIRO em casa!!! vagas limitadas, chama no direct agora https://cutt.ly/u7g4va",1
igor_silva81,Diego Neves,"dev backend, cafe e gatos",2024-08-31 04:00:00,750,253,282,1259,0,0,"melhor serie do ano sem discussao no mais, tudo tranquilo",1
eduardo_rocha,Eduardo Martins,fotografa e mae de dois,2019-10-31 05:00:00,2516,134,264,86,0,0,"consegui finalmente organizar a planilha do mes, vitoria pessoal amanha continuo",1
otavio_souza,Lucas Silva,professora de historia,2015-08-29 00:00:00,4040,1705,2555,657,0,0,"dica pra quem estuda seguranca: pratique em laboratorio proprio no mais, tudo tranquilo",0
paula_rocha16,Paula Alves,professora de historia,2023-08-18 16:00:00,1128,3038,2672,71,0,0,"terminei de ler o livro que a Fernanda indicou, valeu a pena no mais, tudo tranquilo",0
paula_souza59,Paula Silva,fotografa e mae de dois,2022-08-06 00:00:00,1506,52,44,441,0,0,"bom dia, cafe e mais um dia de trabalho por aqui no fim deu certo (56)",0
nara_souza92,Nara Rocha,analista de dados em Belem,2026-07-11 12:00:00,71,8,416,198,0,0,"renda extra? venha ser revendedora comigo, explico tudo https://bit.ly/xiaq7p",0
mariana_souza12,Igor Rocha,,2015-11-11 19:00:00,3965,115,53,675,1,0,"bom dia, cafe e mais um dia de trabalho por aqui recomendo",0
paula_lima81,Bruno Rocha,,2019-07-14 20:00:00,2624,122,256,1516,0,0,"terminei de ler o livro que a Lucas indicou, valeu a pena no mais, tudo tranquilo (10)",0
mariana_silva95,Bruno Lima,professora de historia,2015-05-30 11:00:00,4131,15,30,1198,0,0,"obrigada pelas mensagens de aniversario, gente bora pra cima",0
diego_souza97,Fernanda Rocha,fotografa e mae de dois,2019-09-18 21:00:00,2558,629,685,1455,0,0,"bom dia, cafe e mais um dia de trabalho por aqui",0
diego_rocha19,Helena Alves,estudante de enfermagem,2023-12-05 21:00:00,1019,185,367,389,0,0,"consegui finalmente organizar a planilha do mes, vitoria pessoal que dia",0
fernanda_alves62,Carla Rocha,fotografa e mae de dois,2019-10-04 06:00:00,2543,134,256,4335,0,0,"chuva forte aqui em Curitiba hoje, transito parado que dia",0
rafael_souza79,Gustavo Souza,musico nos fins de semana,2016-06-29 01:00:00,3735,354,701,3387,0,0,"bom dia, cafe e mais um dia de trabalho por aqui que dia (90)",0
fernanda_silva1,Otavio Silva,fotografa e mae de dois,2018-07-10 00:00:00,2994,88,170,1927,0,0,dica pra quem estuda seguranca: pratique em laboratorio proprio (16),0
gustavo_silva14,Paula Alves,professora de historia,2026-08-14 07:00:00,37,4,407,93,0,0,"bom dia, cafe e mais um dia de trabalho por aqui recomendo",0
diego_souza88,Diego Silva,fotografa e mae de dois,2022-10-16 01:00:00,1435,217,291,358,0,0,dica pra quem estuda seguranca: pratique em laboratorio proprio amanha continuo,0
bruno_lima42,Helena Alves,professora de historia,2026-04-09 19:00:00,163,454,740,509,0,0,"terminei de ler o livro que a Otavio indicou, valeu a pena no fim deu certo",0
nara_souza,Juliana Rocha,corredora amadora | 42k,2020-06-13 02:00:00,2290,95,60,97,0,0,"bom dia, cafe e mais um dia de trabalho por aqui no mais, tudo tranquilo (43)",0
lucas_rocha13,Mariana Alves,musico nos fins de semana,2019-07-06 12:00:00,2633,659,959,821,0,0,"bom dia, cafe e mais um dia de trabalho por aqui no fim deu certo (61)",0
igor_silva,Ana Souza,professora de historia,2025-12-10 17:00:00,283,47,70,97,0,0,alguem ai assistiu o jogo de ontem? que segundo tempo valeu quem ajudou (96),0
user215512,Ana 7712,,2026-03-02 14:19:00,201,15,1554,8118,1,0,Airdrop de cripto liberado! dobre seu investimento em 24h https://bit.ly/saqbaj,1
juliana_lima34,Nara Rocha,analista de dados em Sao Paulo,2025-03-06 01:00:00,563,324,387,2261,0,0,alguem ai assistiu o jogo de ontem? que segundo tempo,0
nara_lima38,Diego Silva,professora de historia,2019-08-02 14:00:00,2605,1502,2630,320,0,0,"chuva forte aqui em Curitiba hoje, transito parado bora pra cima (59)",0
helena_silva,Paula Lima,"pai do Theo, torcedor sofredor",2017-07-09 10:00:00,3360,133,273,284,0,0,"chuva forte aqui em Porto Alegre hoje, transito parado (34)",0
otavio_alves70,Otavio Souza,analista de dados em Curitiba,2016-10-07 20:00:00,3634,683,1293,716,0,0,"opiniao impopular: filme antigo e melhor que remake no mais, tudo tranquilo (29)",0
paula_souza89,Rafael Silva,"dev backend, cafe e gatos",2024-10-11 06:00:00,709,1018,1662,541,0,0,"bom dia, cafe e mais um dia de trabalho por aqui que dia",0
igor_lima10,Gustavo Alves,analista de dados em Salvador,2026-08-05 16:00:00,45,4,404,112,0,0,"bom dia, cafe e mais um dia de trabalho por aqui que dia",0
otavio_lima31,Otavio Lima,corredora amadora | 42k,2022-12-21 07:00:00,1369,182,292,642,0,0,alguem ai assistiu o jogo de ontem? que segundo tempo que dia,0
lucas_souza65,Gustavo Silva,musico nos fins de semana,2018-04-13 19:00:00,3081,430,751,403,0,0,"obrigada pelas mensagens de aniversario, gente valeu quem ajudou",0
juliana_souza,Igor Prado,"dev backend, cafe e gatos",2025-11-21 03:00:00,303,353,703,1997,1,0,"treino feito, 6km hoje. devagar mas chegando coisa de louco",1
lucas_souza,Gustavo Souza,analista de dados em Curitiba,2025-07-02 15:00:00,444,168,162,2683,0,0,"obrigada pelas mensagens de aniversario, gente valeu quem ajudou",0
bruno_lima84,Lucas Souza,estudante de enfermagem,2012-07-02 02:00:00,5193,841,1441,3052,0,0,dica pra quem estuda seguranca: pratique em laboratorio proprio coisa de louco,0
fernanda_rocha35,Eduardo Silva,"pai do Theo, torcedor sofredor",2026-02-22 19:00:00,209,1265,2685,229,0,0,"vagas limitadas no curso de bolo caseiro, chama no direct pra reservar",0
paula_alves,Helena Lima,"dev backend, cafe e gatos",2013-01-31 23:00:00,4979,193,246,98,0,0,"obrigada pelas mensagens de aniversario, gente coisa de louco (67)",0
lucas_alves,Carla Alves,,2020-09-11 13:00:00,2199,1151,327,203,0,0,"treino feito, 6km hoje. devagar mas chegando coisa de louco (33)",0
promo145974,Promo 999,,2026-02-03 14:26:00,228,6,1814,2344,1,0,"Cupom exclusivo de R$ 200, ultimas vagas, clique no link https://bit.ly/iiienr",1
eduardo_souza10,Helena Alves,"pai do Theo, torcedor sofredor",2016-11-10 13:00:00,3600,607,448,1605,0,0,"bom dia, cafe e mais um dia de trabalho por aqui enfim (56)",0
carla_silva5,Ana Rocha,estudante de enfermagem,2019-11-11 14:00:00,2504,147,134,480,0,0,"chuva forte aqui em Sao Paulo hoje, transito parado enfim",0
igor_alves,Ana Souza,estudante de enfermagem,2016-04-05 13:00:00,3819,325,649,91,0,0,dica pra quem estuda seguranca: pratique em laboratorio proprio,0
ana_souza0,Lucas Alves,analista de dados em Curitiba,2025-09-20 02:00:00,365,176,204,888,0,0,"treino feito, 6km hoje. devagar mas chegando depois conto o resto (82)",0
gustavo_rocha20,Juliana Alves,professora de historia,2016-09-18 06:00:00,3654,1059,1328,2240,0,0,"chuva forte aqui em Belem hoje, transito parado amanha continuo",0
eduardo_alves20,Paula Lima,analista de dados em Belem,2013-07-23 14:00:00,4806,149,69,1246,0,0,"obrigada pelas mensagens de aniversario, gente (13)",0
carla_silva5,Mariana Alves,"pai do Theo, torcedor sofredor",2015-02-10 22:00:00,4239,990,2093,1307,0,0,"treino feito, 6km hoje. devagar mas chegando no fim deu certo",0
juliana_silva,Helena Rocha,analista de dados em Belem,2014-10-19 05:00:00,4354,54,94,122,0,0,dica pra quem estuda seguranca: pratique em laboratorio proprio no fim deu certo (19),0
paula_alves,Helena Rocha,,2026-06-24 20:00:00,87,6,410,270,0,0,"chuva forte aqui em Goiania hoje, transito parado coisa de louco",0
lucas_souza29,Carla Souza,analista de dados em Belem,2017-06-21 20:00:00,3377,112,176,145,1,0,"chuva forte aqui em Belem hoje, transito parado bora pra cima",0
nara_silva11,Fernanda Silva,fotografa e mae de dois,2022-09-04 01:00:00,1477,289,208,417,0,0,"bom dia, cafe e mais um dia de trabalho por aqui bora pra cima (50)",0
otavio_silva74,Diego Rocha,,2025-01-08 02:00:00,620,405,628,247,0,0,"consegui finalmente organizar a planilha do mes, vitoria pessoal enfim",0
gustavo_alves,Rafael Rocha,estudante de enfermagem,2016-11-12 05:00:00,3599,296,110,277,0,0,"chuva forte aqui em Belem hoje, transito parado bora pra cima",0
rafael_souza50,Juliana Silva,analista de dados em Curitiba,2020-05-18 06:00:00,2316,324,323,1295,0,0,"renda extra? venha ser revendedora comigo, explico tudo https://tinyurl.com/zlyomz",0
lucas_lima76,Mariana Souza,"pai do Theo, torcedor sofredor",2024-03-10 10:00:00,924,2370,3555,1825,0,0,alguem ai assistiu o jogo de ontem? que segundo tempo ate semana que vem (87),0
mariana_alves87,Nara Silva,corredora amadora | 42k,2021-03-13 06:00:00,2017,548,466,212,0,0,"bom dia, cafe e mais um dia de trabalho por aqui no mais, tudo tranquilo",0
rafael_rocha,Nara Alves,"dev backend, cafe e gatos",2015-03-23 08:00:00,4199,306,447,1508,0,0,alguem ai assistiu o jogo de ontem? que segundo tempo enfim (87),0
fernanda_alves28,Rafael Lima,,2015-10-22 01:00:00,3986,1346,1598,1163,0,0,"bom dia, cafe e mais um dia de trabalho por aqui enfim",0
juliana_souza70,Otavio Lima,professora de historia,2015-02-22 11:00:00,4228,242,175,464,0,0,"chuva forte aqui em Salvador hoje, transito parado bora pra cima (85)",0
nara_alves,Otavio Rocha,fotografa e mae de dois,2024-06-17 05:00:00,825,147,74,1093,0,0,opiniao impopular: filme antigo e melhor que remake recomendo (42),0
otavio_lima24,Carla Neves,analista de dados em Curitiba,2025-09-09 16:00:00,375,543,829,131,0,0,"bom dia, cafe e mais um dia de trabalho por aqui valeu quem ajudou",1
eduardo_souza,Lucas Lima,"pai do Theo, torcedor sofredor",2014-04-17 07:00:00,4539,938,1321,164,0,0,"obrigada pelas mensagens de aniversario, gente valeu quem ajudou (79)",0
rafael_alves,Rafael Silva,,2016-06-10 13:00:00,3753,951,507,610,0,0,"consegui finalmente organizar a planilha do mes, vitoria pessoal enfim",0
igor_lima87,Rafael Rocha,professora de historia,2014-07-15 18:00:00,4449,607,480,160,0,0,alguem ai assistiu o jogo de ontem? que segundo tempo ate semana que vem (50),0
eduardo_silva,Juliana Lima,"pai do Theo, torcedor sofredor",2014-11-07 07:00:00,4335,6830,5000,300,0,0,recomendo muito esse restaurante novo no centro de Curitiba ate semana que vem (13),0
promo5469901,Invest Bot,,2026-07-18 15:10:00,63,24,1053,2273,1,0,Airdrop de cripto liberado! dobre seu investimento em 24h https://bit.ly/csgt5s,1
carla_rocha,Eduardo Silva,musico nos fins de semana,2017-12-25 19:00:00,3190,202,360,610,0,0,"bom dia, cafe e mais um dia de trabalho por aqui amanha continuo",0
lucas_rocha,Lucas Alves,,2026-03-16 07:00:00,188,2073,2907,198,0,0,alguem ai assistiu o jogo de ontem? que segundo tempo recomendo,0
igor_rocha,Rafael Silva,musico nos fins de semana,2013-06-07 04:00:00,4853,1451,1556,245,0,0,"treino feito, 6km hoje. devagar mas chegando que dia (21)",0
helena_silva,Igor Souza,"dev backend, cafe e gatos",2026-09-16 21:00:00,3,15,421,20,0,0,"treino feito, 6km hoje. devagar mas chegando no fim deu certo (89)",0
eduardo_lima,Carla Rocha,corredora amadora | 42k,2013-01-25 20:00:00,4985,416,409,494,0,0,"obrigada pelas mensagens de aniversario, gente valeu quem ajudou (50)",0
bruno_silva47,Gustavo Rocha,analista de dados em Goiania,2023-07-25 17:00:00,1152,158,105,305,0,0,dica pra quem estuda seguranca: pratique em laboratorio proprio coisa de louco,0
juliana_silva94,Juliana Silva,"dev backend, cafe e gatos",2013-03-03 00:00:00,4949,478,890,532,0,0,"bom dia, cafe e mais um dia de trabalho por aqui amanha continuo (41)",0
fernanda_rocha,Igor Lima,"pai do Theo, torcedor sofredor",2026-07-31 14:00:00,50,48,492,149,0,0,"consegui finalmente organizar a planilha do mes, vitoria pessoal no mais, tudo tranquilo (25)",0
nara_lima,Nara Lima,fotografa e mae de dois,2016-08-27 20:00:00,3675,586,1263,361,0,0,"consegui finalmente organizar a planilha do mes, vitoria pessoal no fim deu certo",0
invest4053043,Renda Extra 24h,,2026-03-02 15:58:00,201,23,2013,8999,1,0,Airdrop de cripto liberado! dobre seu investimento em 24h https://tinyurl.com/6fr5f7,1
ana_rocha52,Diego Silva,"dev backend, cafe e gatos",2025-04-05 02:00:00,533,132,288,103,0,0,"terminei de ler o livro que a Nara indicou, valeu a pena que dia (56)",0
lucas_silva,Diego Silva,"dev backend, cafe e gatos",2026-07-20 15:00:00,61,6,405,181,0,0,"chuva forte aqui em Belem hoje, transito parado no fim deu certo",0
nara_lima50,Lucas Alves,"pai do Theo, torcedor sofredor",2025-12-18 18:00:00,275,134,82,1328,0,0,"vagas limitadas no curso de bolo caseiro, chama no direct pra reservar",0
ana_silva75,Mariana Souza,analista de dados em Porto Alegre,2021-06-29 12:00:00,1909,256,244,746,0,0,"bom dia, cafe e mais um dia de trabalho por aqui (27)",0
helena_lima,Paula Alves,fotografa e mae de dois,2024-08-07 19:00:00,773,441,421,990,0,0,"treino feito, 6km hoje. devagar mas chegando no mais, tudo tranquilo",0
gustavo_alves93,Juliana Silva,professora de historia,2023-03-11 05:00:00,1289,59,31,359,0,0,"chuva forte aqui em Belem hoje, transito parado amanha continuo",0
lucro4903942,Invest Bot,,2026-02-03 15:54:00,228,24,1377,11213,1,0,"Sinal gratis de aposta, lucro garantido hoje!!! https://bit.ly/c1yqda",1
diego_alves3,Fernanda Alves,professora de historia,2016-08-20 12:00:00,3683,526,732,338,0,0,"consegui finalmente organizar a planilha do mes, vitoria pessoal enfim",0
gustavo_lima41,Gustavo Souza,corredora amadora | 42k,2013-07-26 21:00:00,4803,114,93,1339,0,0,"treino feito, 6km hoje. devagar mas chegando valeu quem ajudou",0
eduardo_alves21,Carla Lima,"dev backend, cafe e gatos",2021-05-25 19:00:00,1943,650,208,447,0,0,dica pra quem estuda seguranca: pratique em laboratorio proprio enfim (77),0
paula_lima67,Otavio Alves,"pai do Theo, torcedor sofredor",2019-03-03 14:00:00,2757,124,213,1233,0,0,"obrigada pelas mensagens de aniversario, gente amanha continuo (61)",0
otavio_rocha40,Eduardo Lima,analista de dados em Salvador,2013-01-10 00:00:00,5001,300,238,49,1,0,"treino feito, 6km hoje. devagar mas chegando no mais, tudo tranquilo (12)",0
carla_rocha,Otavio Lima,analista de dados em Salvador,2023-05-30 20:00:00,1208,18,27,1322,0,0,opiniao impopular: filme antigo e melhor que remake ate semana que vem (16),0
gustavo_souza81,Gustavo Silva,analista de dados em Salvador,2023-06-15 09:00:00,1193,171,307,607,0,0,"bom dia, cafe e mais um dia de trabalho por aqui valeu quem ajudou",0
promo164057,Renda Extra 24h,,2026-03-10 15:37:00,193,5,690,6590,1,0,SEGUIDORES GRATIS!!! siga de volta e me chama no whats https://encurtador.com.br/fpdbos,1
helena_rocha79,Rafael Souza,estudante de enfermagem,2013-01-25 01:00:00,4986,119,159,425,1,0,"terminei de ler o livro que a Helena indicou, valeu a pena no fim deu certo (34)",0
mariana_lima,Gustavo Alves,"pai do Theo, torcedor sofredor",2024-02-12 17:00:00,950,620,883,275,0,0,"chuva forte aqui em Sao Paulo hoje, transito parado no fim deu certo (53)",0
helena_rocha27,Paula Rocha,estudante de enfermagem,2018-12-11 20:00:00,2839,143,92,508,0,0,"treino feito, 6km hoje. devagar mas chegando valeu quem ajudou",0
nara_alves50,Eduardo Rocha,corredora amadora | 42k,2021-12-25 00:00:00,1730,699,498,79,0,0,dica pra quem estuda seguranca: pratique em laboratorio proprio amanha continuo (63),0
nara_lima,Paula Silva,,2016-11-11 07:00:00,3600,365,690,679,0,0,"obrigada pelas mensagens de aniversario, gente",0
paula_silva,Bruno Lima,musico nos fins de semana,2026-08-04 16:00:00,46,3,402,130,0,0,"chuva forte aqui em Salvador hoje, transito parado (86)",0
otavio_rocha,Paula Rocha,estudante de enfermagem,2020-06-23 18:00:00,2279,1054,2299,1263,1,0,dica pra quem estuda seguranca: pratique em laboratorio proprio ate semana que vem,0
helena_souza,Bruno Silva,estudante de enfermagem,2018-11-11 00:00:00,2870,1035,1263,90,0,0,alguem ai assistiu o jogo de ontem? que segundo tempo ate semana que vem,0
mariana_alves73,Diego Rocha,"dev backend, cafe e gatos",2021-11-09 23:00:00,1775,194,57,1265,0,0,opiniao impopular: filme antigo e melhor que remake depois conto o resto,0
juliana_souza,Gustavo Silva,professora de historia,2017-09-20 19:00:00,3286,139,92,1175,0,0,opiniao impopular: filme antigo e melhor que remake bora pra cima,0
otavio_silva91,Juliana Rocha,professora de historia,2022-01-26 20:00:00,1697,65,22,173,0,0,"obrigada pelas mensagens de aniversario, gente que dia",0
otavio_lima93,Nara Rocha,estudante de enfermagem,2015-08-28 08:00:00,4041,166,289,111,0,0,opiniao impopular: filme antigo e melhor que remake no fim deu certo,0
paula_souza2,Helena Neves,analista de dados em Sao Paulo,2024-01-17 21:00:00,976,278,294,351,0,0,"treino feito, 6km hoje. devagar mas chegando amanha continuo",1
promo913285,Invest Bot,,2026-06-03 14:40:00,108,5,2197,5561,1,0,SEGUIDORES GRATIS!!! siga de volta e me chama no whats https://encurtador.com.br/7yp6i6,1
promo2198692,Promo 999,,2026-07-18 16:10:00,63,3,2331,1571,1,0,Airdrop de cripto liberado! dobre seu investimento em 24h https://encurtador.com.br/je519a,1
ana1249019,Ana 7712,,2026-06-03 14:22:00,108,42,1697,6367,1,0,RENDA EXTRA de R$ 300 por dia!!! clique no link da bio e comece hoje https://encurtador.com.br/mn95eg,1
ana7574228,Ganhe 1000,,2026-03-10 14:06:00,193,25,1978,7202,1,0,"Sinal gratis de aposta, lucro garantido hoje!!! https://is.gd/vzbhvs",1
promo2373254,Ganhe 1000,,2026-02-03 13:57:00,228,44,2361,2823,1,0,RENDA EXTRA de R$ 300 por dia!!! clique no link da bio e comece hoje https://cutt.ly/n4d9ft,1
gustavo_lima,Lucas Souza,fotografa e mae de dois,2025-05-21 22:00:00,486,72,49,2917,0,0,"chuva forte aqui em Salvador hoje, transito parado recomendo",0
rafael_alves,Otavio Souza,estudante de enfermagem,2020-10-23 01:00:00,2158,365,266,308,0,0,recomendo muito esse restaurante novo no centro de Curitiba valeu quem ajudou (80),0
rafael_lima79,Mariana Rocha,"dev backend, cafe e gatos",2024-07-01 12:00:00,811,227,194,178,0,0,"treino feito, 6km hoje. devagar mas chegando valeu quem ajudou (68)",0
juliana_alves,Nara Souza,,2019-10-01 06:00:00,2546,382,477,7065,0,0,"chuva forte aqui em Salvador hoje, transito parado no fim deu certo (58)",0
nara_souza,Mariana Souza,corredora amadora | 42k,2015-07-18 22:00:00,4081,466,229,221,0,0,"obrigada pelas mensagens de aniversario, gente no fim deu certo",0
rafael_alves,Nara Silva,professora de historia,2024-09-02 20:00:00,747,510,132,601,0,0,"obrigada pelas mensagens de aniversario, gente coisa de louco (89)",0
ana_rocha,Eduardo Lima,corredora amadora | 42k,2018-01-21 07:00:00,3164,219,120,449,0,0,dica pra quem estuda seguranca: pratique em laboratorio proprio que dia (47),0
otavio_lima,Ana Souza,fotografa e mae de dois,2026-07-05 01:00:00,77,2,401,217,0,0,opiniao impopular: filme antigo e melhor que remake coisa de louco (55),0
igor_lima68,Mariana Alves,"pai do Theo, torcedor sofredor",2015-07-21 00:00:00,4079,68,54,642,0,0,"treino feito, 6km hoje. devagar mas chegando no mais, tudo tranquilo (49)",0
helena_lima70,Eduardo Lima,,2018-12-19 20:00:00,2831,214,112,188,0,0,dica pra quem estuda seguranca: pratique em laboratorio proprio valeu quem ajudou,0
eduardo_silva92,Lucas Silva,professora de historia,2022-06-29 16:00:00,1543,831,1482,152,0,0,"terminei de ler o livro que a Carla indicou, valeu a pena coisa de louco",0
helena_lima89,Nara Alves,fotografa e mae de dois,2026-09-13 11:00:00,7,2,400,25,0,0,"terminei de ler o livro que a Fernanda indicou, valeu a pena enfim (4)",0
ana_rocha13,Eduardo Silva,"dev backend, cafe e gatos",2012-08-01 14:00:00,5162,903,417,603,1,0,dica pra quem estuda seguranca: pratique em laboratorio proprio,0
juliana_silva29,Lucas Silva,fotografa e mae de dois,2024-12-29 00:00:00,630,1214,576,10095,0,0,"treino feito, 6km hoje. devagar mas chegando",0
otavio_alves45,Carla Alves,estudante de enfermagem,2018-06-08 22:00:00,3025,205,344,1412,0,0,"obrigada pelas mensagens de aniversario, gente que dia",0
ana7366816,Ana 7712,,2026-06-08 15:23:00,103,5,2005,5252,1,0,Airdrop de cripto liberado! dobre seu investimento em 24h https://cutt.ly/hkt82q,1
ganhe2200229,Ganhe 1000,,2026-03-02 12:02:00,201,2,1103,8899,1,0,SEGUIDORES GRATIS!!! siga de volta e me chama no whats https://bit.ly/2td1ks,1
gustavo_lima54,Juliana Silva,analista de dados em Recife,2025-04-18 08:00:00,520,56,100,697,0,0,"consegui finalmente organizar a planilha do mes, vitoria pessoal",0
helena_souza,Ana Silva,,2022-02-21 15:00:00,1671,142,225,160,0,0,dica pra quem estuda seguranca: pratique em laboratorio proprio amanha continuo,0
igor_silva3,Gustavo Lima,,2022-09-26 13:00:00,1454,350,499,340,0,0,"bom dia, cafe e mais um dia de trabalho por aqui valeu quem ajudou",0
juliana_silva70,Bruno Silva,,2015-08-26 22:00:00,4042,167,114,60,0,0,promocao de hoje na loja: cupom de 20% pra quem chegar antes do meio dia,0
fernanda_alves43,Gustavo Souza,musico nos fins de semana,2020-12-12 02:00:00,2108,1332,1440,761,0,0,"consegui finalmente organizar a planilha do mes, vitoria pessoal recomendo (15)",0
juliana_silva,Rafael Lima,"dev backend, cafe e gatos",2019-06-26 00:00:00,2643,304,509,2367,0,0,"obrigada pelas mensagens de aniversario, gente ate semana que vem",0
nara_rocha,Juliana Souza,,2022-10-26 12:00:00,1425,300,136,253,0,0,"terminei de ler o livro que a Nara indicou, valeu a pena enfim",0
invest7775920,Renda Extra 24h,,2026-03-02 16:10:00,201,11,1972,1853,1,0,"Sinal gratis de aposta, lucro garantido hoje!!! https://encurtador.com.br/blx7x8",1
helena_rocha,Fernanda Alves,professora de historia,2012-07-14 18:00:00,5180,179,292,156,0,0,"chuva forte aqui em Porto Alegre hoje, transito parado",0
rafael_souza73,Nara Rocha,,2016-02-05 12:00:00,3880,287,152,721,0,0,"bom dia, cafe e mais um dia de trabalho por aqui bora pra cima (30)",0
fernanda_alves,Mariana Silva,,2025-05-10 23:00:00,497,183,194,1010,0,0,"obrigada pelas mensagens de aniversario, gente valeu quem ajudou",0
rafael_lima,Igor Souza,"dev backend, cafe e gatos",2022-06-20 01:00:00,1553,855,1670,154,0,0,"terminei de ler o livro que a Igor indicou, valeu a pena que dia",0
otavio_silva,Rafael Alves,professora de historia,2012-08-21 15:00:00,5142,77,66,652,0,0,"bom dia, cafe e mais um dia de trabalho por aqui no fim deu certo",0
paula_souza90,Carla Alves,,2025-06-24 06:00:00,453,1022,1309,465,0,0,"bom dia, cafe e mais um dia de trabalho por aqui coisa de louco (23)",0
promo3062945,Promo 999,,2026-02-03 12:58:00,228,16,1399,11358,1,0,SEGUIDORES GRATIS!!! siga de volta e me chama no whats https://is.gd/ywys3i,1
juliana_lima26,Carla Silva,fotografa e mae de dois,2015-11-14 15:00:00,3962,633,1175,150,0,0,"terminei de ler o livro que a Helena indicou, valeu a pena",0
bruno_lima48,Igor Rocha,analista de dados em Curitiba,2020-07-12 19:00:00,2260,182,358,692,0,0,alguem ai assistiu o jogo de ontem? que segundo tempo,0
ana_rocha23,Otavio Silva,,2018-12-29 16:00:00,2821,112,33,881,0,0,"bom dia, cafe e mais um dia de trabalho por aqui coisa de louco (12)",0
igor_souza32,Ana Alves,analista de dados em Salvador,2018-10-27 02:00:00,2885,393,858,1373,0,0,"bom dia, cafe e mais um dia de trabalho por aqui bora pra cima",0
fernanda_lima52,Paula Souza,,2017-09-09 08:00:00,3298,780,312,146,0,0,"vagas limitadas no curso de bolo caseiro, chama no direct pra reservar",0
fernanda_alves7,Diego Lima,corredora amadora | 42k,2025-09-29 16:00:00,355,22,27,265,0,0,alguem ai assistiu o jogo de ontem? que segundo tempo enfim,0
eduardo_lima,Bruno Alves,fotografa e mae de dois,2017-07-23 05:00:00,3346,117,210,458,0,0,dica pra quem estuda seguranca: pratique em laboratorio proprio ate semana que vem,0
lucro3917297,Promo 999,,2026-02-03 14:54:00,228,4,2218,5332,1,0,"Sinal gratis de aposta, lucro garantido hoje!!! https://encurtador.com.br/at5aqx",1
nara_alves,Mariana Lima,musico nos fins de semana,2025-05-21 03:00:00,487,632,931,1141,0,0,alguem ai assistiu o jogo de ontem? que segundo tempo enfim,0
helena_silva,Helena Alves,estudante de enfermagem,2019-11-17 20:00:00,2498,140,37,1976,0,0,"terminei de ler o livro que a Paula indicou, valeu a pena no fim deu certo (9)",0
nara_silva98,Ana Silva,professora de historia,2018-10-08 00:00:00,2904,41,75,281,0,0,alguem ai assistiu o jogo de ontem? que segundo tempo depois conto o resto (74),0
rafael_rocha,Juliana Rocha,analista de dados em Curitiba,2026-07-16 11:00:00,66,7,414,203,0,0,"bom dia, cafe e mais um dia de trabalho por aqui bora pra cima",0
nara_silva68,Juliana Lima,,2020-04-30 19:00:00,2333,1280,1642,3010,0,0,alguem ai assistiu o jogo de ontem? que segundo tempo enfim,0
eduardo_rocha,Igor Alves,fotografa e mae de dois,2012-07-11 00:00:00,5184,1126,531,952,0,0,recomendo muito esse restaurante novo no centro de Goiania no fim deu certo,0
ana_souza39,Igor Prado,analista de dados em Goiania,2019-04-29 19:00:00,2700,87,63,360,0,0,"chuva forte aqui em Porto Alegre hoje, transito parado no fim deu certo",1
mariana_rocha56,Otavio Lima,estudante de enfermagem,2025-03-02 19:00:00,566,1356,2217,2986,0,0,dica pra quem estuda seguranca: pratique em laboratorio proprio valeu quem ajudou (33),0
igor_alves,Fernanda Souza,musico nos fins de semana,2020-08-16 19:00:00,2225,236,391,20,0,0,recomendo muito esse restaurante novo no centro de Goiania bora pra cima (80),0
eduardo_alves66,Rafael Silva,estudante de enfermagem,2014-03-31 15:00:00,4555,1460,776,326,0,0,opiniao impopular: filme antigo e melhor que remake valeu quem ajudou (94),0
nara_souza0,Helena Rocha,,2017-07-17 04:00:00,3352,94,33,693,0,0,alguem ai assistiu o jogo de ontem? que segundo tempo coisa de louco,0
fernanda_silva93,Paula Lima,corredora amadora | 42k,2014-11-08 12:00:00,4334,694,620,444,1,0,"consegui finalmente organizar a planilha do mes, vitoria pessoal no mais, tudo tranquilo",0
rafael_souza54,Igor Lima,analista de dados em Goiania,2025-06-17 08:00:00,460,351,655,43,0,0,opiniao impopular: filme antigo e melhor que remake ate semana que vem (92),0
igor_alves85,Juliana Souza,musico nos fins de semana,2020-02-13 23:00:00,2410,63,115,2833,0,0,recomendo muito esse restaurante novo no centro de Goiania coisa de louco,0
eduardo_silva,Lucas Rocha,analista de dados em Belem,2024-01-18 23:00:00,975,230,284,161,0,0,"bom dia, cafe e mais um dia de trabalho por aqui enfim",0
fernanda_silva88,Helena Rocha,estudante de enfermagem,2014-01-12 16:00:00,4633,207,88,132,0,0,recomendo muito esse restaurante novo no centro de Recife,0
ana_alves,Paula Lima,,2012-10-15 19:00:00,5087,88,160,422,0,0,"bom dia, cafe e mais um dia de trabalho por aqui que dia",0
gustavo_lima,Fernanda Alves,"dev backend, cafe e gatos",2025-06-11 15:00:00,465,795,1582,1405,0,0,"consegui finalmente organizar a planilha do mes, vitoria pessoal valeu quem ajudou",0
eduardo_alves,Fernanda Alves,professora de historia,2015-07-11 09:00:00,4089,1142,1960,1697,0,0,"consegui finalmente organizar a planilha do mes, vitoria pessoal coisa de louco (43)",0
nara_silva42,Carla Souza,analista de dados em Recife,2024-03-25 12:00:00,909,67,121,1115,1,0,"obrigada pelas mensagens de aniversario, gente amanha continuo",0
carla_rocha12,Bruno Rocha,analista de dados em Belem,2014-01-15 09:00:00,4631,31,17,566,1,0,recomendo muito esse restaurante novo no centro de Belem valeu quem ajudou,0
mariana_lima,Carla Souza,,2022-12-05 12:00:00,1385,37,45,908,0,0,dica pra quem estuda seguranca: pratique em laboratorio proprio ate semana que vem (31),0
ana_lima,Fernanda Rocha,fotografa e mae de dois,2013-08-10 04:00:00,4789,579,406,122,0,0,"treino feito, 6km hoje. devagar mas chegando que dia (61)",0
helena_rocha,Otavio Alves,,2026-07-22 21:00:00,59,13,428,197,0,0,alguem ai assistiu o jogo de ontem? que segundo tempo (9),0
fernanda_alves,Rafael Rocha,estudante de enfermagem,2025-10-04 09:00:00,351,1854,2564,1146,0,0,"obrigada pelas mensagens de aniversario, gente depois conto o resto (25)",0
nara_lima,Ana Lima,corredora amadora | 42k,2022-04-05 16:00:00,1628,37,46,1606,0,0,"bom dia, cafe e mais um dia de trabalho por aqui que dia (42)",0
juliana_silva,Gustavo Alves,analista de dados em Porto Alegre,2022-09-11 08:00:00,1470,394,630,955,0,0,"terminei de ler o livro que a Rafael indicou, valeu a pena amanha continuo",0
diego_rocha,Carla Souza,estudante de enfermagem,2018-11-17 19:00:00,2863,506,1050,6754,0,0,"treino feito, 6km hoje. devagar mas chegando no mais, tudo tranquilo (62)",0
otavio_lima76,Mariana Rocha,corredora amadora | 42k,2021-01-15 22:00:00,2073,235,148,188,0,0,"terminei de ler o livro que a Nara indicou, valeu a pena que dia",0
otavio_silva,Ana Rocha,"pai do Theo, torcedor sofredor",2021-09-25 21:00:00,1820,189,187,1788,0,0,"obrigada pelas mensagens de aniversario, gente ate semana que vem (67)",0
paula_silva14,Paula Rocha,"dev backend, cafe e gatos",2023-11-07 18:00:00,1047,298,399,814,0,0,"chuva forte aqui em Sao Paulo hoje, transito parado coisa de louco",0
gustavo_silva67,Lucas Souza,corredora amadora | 42k,2020-05-02 12:00:00,2332,338,402,270,0,0,alguem ai assistiu o jogo de ontem? que segundo tempo enfim,0
fernanda_lima,Gustavo Rocha,,2013-03-15 13:00:00,4936,143,198,333,0,0,"bom dia, cafe e mais um dia de trabalho por aqui recomendo",0
mariana_lima64,Nara Rocha,musico nos fins de semana,2021-05-30 06:00:00,1939,170,249,487,0,0,dica pra quem estuda seguranca: pratique em laboratorio proprio ate semana que vem (50),0
nara_souza,Juliana Lima,musico nos fins de semana,2021-07-07 09:00:00,1901,417,197,1504,0,0,"consegui finalmente organizar a planilha do mes, vitoria pessoal amanha continuo",0
ganhe4400409,Ana 7712,,2026-03-02 14:03:00,201,43,2892,9795,0,0,RENDA EXTRA de R$ 300 por dia!!! clique no link da bio e comece hoje https://bit.ly/5xusjn,1
rafael_souza,Fernanda Silva,musico nos fins de semana,2020-08-07 05:00:00,2235,729,1397,59,0,0,"treino feito, 6km hoje. devagar mas chegando coisa de louco (55)",0
gustavo_rocha,Ana Souza,analista de dados em Goiania,2015-10-26 07:00:00,3982,1564,1282,42,0,0,"treino feito, 6km hoje. devagar mas chegando bora pra cima",0
bruno_souza33,Eduardo Alves,"dev backend, cafe e gatos",2015-09-05 14:00:00,4032,5998,5000,176,0,0,"chuva forte aqui em Salvador hoje, transito parado no mais, tudo tranquilo (98)",0
lucas_silva,Otavio Souza,professora de historia,2019-05-24 09:00:00,2676,972,1434,216,0,0,"recomendo muito esse restaurante novo no centro de Sao Paulo no mais, tudo tranquilo (70)",0
bruno_lima42,Nara Silva,musico nos fins de semana,2022-04-23 04:00:00,1611,313,459,187,0,0,"treino feito, 6km hoje. devagar mas chegando depois conto o resto (57)",0
paula_alves,Rafael Rocha,estudante de enfermagem,2026-09-16 20:00:00,3,13,405,3,0,0,dica pra quem estuda seguranca: pratique em laboratorio proprio depois conto o resto,0
ana_souza,Fernanda Rocha,fotografa e mae de dois,2020-10-24 19:00:00,2156,119,257,109,0,0,"obrigada pelas mensagens de aniversario, gente amanha continuo",0
user1109106,Renda Extra 24h,,2026-07-18 12:48:00,63,12,2086,772,0,0,"GANHE DINHEIRO em casa!!! vagas limitadas, chama no direct agora https://tinyurl.com/gbf52v",1
bruno_alves49,Lucas Alves,"dev backend, cafe e gatos",2018-02-11 06:00:00,3143,583,319,366,0,0,"consegui finalmente organizar a planilha do mes, vitoria pessoal no mais, tudo tranquilo",0
diego_souza,Carla Silva,musico nos fins de semana,2026-03-23 07:00:00,181,112,100,1841,0,0,"obrigada pelas mensagens de aniversario, gente depois conto o resto",0
igor_souza4,Ana Alves,professora de historia,2018-05-20 23:00:00,3044,142,250,338,0,0,dica pra quem estuda seguranca: pratique em laboratorio proprio no fim deu certo (96),0
igor_silva10,Paula Rocha,,2025-03-29 21:00:00,539,430,689,1771,0,0,"treino feito, 6km hoje. devagar mas chegando",0
rafael_lima11,Igor Alves,"dev backend, cafe e gatos",2026-07-07 11:00:00,75,12,424,257,1,0,"treino feito, 6km hoje. devagar mas chegando no mais, tudo tranquilo",0
helena_alves65,Mariana Lima,"dev backend, cafe e gatos",2025-07-02 16:00:00,444,623,208,182,0,0,"chuva forte aqui em Goiania hoje, transito parado amanha continuo",0
diego_alves,Lucas Alves,fotografa e mae de dois,2017-10-14 20:00:00,3262,333,281,193,0,0,"chuva forte aqui em Porto Alegre hoje, transito parado coisa de louco",0
carla_rocha41,Carla Lima,analista de dados em Curitiba,2026-02-12 05:00:00,220,430,847,620,0,0,"renda extra? venha ser revendedora comigo, explico tudo https://cutt.ly/4r6pxv",0
ana_alves,Diego Alves,"pai do Theo, torcedor sofredor",2026-02-18 12:00:00,214,131,163,565,0,0,"bom dia, cafe e mais um dia de trabalho por aqui recomendo",0
juliana_alves40,Diego Lima,estudante de enfermagem,2014-08-14 23:00:00,4419,198,254,355,0,0,"chuva forte aqui em Goiania hoje, transito parado bora pra cima",0
paula_lima,Juliana Alves,analista de dados em Curitiba,2018-11-18 06:00:00,2863,79,22,510,0,0,alguem ai assistiu o jogo de ontem? que segundo tempo recomendo,0
lucas_lima,Gustavo Silva,analista de dados em Porto Alegre,2020-12-10 02:00:00,2110,760,1585,777,0,0,"obrigada pelas mensagens de aniversario, gente que dia",0
gustavo_lima,Otavio Silva,fotografa e mae de dois,2019-01-23 15:00:00,2796,349,586,437,0,0,dica pra quem estuda seguranca: pratique em laboratorio proprio no fim deu certo (94),0
nara_silva,Ana Lima,professora de historia,2026-08-21 15:00:00,29,13,417,91,0,0,opiniao impopular: filme antigo e melhor que remake depois conto o resto,0
ana_silva73,Carla Souza,musico nos fins de semana,2013-06-01 14:00:00,4858,277,444,154,0,0,"treino feito, 6km hoje. devagar mas chegando depois conto o resto",0
carla_souza,Otavio Alves,estudante de enfermagem,2018-10-23 13:00:00,2888,180,316,88,0,0,alguem ai assistiu o jogo de ontem? que segundo tempo bora pra cima (70),0
igor_rocha,Gustavo Neves,corredora amadora | 42k,2018-12-18 11:00:00,2833,147,181,144,0,0,dica pra quem estuda seguranca: pratique em laboratorio proprio,1
igor_silva16,Otavio Lima,analista de dados em Recife,2017-12-04 17:00:00,3211,2938,2804,3885,0,0,"obrigada pelas mensagens de aniversario, gente depois conto o resto",0
mariana_souza14,Carla Rocha,professora de historia,2017-07-31 15:00:00,3337,808,909,607,0,0,alguem ai assistiu o jogo de ontem? que segundo tempo coisa de louco (30),0
eduardo_souza,Ana Lima,estudante de enfermagem,2012-07-11 02:00:00,5184,335,319,5649,0,0,"obrigada pelas mensagens de aniversario, gente depois conto o resto",0
fernanda_rocha97,Paula Silva,analista de dados em Recife,2013-11-12 03:00:00,4695,93,201,186,0,0,"renda extra? venha ser revendedora comigo, explico tudo https://is.gd/wujelk",0
ganhe8784932,Ganhe 1000,,2026-06-03 14:49:00,108,2,2381,3179,1,0,"Sinal gratis de aposta, lucro garantido hoje!!! https://is.gd/aayyxj",1
otavio_souza1,Helena Alves,analista de dados em Porto Alegre,2013-10-15 21:00:00,4722,95,196,186,1,0,"bom dia, cafe e mais um dia de trabalho por aqui depois conto o resto",0
mariana_alves,Carla Souza,"dev backend, cafe e gatos",2026-05-22 20:00:00,120,143,137,120,0,0,recomendo muito esse restaurante novo no centro de Belem ate semana que vem,0
ana_lima,Gustavo Rocha,professora de historia,2020-12-30 00:00:00,2090,81,112,86,0,0,alguem ai assistiu o jogo de ontem? que segundo tempo valeu quem ajudou,0
promo7063973,Ganhe 1000,,2026-03-10 14:13:00,193,32,1641,9304,1,0,SEGUIDORES GRATIS!!! siga de volta e me chama no whats https://is.gd/h4pfmx,1
bruno_rocha75,Otavio Souza,estudante de enfermagem,2026-01-11 08:00:00,252,414,172,1641,0,0,"obrigada pelas mensagens de aniversario, gente no fim deu certo",0
diego_rocha66,Ana Silva,corredora amadora | 42k,2015-08-12 00:00:00,4057,192,198,100,0,0,dica pra quem estuda seguranca: pratique em laboratorio proprio valeu quem ajudou (69),0
helena_alves,Ana Silva,analista de dados em Recife,2017-10-05 08:00:00,3272,1125,2385,4779,0,0,alguem ai assistiu o jogo de ontem? que segundo tempo depois conto o resto,0
diego_lima,Gustavo Rocha,"dev backend, cafe e gatos",2014-07-13 21:00:00,4451,205,198,745,0,0,"chuva forte aqui em Curitiba hoje, transito parado ate semana que vem",0
carla_lima,Igor Rocha,estudante de enfermagem,2023-02-27 23:00:00,1300,111,150,310,0,0,"chuva forte aqui em Curitiba hoje, transito parado valeu quem ajudou (98)",0
eduardo_silva,Nara Lima,estudante de enfermagem,2021-09-01 06:00:00,1845,151,223,458,0,0,recomendo muito esse restaurante novo no centro de Porto Alegre amanha continuo,0
helena_rocha60,Helena Alves,corredora amadora | 42k,2015-12-22 12:00:00,3925,735,1343,850,0,0,"terminei de ler o livro que a Fernanda indicou, valeu a pena recomendo (37)",0
carla_rocha,Eduardo Souza,analista de dados em Goiania,2018-12-29 20:00:00,2821,48,89,2406,0,0,alguem ai assistiu o jogo de ontem? que segundo tempo que dia,0
lucas_rocha48,Igor Rocha,fotografa e mae de dois,2015-10-19 07:00:00,3989,630,664,669,0,0,dica pra quem estuda seguranca: pratique em laboratorio proprio coisa de louco (19),0
lucro7886060,Renda Extra 24h,,2026-06-03 13:30:00,108,3,1831,5856,1,0,SEGUIDORES GRATIS!!! siga de volta e me chama no whats https://bit.ly/r3b3ao,1
lucro496664,Promo 999,,2026-06-08 14:14:00,103,0,2431,5362,1,0,"Sinal gratis de aposta, lucro garantido hoje!!! https://encurtador.com.br/vhlkto",1
juliana_silva,Ana Lima,analista de dados em Porto Alegre,2026-05-01 21:00:00,141,150,192,479,0,0,"chuva forte aqui em Porto Alegre hoje, transito parado enfim (95)",0
ana_lima,Otavio Souza,analista de dados em Recife,2021-08-21 18:00:00,1855,493,797,114,1,0,promocao de hoje na loja: cupom de 20% pra quem chegar antes do meio dia,0
helena_silva,Paula Rocha,,2026-09-12 11:00:00,8,3,400,58,0,0,"treino feito, 6km hoje. devagar mas chegando no mais, tudo tranquilo",0
fernanda_silva7,Rafael Alves,"dev backend, cafe e gatos",2022-04-26 05:00:00,1608,15,13,758,0,0,opiniao impopular: filme antigo e melhor que remake ate semana que vem (89),0
paula_silva,Paula Souza,corredora amadora | 42k,2022-05-08 08:00:00,1596,589,443,144,0,0,"consegui finalmente organizar a planilha do mes, vitoria pessoal valeu quem ajudou",0
carla_souza41,Gustavo Alves,"pai do Theo, torcedor sofredor",2022-08-27 01:00:00,1485,124,88,2113,0,0,"vagas limitadas no curso de bolo caseiro, chama no direct pra reservar",0
eduardo_alves64,Igor Alves,corredora amadora | 42k,2014-04-19 06:00:00,4537,16,28,208,0,0,dica pra quem estuda seguranca: pratique em laboratorio proprio bora pra cima (59),0
otavio_silva,Lucas Lima,professora de historia,2026-08-25 11:00:00,26,28,412,39,0,0,"obrigada pelas mensagens de aniversario, gente no fim deu certo",0
lucro9812534,Invest Bot,,2026-06-03 15:12:00,108,9,1916,5459,1,0,"Sinal gratis de aposta, lucro garantido hoje!!! https://bit.ly/n6th5f",1
helena_lima52,Gustavo Souza,analista de dados em Goiania,2023-12-28 18:00:00,996,244,90,485,0,0,"obrigada pelas mensagens de aniversario, gente enfim",0
helena_silva,Rafael Alves,estudante de enfermagem,2026-03-01 14:00:00,202,28,12,1172,0,0,dica pra quem estuda seguranca: pratique em laboratorio proprio (82),0
fernanda_silva,Ana Lima,,2012-09-19 18:00:00,5113,524,288,814,0,0,"terminei de ler o livro que a Igor indicou, valeu a pena ate semana que vem",0
user398803,Ganhe 1000,link na bio https://encurtador.com.br/g4irhe,2026-06-03 12:57:00,108,11,1959,4418,1,0,"Sinal gratis de aposta, lucro garantido hoje!!! https://encurtador.com.br/g4irhe",1
rafael_alves,Gustavo Rocha,corredora amadora | 42k,2021-06-11 15:00:00,1926,173,75,270,0,0,dica pra quem estuda seguranca: pratique em laboratorio proprio recomendo,0
bruno_silva,Lucas Silva,corredora amadora | 42k,2018-06-14 23:00:00,3019,285,442,150,0,0,"chuva forte aqui em Porto Alegre hoje, transito parado depois conto o resto (68)",0
lucas_rocha,Gustavo Lima,,2024-10-04 09:00:00,716,247,343,364,0,0,"vagas limitadas no curso de bolo caseiro, chama no direct pra reservar",0
diego_souza,Eduardo Rocha,"pai do Theo, torcedor sofredor",2013-10-27 21:00:00,4710,15,23,59,0,0,dica pra quem estuda seguranca: pratique em laboratorio proprio que dia,0
diego_silva,Carla Martins,professora de historia,2023-08-31 17:00:00,1115,1036,1606,242,1,0,melhor serie do ano sem discussao bora pra cima,1
ana_silva94,Fernanda Silva,estudante de enfermagem,2022-10-26 22:00:00,1424,42,61,203,0,0,alguem ai assistiu o jogo de ontem? que segundo tempo no fim deu certo,0
diego_rocha,Lucas Alves,estudante de enfermagem,2021-05-25 18:00:00,1943,118,110,1155,0,0,"alguem ai assistiu o jogo de ontem? que segundo tempo no mais, tudo tranquilo",0
carla_silva,Bruno Lima,estudante de enfermagem,2025-08-06 15:00:00,409,406,148,516,0,0,"alguem ai assistiu o jogo de ontem? que segundo tempo no mais, tudo tranquilo (98)",0
carla_souza,Ana Alves,"pai do Theo, torcedor sofredor",2023-06-15 18:00:00,1192,129,250,292,0,0,dica pra quem estuda seguranca: pratique em laboratorio proprio depois conto o resto,0
fernanda_lima,Nara Silva,"dev backend, cafe e gatos",2024-12-21 19:00:00,637,75,46,80,0,0,alguem ai assistiu o jogo de ontem? que segundo tempo recomendo (47),0
fernanda_rocha,Juliana Souza,estudante de enfermagem,2020-12-02 10:00:00,2118,54,103,1049,0,0,"chuva forte aqui em Salvador hoje, transito parado depois conto o resto (55)",0
fernanda_silva,Helena Rocha,corredora amadora | 42k,2014-02-19 08:00:00,4596,195,66,2793,0,0,opiniao impopular: filme antigo e melhor que remake enfim,0
gustavo_rocha65,Juliana Silva,analista de dados em Sao Paulo,2022-06-10 14:00:00,1562,110,52,101,0,0,alguem ai assistiu o jogo de ontem? que segundo tempo bora pra cima (58),0
ana9562310,Invest Bot,,2025-10-13 14:25:00,341,7,1801,4346,0,0,"Cupom exclusivo de R$ 200, ultimas vagas, clique no link https://is.gd/0jobk3",1
igor_silva,Ana Alves,analista de dados em Porto Alegre,2023-08-06 19:00:00,1140,20,39,4216,0,0,"consegui finalmente organizar a planilha do mes, vitoria pessoal enfim",0
otavio_silva,Fernanda Souza,analista de dados em Goiania,2020-09-03 21:00:00,2207,1047,329,1249,1,0,recomendo muito esse restaurante novo no centro de Goiania enfim (8),0
juliana_alves,Lucas Silva,musico nos fins de semana,2022-08-01 02:00:00,1511,98,161,1668,1,0,promocao de hoje na loja: cupom de 20% pra quem chegar antes do meio dia,0
carla_alves45,Igor Souza,"pai do Theo, torcedor sofredor",2017-06-13 16:00:00,3385,145,134,940,0,0,"opiniao impopular: filme antigo e melhor que remake no mais, tudo tranquilo (98)",0
mariana_souza,Carla Lima,,2023-11-07 17:00:00,1047,378,755,597,0,0,opiniao impopular: filme antigo e melhor que remake enfim,0
lucro5200609,Renda Extra 24h,,2026-06-03 13:25:00,108,13,1884,3574,1,0,RENDA EXTRA de R$ 300 por dia!!! clique no link da bio e comece hoje https://bit.ly/y4p8ch,1
igor_souza,Eduardo Lima,,2012-07-25 22:00:00,5169,126,61,1186,1,0,recomendo muito esse restaurante novo no centro de Salvador que dia (13),0
paula_alves,Helena Alves,fotografa e mae de dois,2022-07-17 23:00:00,1525,258,403,421,0,0,"treino feito, 6km hoje. devagar mas chegando amanha continuo",0
mariana_rocha,Carla Alves,estudante de enfermagem,2018-06-20 15:00:00,3013,301,611,1724,0,0,"consegui finalmente organizar a planilha do mes, vitoria pessoal no mais, tudo tranquilo (55)",0
juliana_silva36,Mariana Silva,musico nos fins de semana,2026-07-24 06:00:00,58,29,456,172,0,0,alguem ai assistiu o jogo de ontem? que segundo tempo ate semana que vem,0
carla_lima,Ana Silva,analista de dados em Curitiba,2014-11-15 04:00:00,4327,582,791,82,0,0,alguem ai assistiu o jogo de ontem? que segundo tempo no fim deu certo (44),0
juliana_souza14,Helena Silva,"dev backend, cafe e gatos",2021-07-09 10:00:00,1899,760,896,1418,0,0,"bom dia, cafe e mais um dia de trabalho por aqui no mais, tudo tranquilo (89)",0
gustavo_alves12,Fernanda Rocha,"pai do Theo, torcedor sofredor",2026-05-05 20:00:00,137,655,357,837,0,0,opiniao impopular: filme antigo e melhor que remake,0
lucas_rocha44,Mariana Rocha,fotografa e mae de dois,2024-10-22 22:00:00,697,339,642,675,0,0,recomendo muito esse restaurante novo no centro de Curitiba depois conto o resto,0
mariana_souza30,Bruno Alves,estudante de enfermagem,2020-06-25 12:00:00,2278,310,88,326,0,0,"terminei de ler o livro que a Rafael indicou, valeu a pena valeu quem ajudou (83)",0
igor_rocha,Bruno Rocha,estudante de enfermagem,2021-11-10 21:00:00,1774,184,194,148,0,0,alguem ai assistiu o jogo de ontem? que segundo tempo,0
helena_alves44,Mariana Alves,analista de dados em Salvador,2014-10-21 10:00:00,4352,727,1083,667,0,0,"bom dia, cafe e mais um dia de trabalho por aqui no fim deu certo (53)",0
bruno_souza,Bruno Silva,"pai do Theo, torcedor sofredor",2013-11-14 21:00:00,4692,372,337,1028,1,0,opiniao impopular: filme antigo e melhor que remake enfim (77),0
carla_silva30,Bruno Alves,estudante de enfermagem,2026-08-19 10:00:00,32,16,413,88,0,0,"obrigada pelas mensagens de aniversario, gente bora pra cima",0
paula_alves52,Igor Lima,corredora amadora | 42k,2025-04-14 01:00:00,524,3198,2902,196,0,0,"consegui finalmente organizar a planilha do mes, vitoria pessoal no mais, tudo tranquilo",0
bruno_silva93,Mariana Lima,professora de historia,2013-04-04 12:00:00,4917,171,257,1436,0,0,"chuva forte aqui em Curitiba hoje, transito parado que dia",0
fernanda_lima,Lucas Rocha,"pai do Theo, torcedor sofredor",2025-07-20 06:00:00,427,260,310,517,0,0,"bom dia, cafe e mais um dia de trabalho por aqui amanha continuo (91)",0
paula_lima0,Eduardo Souza,professora de historia,2018-12-21 02:00:00,2830,108,59,375,0,0,recomendo muito esse restaurante novo no centro de Recife depois conto o resto,0
gustavo_alves20,Gustavo Souza,professora de historia,2015-05-13 20:00:00,4147,48,39,602,0,0,"treino feito, 6km hoje. devagar mas chegando que dia",0
juliana_silva52,Otavio Rocha,estudante de enfermagem,2015-10-06 18:00:00,4001,845,753,199,0,0,dica pra quem estuda seguranca: pratique em laboratorio proprio coisa de louco,0
mariana_rocha,Bruno Alves,corredora amadora | 42k,2014-05-05 03:00:00,4521,710,940,144,0,0,"chuva forte aqui em Goiania hoje, transito parado no fim deu certo (80)",0
bruno_silva41,Lucas Souza,corredora amadora | 42k,2022-01-07 03:00:00,1717,92,58,2824,0,0,"obrigada pelas mensagens de aniversario, gente no mais, tudo tranquilo",0
fernanda_souza,Carla Souza,corredora amadora | 42k,2022-06-13 08:00:00,1560,110,228,1124,1,0,"treino feito, 6km hoje. devagar mas chegando no mais, tudo tranquilo",0
gustavo_souza,Gustavo Lima,estudante de enfermagem,2014-08-24 21:00:00,4409,235,263,4760,0,1,"chuva forte aqui em Recife hoje, transito parado enfim (6)",0
mariana_alves85,Mariana Lima,,2023-09-25 23:00:00,1090,876,759,477,0,0,"chuva forte aqui em Porto Alegre hoje, transito parado amanha continuo",0
mariana_souza66,Carla Souza,fotografa e mae de dois,2017-03-24 12:00:00,3467,152,73,339,0,0,"terminei de ler o livro que a Helena indicou, valeu a pena que dia (16)",0
eduardo_souza,Carla Alves,estudante de enfermagem,2026-02-16 20:00:00,215,67,59,455,0,0,"treino feito, 6km hoje. devagar mas chegando no mais, tudo tranquilo",0
mariana_souza,Helena Alves,estudante de enfermagem,2020-09-12 12:00:00,2199,533,1022,981,0,0,"renda extra? venha ser revendedora comigo, explico tudo https://encurtador.com.br/7r35pe",0
igor_lima9,Helena Lima,corredora amadora | 42k,2024-08-02 08:00:00,779,1394,2338,474,0,0,dica pra quem estuda seguranca: pratique em laboratorio proprio depois conto o resto (12),0
ana_silva58,Gustavo Silva,estudante de enfermagem,2016-06-16 11:00:00,3748,387,236,2135,0,0,"consegui finalmente organizar a planilha do mes, vitoria pessoal no fim deu certo",0
otavio_lima,Igor Souza,"dev backend, cafe e gatos",2020-02-09 00:00:00,2415,260,399,532,0,0,"obrigada pelas mensagens de aniversario, gente coisa de louco (40)",0
otavio_souza,Mariana Lima,,2018-01-18 01:00:00,3167,432,162,768,0,0,"obrigada pelas mensagens de aniversario, gente enfim",0
juliana_rocha,Bruno Silva,,2021-06-10 03:00:00,1928,298,543,827,0,0,dica pra quem estuda seguranca: pratique em laboratorio proprio enfim,0
ana_rocha54,Fernanda Alves,musico nos fins de semana,2013-09-09 16:00:00,4758,408,799,173,0,0,"terminei de ler o livro que a Igor indicou, valeu a pena no fim deu certo",0
lucas_silva,Bruno Martins,professora de historia,2024-02-26 05:00:00,937,45,40,494,0,0,melhor serie do ano sem discussao ate semana que vem,1
otavio_lima,Eduardo Alves,musico nos fins de semana,2014-02-10 05:00:00,4605,65,96,1450,0,0,"chuva forte aqui em Goiania hoje, transito parado coisa de louco",0
lucas_lima,Diego Lima,corredora amadora | 42k,2025-06-16 09:00:00,461,35,26,31,0,0,alguem ai assistiu o jogo de ontem? que segundo tempo no fim deu certo (49),0
helena_lima46,Fernanda Alves,estudante de enfermagem,2021-04-01 09:00:00,1998,224,148,2073,0,0,alguem ai assistiu o jogo de ontem? que segundo tempo ate semana que vem,0
juliana_lima87,Otavio Lima,"pai do Theo, torcedor sofredor",2017-03-12 05:00:00,3479,1373,1424,233,0,0,"chuva forte aqui em Recife hoje, transito parado depois conto o resto",0
lucro3786472,Renda Extra 24h,link na bio https://bit.ly/wlec2d,2026-03-10 14:32:00,193,16,2796,8180,0,0,"Cupom exclusivo de R$ 200, ultimas vagas, clique no link https://bit.ly/wlec2d",1
igor_silva,Carla Silva,"dev backend, cafe e gatos",2021-04-01 14:00:00,1997,441,851,322,0,0,"obrigada pelas mensagens de aniversario, gente bora pra cima",0
lucro4596663,Ganhe 1000,,2026-06-03 12:20:00,108,11,2293,2900,1,0,SEGUIDORES GRATIS!!! siga de volta e me chama no whats https://bit.ly/fsuiuj,1
rafael_silva79,Igor Silva,musico nos fins de semana,2024-02-13 18:00:00,949,203,225,53,0,0,dica pra quem estuda seguranca: pratique em laboratorio proprio que dia (50),0
bruno_silva51,Paula Lima,corredora amadora | 42k,2014-05-10 01:00:00,4516,93,167,434,0,0,"dica pra quem estuda seguranca: pratique em laboratorio proprio no mais, tudo tranquilo",0
rafael_souza46,Rafael Alves,professora de historia,2018-08-03 00:00:00,2970,307,611,804,0,0,"terminei de ler o livro que a Paula indicou, valeu a pena coisa de louco (96)",0
fernanda_lima,Helena Rocha,professora de historia,2024-03-03 06:00:00,931,61,24,147,0,0,opiniao impopular: filme antigo e melhor que remake valeu quem ajudou (17),0
paula_silva,Mariana Lima,"dev backend, cafe e gatos",2023-09-29 01:00:00,1087,419,902,146,0,0,"treino feito, 6km hoje. devagar mas chegando (93)",0
rafael_lima,Fernanda Rocha,"dev backend, cafe e gatos",2026-08-19 03:00:00,32,2,401,118,0,0,dica pra quem estuda seguranca: pratique em laboratorio proprio amanha continuo,0
helena_souza80,Juliana Alves,"dev backend, cafe e gatos",2026-03-17 23:00:00,186,106,46,1288,0,0,"dica pra quem estuda seguranca: pratique em laboratorio proprio no mais, tudo tranquilo (51)",0
helena_lima,Carla Lima,fotografa e mae de dois,2026-08-13 06:00:00,38,7,411,91,0,0,alguem ai assistiu o jogo de ontem? que segundo tempo bora pra cima,0
gustavo_lima,Lucas Silva,musico nos fins de semana,2018-02-07 08:00:00,3147,643,195,720,1,0,"chuva forte aqui em Porto Alegre hoje, transito parado amanha continuo",0
bruno_rocha71,Gustavo Silva,,2026-04-09 01:00:00,164,390,704,76,0,0,recomendo muito esse restaurante novo no centro de Porto Alegre,0
fernanda_rocha61,Lucas Silva,fotografa e mae de dois,2021-11-02 07:00:00,1783,294,107,2793,0,0,"terminei de ler o livro que a Fernanda indicou, valeu a pena coisa de louco (31)",0
paula_lima94,Igor Lima,fotografa e mae de dois,2024-02-10 10:00:00,953,1279,1065,100,0,0,"terminei de ler o livro que a Fernanda indicou, valeu a pena amanha continuo (75)",0
fernanda_alves,Otavio Souza,musico nos fins de semana,2013-11-28 14:00:00,4678,56,17,412,0,0,"obrigada pelas mensagens de aniversario, gente coisa de louco (32)",0
bruno_souza51,Ana Rocha,analista de dados em Sao Paulo,2022-09-24 03:00:00,1457,1999,1695,792,0,0,"vagas limitadas no curso de bolo caseiro, chama no direct pra reservar",0
carla_souza73,Diego Lima,estudante de enfermagem,2026-08-07 10:00:00,44,4,403,147,0,1,"obrigada pelas mensagens de aniversario, gente bora pra cima (38)",0
nara_souza,Carla Rocha,estudante de enfermagem,2026-07-31 11:00:00,51,6,407,137,0,0,alguem ai assistiu o jogo de ontem? que segundo tempo enfim,0
ana_rocha53,Eduardo Alves,musico nos fins de semana,2020-03-11 19:00:00,2383,152,180,1200,0,0,"terminei de ler o livro que a Ana indicou, valeu a pena que dia (66)",0
otavio_silva67,Diego Silva,estudante de enfermagem,2026-09-10 11:00:00,10,12,421,27,0,0,dica pra quem estuda seguranca: pratique em laboratorio proprio ate semana que vem (80),0
otavio_alves7,Lucas Souza,"pai do Theo, torcedor sofredor",2020-03-06 20:00:00,2388,1477,2150,284,0,0,opiniao impopular: filme antigo e melhor que remake que dia,0
fernanda_rocha34,Otavio Alves,fotografa e mae de dois,2026-09-03 07:00:00,17,9,411,93,0,0,"consegui finalmente organizar a planilha do mes, vitoria pessoal que dia",0
diego_silva21,Juliana Silva,professora de historia,2015-10-14 07:00:00,3994,155,89,366,0,0,"bom dia, cafe e mais um dia de trabalho por aqui depois conto o resto",0
diego_silva,Juliana Rocha,musico nos fins de semana,2021-04-30 16:00:00,1968,810,290,363,0,0,"treino feito, 6km hoje. devagar mas chegando recomendo (71)",0
mariana_silva,Fernanda Lima,"dev backend, cafe e gatos",2017-04-11 00:00:00,3449,87,91,128,0,0,dica pra quem estuda seguranca: pratique em laboratorio proprio ate semana que vem,0
fernanda_silva6,Paula Souza,corredora amadora | 42k,2026-07-02 21:00:00,79,5,408,234,0,0,"obrigada pelas mensagens de aniversario, gente depois conto o resto",0
rafael_souza3,Paula Neves,musico nos fins de semana,2019-06-24 20:00:00,2644,751,1376,1263,0,0,"bom dia, cafe e mais um dia de trabalho por aqui recomendo",1
gustavo_lima96,Helena Silva,,2014-03-25 21:00:00,4561,94,88,965,0,0,opiniao impopular: filme antigo e melhor que remake ate semana que vem (61),0
ana_rocha59,Fernanda Martins,analista de dados em Sao Paulo,2023-02-26 17:00:00,1301,504,378,1158,0,0,"bom dia a todos, foco na meta da semana no mais, tudo tranquilo",1
otavio_lima,Helena Silva,fotografa e mae de dois,2026-05-13 13:00:00,129,175,207,702,0,0,alguem ai assistiu o jogo de ontem? que segundo tempo que dia,0
ana_alves,Lucas Lima,analista de dados em Goiania,2014-11-24 11:00:00,4318,281,511,507,0,0,"bom dia, cafe e mais um dia de trabalho por aqui que dia (25)",0
lucas_lima93,Otavio Rocha,estudante de enfermagem,2025-12-02 09:00:00,292,485,634,105,0,0,"bom dia, cafe e mais um dia de trabalho por aqui no fim deu certo (58)",0
diego_silva,Bruno Silva,fotografa e mae de dois,2026-07-20 03:00:00,62,43,418,156,0,0,"terminei de ler o livro que a Bruno indicou, valeu a pena no fim deu certo",0
igor_silva16,Paula Lima,professora de historia,2023-11-07 23:00:00,1047,123,140,1513,0,0,alguem ai assistiu o jogo de ontem? que segundo tempo bora pra cima (57),0
bruno_silva25,Igor Lima,"dev backend, cafe e gatos",2019-02-08 12:00:00,2781,246,477,149,0,0,"treino feito, 6km hoje. devagar mas chegando amanha continuo (87)",0
eduardo_silva,Diego Rocha,"dev backend, cafe e gatos",2015-11-01 20:00:00,3975,27,57,759,0,0,dica pra quem estuda seguranca: pratique em laboratorio proprio que dia,0
gustavo_silva30,Fernanda Souza,analista de dados em Porto Alegre,2024-08-19 17:00:00,761,68,135,379,0,0,"treino feito, 6km hoje. devagar mas chegando recomendo (58)",0
eduardo_souza50,Juliana Rocha,musico nos fins de semana,2026-08-02 10:00:00,49,3,402,145,0,0,opiniao impopular: filme antigo e melhor que remake enfim,0
diego_rocha,Juliana Lima,estudante de enfermagem,2026-05-02 10:00:00,141,224,72,511,0,0,"terminei de ler o livro que a Eduardo indicou, valeu a pena amanha continuo",0
juliana_rocha,Mariana Silva,corredora amadora | 42k,2013-03-22 11:00:00,4930,573,527,237,0,0,"chuva forte aqui em Sao Paulo hoje, transito parado recomendo (78)",0
fernanda_souza44,Fernanda Rocha,"pai do Theo, torcedor sofredor",2016-06-20 15:00:00,3743,41,28,277,0,0,recomendo muito esse restaurante novo no centro de Goiania coisa de louco,0
lucas_rocha,Juliana Rocha,musico nos fins de semana,2017-03-11 16:00:00,3479,1099,1751,1000,0,0,"consegui finalmente organizar a planilha do mes, vitoria pessoal no mais, tudo tranquilo (51)",0
bruno_silva52,Diego Prado,musico nos fins de semana,2022-11-06 09:00:00,1414,507,439,550,0,0,"concordo demais com esse ponto, precisa ser dito coisa de louco",1
igor_souza,Lucas Prado,musico nos fins de semana,2019-11-10 01:00:00,2506,284,391,3192,0,0,"bom dia a todos, foco na meta da semana",1
rafael_lima51,Mariana Lima,fotografa e mae de dois,2025-08-15 19:00:00,400,79,110,983,0,0,"consegui finalmente organizar a planilha do mes, vitoria pessoal amanha continuo",0
rafael_alves93,Juliana Rocha,"pai do Theo, torcedor sofredor",2025-05-12 15:00:00,495,1366,1153,1833,0,0,"terminei de ler o livro que a Carla indicou, valeu a pena valeu quem ajudou (32)",0
rafael_alves30,Lucas Rocha,corredora amadora | 42k,2020-10-29 22:00:00,2151,125,273,1682,0,0,"consegui finalmente organizar a planilha do mes, vitoria pessoal amanha continuo (54)",0
user2029104,Renda Extra 24h,,2026-06-03 15:58:00,108,9,1781,2981,1,0,"Cupom exclusivo de R$ 200, ultimas vagas, clique no link https://cutt.ly/mct3o5",1
bruno_silva85,Nara Lima,fotografa e mae de dois,2019-04-18 13:00:00,2711,19,15,639,0,0,recomendo muito esse restaurante novo no centro de Porto Alegre no fim deu certo,0
lucas_souza,Fernanda Rocha,"dev backend, cafe e gatos",2021-06-02 16:00:00,1935,84,94,2515,0,0,opiniao impopular: filme antigo e melhor que remake amanha continuo,0
carla_souza,Juliana Lima,"dev backend, cafe e gatos",2014-02-14 15:00:00,4600,2922,1292,565,0,0,"bom dia, cafe e mais um dia de trabalho por aqui coisa de louco (9)",0
rafael_alves49,Gustavo Rocha,analista de dados em Goiania,2025-08-06 04:00:00,410,123,61,683,0,0,"consegui finalmente organizar a planilha do mes, vitoria pessoal que dia",0
juliana_lima94,Gustavo Souza,professora de historia,2024-10-20 12:00:00,700,87,64,108,0,0,"bom dia, cafe e mais um dia de trabalho por aqui valeu quem ajudou",0
fernanda_alves,Igor Souza,analista de dados em Sao Paulo,2018-05-14 15:00:00,3050,94,34,2665,0,0,"bom dia, cafe e mais um dia de trabalho por aqui depois conto o resto",0
juliana_alves97,Helena Rocha,analista de dados em Belem,2017-06-03 10:00:00,3396,128,136,251,0,0,"renda extra? venha ser revendedora comigo, explico tudo https://encurtador.com.br/g869d8",0
paula_rocha40,Eduardo Silva,"pai do Theo, torcedor sofredor",2023-08-03 21:00:00,1143,277,565,1500,0,0,alguem ai assistiu o jogo de ontem? que segundo tempo bora pra cima,0
lucas_souza39,Juliana Rocha,musico nos fins de semana,2012-07-14 23:00:00,5180,55,16,130,0,0,"consegui finalmente organizar a planilha do mes, vitoria pessoal valeu quem ajudou",0
gustavo_lima,Eduardo Lima,"dev backend, cafe e gatos",2013-04-13 09:00:00,4908,570,726,2174,0,0,recomendo muito esse restaurante novo no centro de Goiania coisa de louco,0
diego_alves,Rafael Lima,analista de dados em Sao Paulo,2019-01-12 04:00:00,2808,75,62,1022,0,0,opiniao impopular: filme antigo e melhor que remake,0
invest6056337,Promo 999,,2026-06-03 12:31:00,108,18,1984,2748,1,0,"Cupom exclusivo de R$ 200, ultimas vagas, clique no link https://encurtador.com.br/n31xn8",1
promo2330317,Invest Bot,link na bio https://encurtador.com.br/57ewq4,2026-02-03 15:22:00,228,2,2767,9448,1,0,"GANHE DINHEIRO em casa!!! vagas limitadas, chama no direct agora https://encurtador.com.br/57ewq4",1
eduardo_souza84,Helena Rocha,estudante de enfermagem,2024-01-20 20:00:00,973,144,96,597,0,0,opiniao impopular: filme antigo e melhor que remake valeu quem ajudou (40),0
mariana_souza,Juliana Rocha,,2021-02-16 11:00:00,2042,31,63,672,0,0,"treino feito, 6km hoje. devagar mas chegando enfim",0
nara_lima48,Fernanda Souza,fotografa e mae de dois,2017-02-24 09:00:00,3495,26,48,217,0,0,"obrigada pelas mensagens de aniversario, gente no fim deu certo",0
ana6100929,Renda Extra 24h,link na bio https://cutt.ly/jbejxn,2025-10-13 12:08:00,341,14,2363,3440,0,0,"Sinal gratis de aposta, lucro garantido hoje!!! https://cutt.ly/jbejxn",1
fernanda_silva29,Bruno Alves,estudante de enfermagem,2022-01-09 05:00:00,1715,67,60,735,0,0,"treino feito, 6km hoje. devagar mas chegando recomendo (38)",0
mariana_rocha,Paula Souza,"pai do Theo, torcedor sofredor",2014-09-25 10:00:00,4378,77,108,767,0,0,alguem ai assistiu o jogo de ontem? que segundo tempo recomendo,0
carla_alves,Gustavo Silva,professora de historia,2026-01-08 04:00:00,255,2831,4423,1221,0,0,"obrigada pelas mensagens de aniversario, gente enfim",0
fernanda_souza,Mariana Souza,musico nos fins de semana,2019-10-30 22:00:00,2516,898,784,365,0,0,promocao de hoje na loja: cupom de 20% pra quem chegar antes do meio dia,0
lucas_souza94,Nara Alves,analista de dados em Sao Paulo,2020-02-05 05:00:00,2419,189,404,870,0,0,alguem ai assistiu o jogo de ontem? que segundo tempo coisa de louco (95),0
mariana_alves,Eduardo Souza,corredora amadora | 42k,2019-07-15 14:00:00,2623,441,224,125,0,0,"terminei de ler o livro que a Rafael indicou, valeu a pena enfim (42)",0
paula_alves,Gustavo Silva,corredora amadora | 42k,2023-09-12 14:00:00,1103,87,35,758,0,0,"bom dia, cafe e mais um dia de trabalho por aqui no fim deu certo",0
eduardo_rocha,Mariana Alves,estudante de enfermagem,2021-06-01 14:00:00,1936,942,1581,284,0,0,"opiniao impopular: filme antigo e melhor que remake no mais, tudo tranquilo (18)",0
diego_silva61,Bruno Rocha,professora de historia,2015-01-16 16:00:00,4264,450,842,245,0,0,"bom dia, cafe e mais um dia de trabalho por aqui no fim deu certo",0
user5610698,Promo 999,link na bio https://bit.ly/edinm8,2026-02-03 12:42:00,228,9,2306,4744,1,0,"GANHE DINHEIRO em casa!!! vagas limitadas, chama no direct agora https://bit.ly/edinm8",1
mariana_lima53,Carla Alves,analista de dados em Salvador,2016-07-12 18:00:00,3721,213,386,1681,0,0,"consegui finalmente organizar a planilha do mes, vitoria pessoal recomendo (10)",0
gustavo_lima,Lucas Prado,professora de historia,2022-06-06 11:00:00,1567,120,166,1114,0,0,alguem ai assistiu o jogo de ontem? que segundo tempo ate semana que vem,1
bruno_lima,Eduardo Souza,,2017-02-06 14:00:00,3512,139,288,25,0,0,alguem ai assistiu o jogo de ontem? que segundo tempo (96),0
ana_rocha17,Eduardo Souza,fotografa e mae de dois,2014-08-02 21:00:00,4431,77,128,1022,0,0,"obrigada pelas mensagens de aniversario, gente amanha continuo (55)",0
carla_rocha,Fernanda Souza,"dev backend, cafe e gatos",2013-01-04 03:00:00,5007,118,188,1060,0,0,"consegui finalmente organizar a planilha do mes, vitoria pessoal depois conto o resto",0
eduardo_silva3,Otavio Lima,musico nos fins de semana,2014-01-17 22:00:00,4628,168,125,867,0,0,"terminei de ler o livro que a Ana indicou, valeu a pena bora pra cima (7)",0
helena_silva12,Otavio Silva,professora de historia,2016-05-23 06:00:00,3772,197,78,724,0,0,"bom dia, cafe e mais um dia de trabalho por aqui coisa de louco (35)",0
diego_rocha,Rafael Silva,,2019-04-13 12:00:00,2717,1518,2754,648,0,0,dica pra quem estuda seguranca: pratique em laboratorio proprio valeu quem ajudou,0
paula_lima,Lucas Rocha,"pai do Theo, torcedor sofredor",2023-10-19 05:00:00,1067,1983,3303,97,1,0,opiniao impopular: filme antigo e melhor que remake ate semana que vem,0
otavio_silva43,Rafael Souza,musico nos fins de semana,2022-05-21 05:00:00,1583,114,162,945,0,0,"terminei de ler o livro que a Fernanda indicou, valeu a pena bora pra cima",0
nara_souza,Ana Alves,professora de historia,2018-06-09 07:00:00,3025,284,185,647,0,0,alguem ai assistiu o jogo de ontem? que segundo tempo amanha continuo (90),0
invest477983,Ganhe 1000,,2026-07-18 14:10:00,63,8,3073,1565,1,0,SEGUIDORES GRATIS!!! siga de volta e me chama no whats https://bit.ly/kwwjin,1
lucas_lima26,Carla Alves,"pai do Theo, torcedor sofredor",2025-11-27 11:00:00,297,34,23,2094,0,0,"obrigada pelas mensagens de aniversario, gente enfim (40)",0
carla_lima17,Carla Rocha,professora de historia,2018-01-27 05:00:00,3158,387,535,39,0,0,opiniao impopular: filme antigo e melhor que remake valeu quem ajudou,0
gustavo_rocha51,Juliana Souza,"pai do Theo, torcedor sofredor",2012-12-13 05:00:00,5029,29,63,314,0,0,dica pra quem estuda seguranca: pratique em laboratorio proprio no fim deu certo (68),0
mariana_souza,Igor Alves,musico nos fins de semana,2013-01-21 01:00:00,4990,150,324,542,0,0,"treino feito, 6km hoje. devagar mas chegando no fim deu certo",0
ana_lima45,Paula Alves,,2025-01-27 20:00:00,600,2377,1563,120,0,0,dica pra quem estuda seguranca: pratique em laboratorio proprio ate semana que vem,0
rafael_alves94,Carla Silva,,2013-12-10 20:00:00,4666,1425,2865,110,0,0,recomendo muito esse restaurante novo no centro de Curitiba (48),0
bruno_lima3,Nara Alves,musico nos fins de semana,2015-11-15 21:00:00,3961,525,405,1283,0,0,"bom dia, cafe e mais um dia de trabalho por aqui recomendo",0
lucas_souza36,Otavio Lima,fotografa e mae de dois,2026-08-05 03:00:00,46,11,414,140,0,0,recomendo muito esse restaurante novo no centro de Salvador enfim,0
rafael_alves62,Carla Silva,musico nos fins de semana,2017-10-15 23:00:00,3261,2325,1962,203,0,0,"opiniao impopular: filme antigo e melhor que remake no mais, tudo tranquilo (59)",0
helena_souza68,Paula Souza,analista de dados em Curitiba,2020-05-24 18:00:00,2309,1827,3134,198,0,0,opiniao impopular: filme antigo e melhor que remake enfim,0
ganhe2451026,Ganhe 1000,,2026-02-23 14:57:00,208,3,1937,11775,0,0,RENDA EXTRA de R$ 300 por dia!!! clique no link da bio e comece hoje https://cutt.ly/fa6iju,1
bruno_rocha,Eduardo Souza,estudante de enfermagem,2016-10-17 11:00:00,3625,131,98,600,0,0,"consegui finalmente organizar a planilha do mes, vitoria pessoal bora pra cima",0
ana_souza55,Diego Silva,,2020-03-18 18:00:00,2376,853,246,567,0,0,"consegui finalmente organizar a planilha do mes, vitoria pessoal depois conto o resto (31)",0
helena_silva,Mariana Souza,estudante de enfermagem,2024-06-16 23:00:00,825,850,1222,347,0,0,recomendo muito esse restaurante novo no centro de Sao Paulo que dia (9),0
invest8296993,Renda Extra 24h,,2026-03-02 12:00:00,202,5,1458,6537,1,0,RENDA EXTRA de R$ 300 por dia!!! clique no link da bio e comece hoje https://bit.ly/i7e9wa,1
paula_lima6,Bruno Souza,corredora amadora | 42k,2020-09-14 21:00:00,2196,2379,2773,437,0,0,"bom dia, cafe e mais um dia de trabalho por aqui coisa de louco (56)",0
juliana_rocha,Ana Rocha,analista de dados em Goiania,2019-01-30 15:00:00,2789,1252,779,1122,0,0,"terminei de ler o livro que a Fernanda indicou, valeu a pena no fim deu certo",0
gustavo_souza95,Bruno Souza,,2019-02-07 00:00:00,2782,53,85,589,1,0,promocao de hoje na loja: cupom de 20% pra quem chegar antes do meio dia,0
paula_rocha74,Carla Lima,"dev backend, cafe e gatos",2024-09-18 06:00:00,732,103,47,286,0,0,"obrigada pelas mensagens de aniversario, gente valeu quem ajudou",0
lucas_rocha,Lucas Lima,fotografa e mae de dois,2015-04-26 20:00:00,4164,173,189,1224,0,0,dica pra quem estuda seguranca: pratique em laboratorio proprio,0
rafael_alves,Lucas Lima,musico nos fins de semana,2021-01-10 20:00:00,2078,1257,2588,378,0,0,opiniao impopular: filme antigo e melhor que remake enfim (85),0
gustavo_alves17,Helena Rocha,,2015-10-24 15:00:00,3983,52,102,643,0,0,alguem ai assistiu o jogo de ontem? que segundo tempo amanha continuo,0
gustavo_silva74,Fernanda Alves,analista de dados em Recife,2023-01-21 22:00:00,1337,400,314,1171,0,0,"vagas limitadas no curso de bolo caseiro, chama no direct pra reservar",0
eduardo_alves,Rafael Silva,fotografa e mae de dois,2017-08-27 17:00:00,3310,79,52,2165,1,0,"dica pra quem estuda seguranca: pratique em laboratorio proprio no mais, tudo tranquilo (97)",0
helena_souza44,Helena Alves,estudante de enfermagem,2026-06-24 03:00:00,88,1,400,246,0,0,opiniao impopular: filme antigo e melhor que remake que dia (39),0
ana_souza,Gustavo Souza,musico nos fins de semana,2021-08-13 09:00:00,1864,30,32,279,0,0,recomendo muito esse restaurante novo no centro de Belem amanha continuo,0
ana3175891,Ganhe 1000,,2026-06-08 13:08:00,103,11,2287,2904,0,0,"Cupom exclusivo de R$ 200, ultimas vagas, clique no link https://is.gd/6qci6n",1
gustavo_silva,Paula Rocha,corredora amadora | 42k,2015-09-14 19:00:00,4023,52,30,887,1,0,"obrigada pelas mensagens de aniversario, gente que dia",0
lucas_souza,Gustavo Lima,analista de dados em Salvador,2026-03-18 05:00:00,186,482,661,54,0,0,"terminei de ler o livro que a Ana indicou, valeu a pena no fim deu certo",0
juliana_souza40,Igor Silva,,2024-04-14 07:00:00,889,144,231,828,0,0,opiniao impopular: filme antigo e melhor que remake depois conto o resto,0
mariana_rocha27,Rafael Silva,,2013-11-18 11:00:00,4689,40,56,1079,0,0,"consegui finalmente organizar a planilha do mes, vitoria pessoal bora pra cima",0
fernanda_alves65,Diego Silva,professora de historia,2025-06-14 09:00:00,463,594,977,1497,1,0,alguem ai assistiu o jogo de ontem? que segundo tempo ate semana que vem (46),0
helena_souza37,Helena Lima,analista de dados em Curitiba,2026-06-24 14:00:00,87,8,411,268,0,0,alguem ai assistiu o jogo de ontem? que segundo tempo amanha continuo,0
otavio_lima,Mariana Souza,,2025-06-17 03:00:00,460,432,126,2531,0,0,"bom dia, cafe e mais um dia de trabalho por aqui amanha continuo",0
mariana_lima,Gustavo Souza,analista de dados em Porto Alegre,2021-01-14 06:00:00,2075,112,211,90,0,0,dica pra quem estuda seguranca: pratique em laboratorio proprio enfim,0
eduardo_lima40,Igor Silva,musico nos fins de semana,2015-11-06 08:00:00,3971,43,57,1304,0,0,dica pra quem estuda seguranca: pratique em laboratorio proprio,0
mariana_silva52,Rafael Silva,fotografa e mae de dois,2023-01-28 10:00:00,1331,226,470,246,0,0,dica pra quem estuda seguranca: pratique em laboratorio proprio amanha continuo (94),0
rafael_alves,Bruno Alves,"dev backend, cafe e gatos",2025-02-24 00:00:00,573,492,717,1440,0,0,alguem ai assistiu o jogo de ontem? que segundo tempo enfim (56),0
promo8241399,Ana 7712,link na bio https://bit.ly/bqa1xf,2026-06-03 15:34:00,108,11,2159,1753,1,0,RENDA EXTRA de R$ 300 por dia!!! clique no link da bio e comece hoje https://bit.ly/bqa1xf,1
otavio_rocha70,Rafael Alves,,2021-10-30 02:00:00,1786,34,69,834,0,0,"vagas limitadas no curso de bolo caseiro, chama no direct pra reservar",0
promo6986271,Ganhe 1000,,2026-03-10 16:04:00,193,7,2532,6994,1,0,"Sinal gratis de aposta, lucro garantido hoje!!! https://encurtador.com.br/g8ie6b",1
lucas_rocha44,Nara Lima,estudante de enfermagem,2018-02-24 09:00:00,3130,109,237,340,0,0,"chuva forte aqui em Salvador hoje, transito parado no fim deu certo (38)",0
bruno_souza,Ana Alves,,2026-08-25 13:00:00,25,10,411,49,0,0,recomendo muito esse restaurante novo no centro de Porto Alegre no fim deu certo (74),0
igor_lima,Eduardo Rocha,estudante de enfermagem,2016-09-01 15:00:00,3670,197,269,129,0,0,"obrigada pelas mensagens de aniversario, gente no fim deu certo",0
diego_rocha,Rafael Alves,analista de dados em Belem,2026-07-04 20:00:00,77,36,430,240,0,0,promocao de hoje na loja: cupom de 20% pra quem chegar antes do meio dia,0
igor_alves,Mariana Souza,professora de historia,2016-11-17 13:00:00,3593,100,213,2962,0,0,opiniao impopular: filme antigo e melhor que remake valeu quem ajudou,0
ganhe7182500,Promo 999,,2025-10-13 12:37:00,341,7,1307,10280,1,0,RENDA EXTRA de R$ 300 por dia!!! clique no link da bio e comece hoje https://tinyurl.com/pq1is4,1
helena_alves,Otavio Alves,professora de historia,2022-03-17 18:00:00,1647,273,300,224,0,0,"terminei de ler o livro que a Mariana indicou, valeu a pena amanha continuo (61)",0
rafael_silva59,Diego Alves,"pai do Theo, torcedor sofredor",2025-09-24 01:00:00,361,406,655,579,0,0,"consegui finalmente organizar a planilha do mes, vitoria pessoal bora pra cima (88)",0
carla_alves96,Rafael Rocha,estudante de enfermagem,2013-08-15 03:00:00,4784,84,105,589,1,0,dica pra quem estuda seguranca: pratique em laboratorio proprio,0
bruno_silva,Bruno Silva,"dev backend, cafe e gatos",2017-02-22 06:00:00,3497,40,79,198,0,0,dica pra quem estuda seguranca: pratique em laboratorio proprio amanha continuo (61),0
mariana_silva17,Gustavo Lima,analista de dados em Recife,2013-03-16 11:00:00,4936,138,134,602,0,0,"terminei de ler o livro que a Bruno indicou, valeu a pena bora pra cima (26)",0
ana_lima47,Igor Rocha,analista de dados em Goiania,2026-07-24 05:00:00,58,12,421,158,0,0,"chuva forte aqui em Goiania hoje, transito parado recomendo",0
bruno_rocha,Bruno Souza,professora de historia,2025-06-18 10:00:00,459,333,693,178,0,0,"renda extra? venha ser revendedora comigo, explico tudo https://cutt.ly/thkfu9",0
otavio_silva79,Nara Rocha,analista de dados em Sao Paulo,2014-01-05 15:00:00,4640,83,56,1169,0,0,"consegui finalmente organizar a planilha do mes, vitoria pessoal bora pra cima (54)",0
gustavo_lima7,Nara Lima,analista de dados em Curitiba,2020-06-30 07:00:00,2273,62,60,148,0,0,dica pra quem estuda seguranca: pratique em laboratorio proprio depois conto o resto (31),0
carla_silva,Mariana Souza,"dev backend, cafe e gatos",2013-01-22 13:00:00,4988,167,310,1181,0,0,"chuva forte aqui em Salvador hoje, transito parado no mais, tudo tranquilo",0
lucas_alves,Igor Alves,corredora amadora | 42k,2014-01-05 02:00:00,4641,210,72,908,0,0,opiniao impopular: filme antigo e melhor que remake bora pra cima,0
rafael_silva,Helena Alves,"pai do Theo, torcedor sofredor",2020-06-29 02:00:00,2274,757,1542,77,0,0,"consegui finalmente organizar a planilha do mes, vitoria pessoal valeu quem ajudou (57)",0
invest608798,Invest Bot,,2026-02-03 14:03:00,228,6,1549,3150,0,0,RENDA EXTRA de R$ 300 por dia!!! clique no link da bio e comece hoje https://tinyurl.com/2ww3wc,1
juliana_rocha56,Ana Alves,professora de historia,2014-12-19 00:00:00,4293,195,107,562,0,0,"consegui finalmente organizar a planilha do mes, vitoria pessoal enfim (48)",0
lucro9621208,Invest Bot,link na bio https://bit.ly/69ex3f,2026-03-02 14:19:00,201,15,2013,9379,1,0,"Sinal gratis de aposta, lucro garantido hoje!!! https://bit.ly/69ex3f",1
ana_rocha1,Fernanda Lima,estudante de enfermagem,2016-10-10 10:00:00,3632,98,210,96,0,0,dica pra quem estuda seguranca: pratique em laboratorio proprio bora pra cima (70),0
nara_alves61,Helena Rocha,analista de dados em Recife,2014-07-24 09:00:00,4441,318,379,1324,0,0,opiniao impopular: filme antigo e melhor que remake no fim deu certo,0
bruno_souza,Rafael Alves,musico nos fins de semana,2013-04-27 16:00:00,4893,116,84,745,0,0,alguem ai assistiu o jogo de ontem? que segundo tempo no fim deu certo (60),0
juliana_rocha,Gustavo Lima,professora de historia,2013-11-07 12:00:00,4700,409,111,685,0,0,dica pra quem estuda seguranca: pratique em laboratorio proprio amanha continuo,0
bruno_silva76,Igor Souza,"pai do Theo, torcedor sofredor",2016-12-13 22:00:00,3567,57,60,657,0,0,opiniao impopular: filme antigo e melhor que remake enfim,0
igor_silva,Nara Souza,musico nos fins de semana,2021-05-01 17:00:00,1967,363,331,36,0,0,"chuva forte aqui em Porto Alegre hoje, transito parado amanha continuo",0
nara_alves46,Igor Rocha,corredora amadora | 42k,2016-11-24 04:00:00,3587,123,61,261,0,0,"bom dia, cafe e mais um dia de trabalho por aqui recomendo",0
helena_lima25,Carla Lima,analista de dados em Curitiba,2014-07-05 19:00:00,4459,15,14,222,0,0,opiniao impopular: filme antigo e melhor que remake bora pra cima,0
user1309765,Ganhe 1000,,2026-06-08 14:02:00,103,15,1695,5903,0,0,SEGUIDORES GRATIS!!! siga de volta e me chama no whats https://tinyurl.com/1hzyhl,1
diego_rocha74,Lucas Silva,,2022-09-14 06:00:00,1467,87,59,132,0,0,dica pra quem estuda seguranca: pratique em laboratorio proprio valeu quem ajudou,0
juliana_rocha,Lucas Souza,fotografa e mae de dois,2026-07-25 01:00:00,57,7,410,160,0,0,"consegui finalmente organizar a planilha do mes, vitoria pessoal no mais, tudo tranquilo",0
diego_alves,Juliana Souza,professora de historia,2016-03-23 00:00:00,3833,207,286,273,0,0,recomendo muito esse restaurante novo no centro de Goiania no fim deu certo (2),0
juliana_lima,Helena Silva,estudante de enfermagem,2019-10-21 13:00:00,2525,1000,881,883,0,0,dica pra quem estuda seguranca: pratique em laboratorio proprio bora pra cima (98),0
ana_souza4,Carla Rocha,estudante de enfermagem,2021-03-15 01:00:00,2015,538,206,1491,0,0,"chuva forte aqui em Recife hoje, transito parado coisa de louco (74)",0
rafael_rocha53,Nara Lima,"dev backend, cafe e gatos",2015-03-05 18:00:00,4216,219,457,2432,0,0,"consegui finalmente organizar a planilha do mes, vitoria pessoal no fim deu certo (91)",0
otavio_lima,Rafael Silva,"pai do Theo, torcedor sofredor",2017-08-31 00:00:00,3307,39,51,372,0,0,"obrigada pelas mensagens de aniversario, gente ate semana que vem",0
rafael_rocha,Lucas Martins,"dev backend, cafe e gatos",2020-12-13 21:00:00,2106,281,554,993,0,0,recomendo muito esse restaurante novo no centro de Salvador coisa de louco,1
paula_rocha69,Igor Silva,,2022-07-13 01:00:00,1530,459,735,826,0,0,opiniao impopular: filme antigo e melhor que remake enfim (7),0
otavio_alves58,Helena Lima,,2013-04-30 05:00:00,4891,175,278,427,0,1,"chuva forte aqui em Salvador hoje, transito parado ate semana que vem (93)",0
bruno_souza,Mariana Prado,corredora amadora | 42k,2025-07-03 22:00:00,443,91,121,391,1,0,recomendo muito esse restaurante novo no centro de Salvador,1
helena_souza65,Carla Souza,professora de historia,2024-07-19 12:00:00,793,2081,3549,730,0,0,"bom dia, cafe e mais um dia de trabalho por aqui valeu quem ajudou",0
mariana_lima63,Mariana Silva,"pai do Theo, torcedor sofredor",2025-10-14 14:00:00,340,79,120,368,0,0,"obrigada pelas mensagens de aniversario, gente amanha continuo (16)",0
nara_rocha,Bruno Souza,"dev backend, cafe e gatos",2025-12-19 20:00:00,274,84,71,960,0,0,alguem ai assistiu o jogo de ontem? que segundo tempo amanha continuo (62),0
helena_souza,Ana Souza,musico nos fins de semana,2016-09-16 04:00:00,3656,15,12,305,0,0,alguem ai assistiu o jogo de ontem? que segundo tempo coisa de louco (87),0
carla_alves11,Juliana Rocha,fotografa e mae de dois,2025-02-10 13:00:00,586,297,448,257,0,0,"chuva forte aqui em Goiania hoje, transito parado (83)",0
fernanda_rocha,Eduardo Lima,corredora amadora | 42k,2017-09-11 03:00:00,3296,309,429,1127,0,0,dica pra quem estuda seguranca: pratique em laboratorio proprio ate semana que vem,0
mariana_rocha,Ana Rocha,"dev backend, cafe e gatos",2020-06-23 00:00:00,2280,39,42,204,0,0,"terminei de ler o livro que a Bruno indicou, valeu a pena ate semana que vem",0
gustavo_alves28,Diego Silva,musico nos fins de semana,2024-04-10 09:00:00,893,199,432,1771,0,0,"consegui finalmente organizar a planilha do mes, vitoria pessoal valeu quem ajudou (85)",0
otavio_rocha,Ana Souza,estudante de enfermagem,2026-09-02 19:00:00,17,11,407,66,0,0,"consegui finalmente organizar a planilha do mes, vitoria pessoal recomendo (82)",0
diego_alves69,Helena Alves,fotografa e mae de dois,2024-10-03 22:00:00,716,225,410,161,1,0,"treino feito, 6km hoje. devagar mas chegando no mais, tudo tranquilo",0
helena_silva,Otavio Rocha,musico nos fins de semana,2015-09-15 17:00:00,4022,158,178,519,0,0,recomendo muito esse restaurante novo no centro de Porto Alegre amanha continuo,0
lucas_silva14,Mariana Souza,professora de historia,2017-10-13 03:00:00,3264,141,301,195,0,0,opiniao impopular: filme antigo e melhor que remake no fim deu certo,0
juliana_rocha,Mariana Rocha,musico nos fins de semana,2015-05-19 23:00:00,4141,1520,2445,169,0,0,opiniao impopular: filme antigo e melhor que remake recomendo,0
eduardo_rocha,Juliana Rocha,musico nos fins de semana,2016-08-19 07:00:00,3684,559,602,132,0,0,"chuva forte aqui em Belem hoje, transito parado bora pra cima",0
carla_alves68,Juliana Alves,,2026-06-24 12:00:00,88,11,404,265,0,0,opiniao impopular: filme antigo e melhor que remake enfim (24),0
lucro4896693,Renda Extra 24h,,2026-06-03 15:42:00,108,5,1912,3781,1,0,RENDA EXTRA de R$ 300 por dia!!! clique no link da bio e comece hoje https://is.gd/k84f2z,1
bruno_rocha,Otavio Rocha,fotografa e mae de dois,2013-11-12 15:00:00,4694,123,142,464,0,0,opiniao impopular: filme antigo e melhor que remake coisa de louco,0
paula_souza,Nara Silva,analista de dados em Recife,2016-11-08 04:00:00,3603,278,482,82,0,0,"treino feito, 6km hoje. devagar mas chegando no fim deu certo (6)",0
fernanda_alves,Paula Souza,musico nos fins de semana,2022-08-31 23:00:00,1480,42,27,1193,0,0,opiniao impopular: filme antigo e melhor que remake depois conto o resto (26),0
carla_silva78,Eduardo Souza,professora de historia,2021-12-23 21:00:00,1731,88,153,156,0,0,opiniao impopular: filme antigo e melhor que remake que dia,0
rafael_souza,Fernanda Silva,fotografa e mae de dois,2019-11-21 06:00:00,2495,301,415,220,0,0,"terminei de ler o livro que a Fernanda indicou, valeu a pena recomendo",0
rafael_rocha76,Eduardo Silva,corredora amadora | 42k,2023-09-18 14:00:00,1097,59,28,428,0,0,"treino feito, 6km hoje. devagar mas chegando enfim",0
gustavo_souza92,Fernanda Rocha,fotografa e mae de dois,2015-07-17 11:00:00,4083,233,377,1870,0,0,"treino feito, 6km hoje. devagar mas chegando enfim",0
ana_rocha86,Bruno Alves,musico nos fins de semana,2024-10-26 18:00:00,693,202,201,732,0,0,alguem ai assistiu o jogo de ontem? que segundo tempo valeu quem ajudou,0
ana_rocha,Paula Silva,,2014-03-31 19:00:00,4555,250,248,414,0,0,"recomendo muito esse restaurante novo no centro de Sao Paulo no mais, tudo tranquilo",0
carla_silva,Otavio Souza,estudante de enfermagem,2015-08-26 14:00:00,4042,1141,1193,1513,0,0,"obrigada pelas mensagens de aniversario, gente valeu quem ajudou (17)",0
user6302035,Promo 999,,2026-02-23 16:06:00,208,6,2138,7122,1,0,SEGUIDORES GRATIS!!! siga de volta e me chama no whats https://cutt.ly/npdfey,1
mariana_souza32,Ana Alves,fotografa e mae de dois,2017-06-02 02:00:00,3397,167,128,681,0,0,recomendo muito esse restaurante novo no centro de Sao Paulo no fim deu certo,0
helena_souza34,Mariana Souza,fotografa e mae de dois,2025-09-25 21:00:00,359,169,111,886,0,0,"treino feito, 6km hoje. devagar mas chegando depois conto o resto",0
lucas_lima,Lucas Rocha,,2023-06-05 08:00:00,1203,317,201,774,0,0,"chuva forte aqui em Sao Paulo hoje, transito parado enfim",0
otavio_rocha,Bruno Alves,"pai do Theo, torcedor sofredor",2022-05-09 11:00:00,1595,285,593,80,0,0,dica pra quem estuda seguranca: pratique em laboratorio proprio ate semana que vem (41),0
nara_souza32,Gustavo Lima,,2017-11-19 17:00:00,3226,251,195,1317,0,0,recomendo muito esse restaurante novo no centro de Curitiba bora pra cima,0
lucas_silva50,Igor Alves,analista de dados em Recife,2025-04-21 10:00:00,517,196,326,1688,0,0,dica pra quem estuda seguranca: pratique em laboratorio proprio ate semana que vem,0
otavio_alves,Paula Souza,analista de dados em Belem,2012-08-27 11:00:00,5137,42,91,280,0,0,opiniao impopular: filme antigo e melhor que remake valeu quem ajudou,0
ana7459649,Ana 7712,,2026-02-23 16:11:00,208,11,961,12119,1,0,Airdrop de cripto liberado! dobre seu investimento em 24h https://encurtador.com.br/357bxi,1
diego_rocha75,Gustavo Rocha,corredora amadora | 42k,2021-06-17 17:00:00,1920,322,290,211,0,0,"chuva forte aqui em Porto Alegre hoje, transito parado bora pra cima",0
invest7777364,Ganhe 1000,,2026-03-02 16:19:00,201,16,2704,8764,1,0,Airdrop de cripto liberado! dobre seu investimento em 24h https://is.gd/dlpifu,1
user6529031,Renda Extra 24h,,2026-06-03 15:37:00,108,27,1685,6429,1,0,SEGUIDORES GRATIS!!! siga de volta e me chama no whats https://cutt.ly/pns0uq,1
bruno_silva52,Gustavo Alves,"dev backend, cafe e gatos",2024-04-14 07:00:00,889,109,157,2065,0,0,"terminei de ler o livro que a Helena indicou, valeu a pena coisa de louco",0
paula_silva,Paula Rocha,corredora amadora | 42k,2026-07-14 02:00:00,68,11,414,204,0,0,"alguem ai assistiu o jogo de ontem? que segundo tempo no mais, tudo tranquilo",0
helena_lima,Lucas Alves,"dev backend, cafe e gatos",2012-09-25 02:00:00,5108,92,48,186,0,0,"terminei de ler o livro que a Juliana indicou, valeu a pena no mais, tudo tranquilo",0
rafael_alves,Rafael Rocha,fotografa e mae de dois,2026-07-06 19:00:00,75,16,420,227,0,0,"consegui finalmente organizar a planilha do mes, vitoria pessoal no fim deu certo (58)",0
igor_alves,Igor Silva,analista de dados em Recife,2024-05-14 04:00:00,859,249,357,83,0,0,"obrigada pelas mensagens de aniversario, gente",0
bruno_alves77,Nara Alves,estudante de enfermagem,2022-08-13 02:00:00,1499,138,79,853,0,0,"chuva forte aqui em Porto Alegre hoje, transito parado enfim",0
igor_souza36,Rafael Alves,"pai do Theo, torcedor sofredor",2021-06-21 09:00:00,1917,149,169,296,0,0,"consegui finalmente organizar a planilha do mes, vitoria pessoal",0
nara_souza49,Fernanda Souza,estudante de enfermagem,2017-03-07 10:00:00,3484,65,20,596,0,0,"terminei de ler o livro que a Otavio indicou, valeu a pena que dia (13)",0
helena_rocha49,Mariana Alves,corredora amadora | 42k,2022-12-21 08:00:00,1369,94,132,284,0,0,"treino feito, 6km hoje. devagar mas chegando no mais, tudo tranquilo",0
carla_alves48,Juliana Alves,"pai do Theo, torcedor sofredor",2020-07-03 19:00:00,2269,1140,1496,431,0,0,dica pra quem estuda seguranca: pratique em laboratorio proprio amanha continuo (42),0
paula_alves,Paula Alves,,2025-09-28 18:00:00,356,192,188,742,0,0,"alguem ai assistiu o jogo de ontem? que segundo tempo no mais, tudo tranquilo (16)",0
juliana_souza60,Gustavo Rocha,corredora amadora | 42k,2017-03-24 19:00:00,3466,90,176,1825,0,0,opiniao impopular: filme antigo e melhor que remake amanha continuo (97),0
eduardo_alves51,Nara Lima,fotografa e mae de dois,2026-09-11 14:00:00,8,6,402,20,0,0,opiniao impopular: filme antigo e melhor que remake enfim (66),0
ganhe969273,Renda Extra 24h,,2026-06-03 13:30:00,108,5,1987,6249,1,0,Airdrop de cripto liberado! dobre seu investimento em 24h https://encurtador.com.br/9fkrki,1
bruno_lima,Nara Neves,"dev backend, cafe e gatos",2018-11-04 19:00:00,2876,830,1620,88,0,0,"concordo demais com esse ponto, precisa ser dito recomendo",1
mariana_rocha8,Helena Lima,musico nos fins de semana,2022-02-03 14:00:00,1689,1806,3078,406,0,0,"renda extra? venha ser revendedora comigo, explico tudo https://cutt.ly/wa38ss",0
igor_silva,Helena Lima,estudante de enfermagem,2013-09-21 01:00:00,4747,159,178,188,0,0,dica pra quem estuda seguranca: pratique em laboratorio proprio coisa de louco,0
otavio_alves,Diego Souza,fotografa e mae de dois,2012-07-21 17:00:00,5173,81,89,699,0,0,"bom dia, cafe e mais um dia de trabalho por aqui depois conto o resto (21)",0
carla_rocha80,Rafael Lima,analista de dados em Recife,2014-01-04 13:00:00,4641,20,14,553,0,0,"obrigada pelas mensagens de aniversario, gente no fim deu certo",0
lucas_silva68,Nara Souza,fotografa e mae de dois,2020-12-08 04:00:00,2112,617,576,1254,0,0,dica pra quem estuda seguranca: pratique em laboratorio proprio bora pra cima,0
lucas_alves70,Eduardo Alves,analista de dados em Goiania,2023-12-01 18:00:00,1023,63,124,2116,0,0,"bom dia, cafe e mais um dia de trabalho por aqui bora pra cima",0
paula_souza82,Nara Silva,professora de historia,2024-06-06 16:00:00,835,393,110,1138,1,0,opiniao impopular: filme antigo e melhor que remake amanha continuo,0
nara_silva,Igor Rocha,fotografa e mae de dois,2026-02-26 14:00:00,205,164,325,568,0,0,opiniao impopular: filme antigo e melhor que remake recomendo,0
lucas_souza,Helena Lima,estudante de enfermagem,2022-05-18 19:00:00,1585,153,90,321,0,0,"vagas limitadas no curso de bolo caseiro, chama no direct pra reservar",0
juliana_lima98,Fernanda Alves,corredora amadora | 42k,2024-02-20 02:00:00,943,168,267,560,1,0,"obrigada pelas mensagens de aniversario, gente que dia",0
mariana_alves66,Gustavo Souza,professora de historia,2013-01-29 15:00:00,4981,437,869,617,0,0,promocao de hoje na loja: cupom de 20% pra quem chegar antes do meio dia,0
carla_silva64,Bruno Lima,,2023-06-10 05:00:00,1198,125,122,86,0,0,"consegui finalmente organizar a planilha do mes, vitoria pessoal recomendo",0
igor_lima77,Otavio Silva,corredora amadora | 42k,2026-09-09 18:00:00,10,8,406,40,0,0,"bom dia, cafe e mais um dia de trabalho por aqui recomendo",0
diego_souza,Eduardo Silva,"dev backend, cafe e gatos",2017-12-18 16:00:00,3197,750,218,667,0,0,"obrigada pelas mensagens de aniversario, gente",0
gustavo_souza64,Otavio Souza,,2015-10-19 06:00:00,3989,161,335,518,0,0,"consegui finalmente organizar a planilha do mes, vitoria pessoal enfim",0
gustavo_alves,Fernanda Rocha,estudante de enfermagem,2013-01-04 13:00:00,5006,136,255,1203,1,0,opiniao impopular: filme antigo e melhor que remake ate semana que vem,0
mariana_rocha75,Mariana Alves,"dev backend, cafe e gatos",2025-12-21 17:00:00,272,73,121,114,0,0,"consegui finalmente organizar a planilha do mes, vitoria pessoal",0
igor_rocha71,Fernanda Lima,corredora amadora | 42k,2024-12-13 15:00:00,645,222,146,94,0,0,"bom dia, cafe e mais um dia de trabalho por aqui recomendo (73)",0
mariana_lima55,Eduardo Souza,professora de historia,2021-02-18 06:00:00,2040,111,230,991,0,0,"terminei de ler o livro que a Fernanda indicou, valeu a pena coisa de louco",0
eduardo_alves,Carla Silva,analista de dados em Belem,2026-02-18 07:00:00,214,59,117,807,0,0,recomendo muito esse restaurante novo no centro de Belem ate semana que vem,0
mariana_alves,Eduardo Silva,"dev backend, cafe e gatos",2013-01-24 23:00:00,4986,88,176,414,0,0,"chuva forte aqui em Goiania hoje, transito parado valeu quem ajudou",0
mariana_alves,Carla Alves,"pai do Theo, torcedor sofredor",2024-02-25 21:00:00,937,266,317,238,0,0,"terminei de ler o livro que a Igor indicou, valeu a pena amanha continuo (69)",0
lucas_lima,Otavio Lima,"pai do Theo, torcedor sofredor",2026-07-05 05:00:00,77,1,401,229,0,0,"treino feito, 6km hoje. devagar mas chegando depois conto o resto (51)",0
igor_rocha,Nara Alves,musico nos fins de semana,2026-01-26 16:00:00,236,279,592,1601,0,0,"terminei de ler o livro que a Rafael indicou, valeu a pena ate semana que vem",0
fernanda_alves,Nara Lima,"pai do Theo, torcedor sofredor",2014-04-09 11:00:00,4547,15,16,40,0,0,promocao de hoje na loja: cupom de 20% pra quem chegar antes do meio dia,0
bruno_lima,Juliana Souza,analista de dados em Sao Paulo,2022-07-20 08:00:00,1523,26,19,877,0,0,alguem ai assistiu o jogo de ontem? que segundo tempo amanha continuo,0
rafael_alves,Fernanda Rocha,,2016-11-10 05:00:00,3601,15,12,3302,0,0,"consegui finalmente organizar a planilha do mes, vitoria pessoal (30)",0
fernanda_souza84,Bruno Alves,corredora amadora | 42k,2017-10-18 14:00:00,3258,371,117,178,0,0,"chuva forte aqui em Sao Paulo hoje, transito parado no fim deu certo",0
mariana_silva97,Eduardo Martins,estudante de enfermagem,2021-08-08 22:00:00,1868,186,112,4165,0,0,"que dia lindo hoje, aproveitando o sol no fim deu certo",1
lucas_rocha,Juliana Souza,"pai do Theo, torcedor sofredor",2025-08-30 16:00:00,385,399,120,337,0,0,"treino feito, 6km hoje. devagar mas chegando no mais, tudo tranquilo (46)",0
eduardo_lima35,Fernanda Lima,,2014-03-16 18:00:00,4570,128,101,553,0,0,"consegui finalmente organizar a planilha do mes, vitoria pessoal valeu quem ajudou (53)",0
carla_lima43,Mariana Neves,corredora amadora | 42k,2022-05-03 06:00:00,1601,44,48,131,0,0,quem ai tambem acordou cedo pra treinar? coisa de louco,1
fernanda_rocha1,Juliana Lima,corredora amadora | 42k,2012-07-14 13:00:00,5180,136,213,356,1,0,"bom dia, cafe e mais um dia de trabalho por aqui",0
eduardo_silva97,Ana Martins,estudante de enfermagem,2025-10-12 22:00:00,342,53,26,139,0,0,melhor serie do ano sem discussao bora pra cima,1
igor_silva,Lucas Silva,"dev backend, cafe e gatos",2021-09-10 14:00:00,1835,631,704,926,1,0,"obrigada pelas mensagens de aniversario, gente amanha continuo (22)",0
otavio_rocha,Nara Lima,estudante de enfermagem,2026-08-29 22:00:00,21,11,416,69,0,0,recomendo muito esse restaurante novo no centro de Curitiba depois conto o resto,0
ana_silva,Paula Alves,,2018-06-10 04:00:00,3024,19,27,703,0,0,alguem ai assistiu o jogo de ontem? que segundo tempo bora pra cima (65),0
invest1317579,Invest Bot,link na bio https://encurtador.com.br/bsf267,2026-07-18 12:39:00,63,1,1672,1349,1,0,Airdrop de cripto liberado! dobre seu investimento em 24h https://encurtador.com.br/bsf267,1
rafael_rocha55,Gustavo Rocha,fotografa e mae de dois,2021-05-21 21:00:00,1947,109,115,1586,0,0,recomendo muito esse restaurante novo no centro de Salvador (29),0
igor_silva23,Rafael Lima,professora de historia,2022-04-02 22:00:00,1631,615,1127,1129,0,0,"bom dia, cafe e mais um dia de trabalho por aqui coisa de louco (2)",0
diego_lima92,Gustavo Silva,analista de dados em Recife,2024-10-29 12:00:00,691,1945,2411,1870,0,0,alguem ai assistiu o jogo de ontem? que segundo tempo depois conto o resto,0
rafael_rocha,Fernanda Lima,"pai do Theo, torcedor sofredor",2026-07-13 02:00:00,69,8,415,238,0,0,"chuva forte aqui em Porto Alegre hoje, transito parado coisa de louco",0
eduardo_souza68,Bruno Rocha,fotografa e mae de dois,2020-10-06 05:00:00,2175,559,170,148,0,0,"consegui finalmente organizar a planilha do mes, vitoria pessoal valeu quem ajudou (72)",0
user1049497,Promo 999,,2025-10-13 13:42:00,341,13,1686,10125,1,0,RENDA EXTRA de R$ 300 por dia!!! clique no link da bio e comece hoje https://encurtador.com.br/1u9kkl,1
fernanda_lima,Gustavo Souza,corredora amadora | 42k,2016-05-24 09:00:00,3771,73,148,4956,0,0,"treino feito, 6km hoje. devagar mas chegando que dia (40)",0
mariana_lima,Nara Rocha,analista de dados em Sao Paulo,2017-08-30 03:00:00,3308,352,178,1947,0,0,"recomendo muito esse restaurante novo no centro de Sao Paulo no mais, tudo tranquilo",0
otavio_silva,Juliana Silva,corredora amadora | 42k,2021-12-16 22:00:00,1738,182,218,485,0,0,"obrigada pelas mensagens de aniversario, gente coisa de louco",0
carla_lima84,Lucas Lima,"pai do Theo, torcedor sofredor",2024-10-10 22:00:00,709,43,26,570,0,0,"consegui finalmente organizar a planilha do mes, vitoria pessoal valeu quem ajudou",0
bruno_souza59,Mariana Alves,corredora amadora | 42k,2016-02-09 04:00:00,3876,363,124,1592,0,0,"obrigada pelas mensagens de aniversario, gente bora pra cima (30)",0
promo8750845,Renda Extra 24h,link na bio https://is.gd/i6ukmw,2026-06-08 15:57:00,103,23,2207,843,0,0,RENDA EXTRA de R$ 300 por dia!!! clique no link da bio e comece hoje https://is.gd/i6ukmw,1
juliana_souza,Mariana Lima,professora de historia,2023-07-22 23:00:00,1155,104,150,10772,0,0,dica pra quem estuda seguranca: pratique em laboratorio proprio enfim,0
carla_lima59,Ana Alves,"dev backend, cafe e gatos",2022-02-25 08:00:00,1668,82,86,153,0,0,"treino feito, 6km hoje. devagar mas chegando que dia (82)",0
invest8695313,Ganhe 1000,link na bio https://tinyurl.com/4vl13m,2025-10-13 16:11:00,341,16,1291,3818,1,0,Airdrop de cripto liberado! dobre seu investimento em 24h https://tinyurl.com/4vl13m,1
bruno_silva,Paula Souza,"pai do Theo, torcedor sofredor",2017-12-18 18:00:00,3197,332,386,258,0,0,"treino feito, 6km hoje. devagar mas chegando valeu quem ajudou",0
carla_souza58,Fernanda Silva,fotografa e mae de dois,2018-08-14 06:00:00,2959,197,316,3729,0,0,recomendo muito esse restaurante novo no centro de Porto Alegre recomendo (13),0
otavio_lima10,Lucas Alves,musico nos fins de semana,2013-12-17 15:00:00,4659,374,351,833,0,0,opiniao impopular: filme antigo e melhor que remake coisa de louco,0
juliana_silva,Nara Souza,analista de dados em Salvador,2026-03-07 10:00:00,197,93,41,194,0,0,"consegui finalmente organizar a planilha do mes, vitoria pessoal que dia (79)",0
fernanda_lima71,Bruno Silva,estudante de enfermagem,2022-10-09 08:00:00,1442,647,179,1229,0,0,dica pra quem estuda seguranca: pratique em laboratorio proprio coisa de louco,0
carla_rocha,Ana Lima,"pai do Theo, torcedor sofredor",2026-07-31 22:00:00,50,12,422,167,0,0,"chuva forte aqui em Sao Paulo hoje, transito parado amanha continuo",0
rafael_silva,Gustavo Silva,fotografa e mae de dois,2016-10-20 07:00:00,3622,727,565,543,1,0,"consegui finalmente organizar a planilha do mes, vitoria pessoal recomendo",0
promo5576676,Renda Extra 24h,,2026-06-08 14:57:00,103,4,2614,3776,1,0,"Cupom exclusivo de R$ 200, ultimas vagas, clique no link https://is.gd/2fw7si",1
eduardo_silva,Fernanda Alves,"dev backend, cafe e gatos",2018-07-12 09:00:00,2992,832,1550,1055,0,0,"chuva forte aqui em Goiania hoje, transito parado amanha continuo (48)",0
carla_rocha,Paula Silva,musico nos fins de semana,2014-03-27 07:00:00,4560,166,268,413,1,0,"chuva forte aqui em Curitiba hoje, transito parado coisa de louco",0
fernanda_alves,Otavio Souza,musico nos fins de semana,2013-07-08 21:00:00,4821,32,47,733,0,0,opiniao impopular: filme antigo e melhor que remake no fim deu certo (69),0
gustavo_souza,Carla Lima,analista de dados em Recife,2024-01-17 20:00:00,976,168,186,49,0,0,"chuva forte aqui em Recife hoje, transito parado valeu quem ajudou (44)",0
carla_rocha,Carla Alves,professora de historia,2012-09-12 23:00:00,5120,83,89,615,0,0,"chuva forte aqui em Sao Paulo hoje, transito parado ate semana que vem",0
nara_silva21,Otavio Silva,"pai do Theo, torcedor sofredor",2014-12-23 04:00:00,4289,15,12,194,0,0,"consegui finalmente organizar a planilha do mes, vitoria pessoal valeu quem ajudou",0
lucas_lima43,Paula Souza,musico nos fins de semana,2016-12-10 04:00:00,3571,51,82,201,0,0,"chuva forte aqui em Sao Paulo hoje, transito parado no fim deu certo",0
otavio_souza25,Otavio Rocha,,2023-01-22 21:00:00,1336,135,163,248,0,0,"consegui finalmente organizar a planilha do mes, vitoria pessoal",0
juliana_lima,Rafael Rocha,professora de historia,2025-05-23 10:00:00,485,477,572,388,0,0,recomendo muito esse restaurante novo no centro de Porto Alegre amanha continuo,0
eduardo_lima7,Paula Silva,estudante de enfermagem,2026-06-29 20:00:00,82,13,416,260,0,0,dica pra quem estuda seguranca: pratique em laboratorio proprio no fim deu certo (16),0
ana_souza63,Carla Rocha,estudante de enfermagem,2017-01-22 02:00:00,3528,76,129,99,0,0,"terminei de ler o livro que a Diego indicou, valeu a pena no mais, tudo tranquilo",0
nara_silva,Helena Rocha,estudante de enfermagem,2025-03-04 08:00:00,565,88,161,1439,0,1,"consegui finalmente organizar a planilha do mes, vitoria pessoal no fim deu certo (16)",0
nara_silva,Rafael Souza,fotografa e mae de dois,2019-08-18 22:00:00,2589,459,687,254,0,0,"terminei de ler o livro que a Lucas indicou, valeu a pena no fim deu certo",0
diego_silva,Juliana Alves,"pai do Theo, torcedor sofredor",2025-11-25 10:00:00,299,377,388,153,0,0,recomendo muito esse restaurante novo no centro de Belem enfim (89),0
carla_silva,Eduardo Rocha,fotografa e mae de dois,2022-05-20 08:00:00,1584,57,54,1523,0,0,"chuva forte aqui em Curitiba hoje, transito parado coisa de louco",0
otavio_rocha5,Eduardo Silva,,2022-04-23 00:00:00,1611,200,166,471,0,0,alguem ai assistiu o jogo de ontem? que segundo tempo no fim deu certo,0
gustavo_rocha,Gustavo Rocha,professora de historia,2014-06-17 23:00:00,4477,248,87,802,0,0,"consegui finalmente organizar a planilha do mes, vitoria pessoal enfim (92)",0
mariana_alves,Fernanda Alves,musico nos fins de semana,2022-05-20 21:00:00,1583,200,417,369,0,0,alguem ai assistiu o jogo de ontem? que segundo tempo valeu quem ajudou (17),0
ana_silva,Lucas Lima,analista de dados em Goiania,2012-07-02 11:00:00,5193,1464,2084,617,0,0,"consegui finalmente organizar a planilha do mes, vitoria pessoal enfim (95)",0
diego_silva37,Rafael Rocha,"dev backend, cafe e gatos",2025-11-03 04:00:00,321,240,226,361,0,0,dica pra quem estuda seguranca: pratique em laboratorio proprio bora pra cima,0
eduardo_lima57,Fernanda Silva,corredora amadora | 42k,2017-04-03 05:00:00,3457,338,428,135,1,0,recomendo muito esse restaurante novo no centro de Curitiba valeu quem ajudou (41),0
mariana_souza,Mariana Souza,"pai do Theo, torcedor sofredor",2020-05-02 08:00:00,2332,545,268,138,0,0,"bom dia, cafe e mais um dia de trabalho por aqui que dia",0
otavio_souza,Eduardo Souza,"dev backend, cafe e gatos",2026-02-26 00:00:00,206,22,21,698,0,0,"consegui finalmente organizar a planilha do mes, vitoria pessoal (31)",0
rafael_rocha,Nara Souza,"pai do Theo, torcedor sofredor",2023-05-31 23:00:00,1207,67,124,1048,0,0,"consegui finalmente organizar a planilha do mes, vitoria pessoal no fim deu certo",0
juliana_alves,Paula Rocha,professora de historia,2023-03-30 11:00:00,1270,213,114,265,0,0,"consegui finalmente organizar a planilha do mes, vitoria pessoal amanha continuo",0
diego_rocha,Carla Souza,,2021-09-06 07:00:00,1840,102,117,550,0,0,"bom dia, cafe e mais um dia de trabalho por aqui recomendo",0
gustavo_lima,Ana Silva,,2024-11-15 07:00:00,674,257,402,373,0,0,opiniao impopular: filme antigo e melhor que remake bora pra cima (91),0
lucas_souza,Lucas Silva,"dev backend, cafe e gatos",2013-12-11 22:00:00,4665,1127,724,352,0,0,opiniao impopular: filme antigo e melhor que remake ate semana que vem,0
juliana_lima37,Juliana Rocha,"pai do Theo, torcedor sofredor",2026-05-18 13:00:00,124,158,84,2702,0,0,"terminei de ler o livro que a Juliana indicou, valeu a pena depois conto o resto (84)",0
igor_alves,Lucas Souza,fotografa e mae de dois,2021-03-04 23:00:00,2025,207,333,1017,0,0,opiniao impopular: filme antigo e melhor que remake,0
nara_lima86,Paula Silva,analista de dados em Goiania,2012-08-13 15:00:00,5150,406,447,3261,0,0,"bom dia, cafe e mais um dia de trabalho por aqui no mais, tudo tranquilo (63)",0
helena_silva,Eduardo Rocha,"dev backend, cafe e gatos",2022-04-29 03:00:00,1605,136,122,586,0,0,"bom dia, cafe e mais um dia de trabalho por aqui ate semana que vem",0
paula_rocha,Carla Lima,"dev backend, cafe e gatos",2022-08-30 19:00:00,1481,308,170,132,0,0,alguem ai assistiu o jogo de ontem? que segundo tempo ate semana que vem,0
diego_rocha35,Lucas Rocha,"dev backend, cafe e gatos",2025-08-01 01:00:00,415,70,53,49,0,0,"bom dia, cafe e mais um dia de trabalho por aqui enfim",0
juliana_lima50,Paula Rocha,musico nos fins de semana,2026-07-03 18:00:00,78,3,401,219,0,0,"obrigada pelas mensagens de aniversario, gente ate semana que vem",0
paula_lima82,Otavio Alves,professora de historia,2015-10-25 17:00:00,3982,187,240,1435,0,0,alguem ai assistiu o jogo de ontem? que segundo tempo bora pra cima,0
promo6505094,Ana 7712,,2026-07-18 14:24:00,63,1,1586,2211,1,0,RENDA EXTRA de R$ 300 por dia!!! clique no link da bio e comece hoje https://tinyurl.com/6u7wsm,1
fernanda_lima,Otavio Alves,"pai do Theo, torcedor sofredor",2025-06-13 18:00:00,463,371,391,216,0,0,recomendo muito esse restaurante novo no centro de Recife valeu quem ajudou,0
gustavo_lima,Otavio Souza,fotografa e mae de dois,2017-07-29 19:00:00,3339,57,54,96,0,0,opiniao impopular: filme antigo e melhor que remake depois conto o resto,0
bruno_alves81,Helena Lima,"pai do Theo, torcedor sofredor",2025-09-13 10:00:00,372,141,168,694,0,0,dica pra quem estuda seguranca: pratique em laboratorio proprio bora pra cima (61),0
mariana_alves,Carla Silva,professora de historia,2023-12-08 11:00:00,1017,448,540,3494,1,0,"obrigada pelas mensagens de aniversario, gente depois conto o resto",0
otavio_alves,Paula Silva,analista de dados em Salvador,2013-07-14 00:00:00,4816,1130,813,329,0,0,"terminei de ler o livro que a Diego indicou, valeu a pena bora pra cima",0
invest9733473,Invest Bot,,2025-10-13 14:27:00,341,2,1887,2865,1,0,RENDA EXTRA de R$ 300 por dia!!! clique no link da bio e comece hoje https://cutt.ly/k6nw2g,1
otavio_lima64,Helena Alves,estudante de enfermagem,2020-01-20 12:00:00,2435,83,85,1174,0,0,recomendo muito esse restaurante novo no centro de Porto Alegre bora pra cima,0
paula_lima,Lucas Rocha,professora de historia,2026-09-10 18:00:00,9,14,410,16,0,0,"obrigada pelas mensagens de aniversario, gente bora pra cima",0
lucas_silva75,Eduardo Rocha,,2017-05-28 00:00:00,3402,27,36,44,0,0,dica pra quem estuda seguranca: pratique em laboratorio proprio bora pra cima (24),0
ana_rocha85,Otavio Alves,analista de dados em Recife,2019-07-11 16:00:00,2627,157,155,1175,0,0,alguem ai assistiu o jogo de ontem? que segundo tempo recomendo,0
lucas_souza23,Carla Silva,analista de dados em Sao Paulo,2023-02-14 03:00:00,1314,304,408,386,0,0,"terminei de ler o livro que a Nara indicou, valeu a pena bora pra cima (48)",0
juliana_silva6,Bruno Lima,estudante de enfermagem,2019-01-01 04:00:00,2819,1998,3713,382,0,0,promocao de hoje na loja: cupom de 20% pra quem chegar antes do meio dia,0
ana2116921,Invest Bot,,2026-02-23 14:34:00,208,11,1993,5872,1,0,RENDA EXTRA de R$ 300 por dia!!! clique no link da bio e comece hoje https://encurtador.com.br/9ng61e,1
rafael_rocha36,Paula Martins,fotografa e mae de dois,2023-03-02 13:00:00,1297,93,156,161,0,0,melhor serie do ano sem discussao valeu quem ajudou,1
ganhe3068907,Promo 999,,2026-02-03 12:02:00,228,1,499,6994,1,0,"Cupom exclusivo de R$ 200, ultimas vagas, clique no link https://tinyurl.com/b3bruv",1
mariana_lima60,Bruno Souza,musico nos fins de semana,2015-01-27 21:00:00,4253,365,492,25,0,0,"chuva forte aqui em Salvador hoje, transito parado amanha continuo (69)",0
otavio_silva,Lucas Silva,,2020-08-05 22:00:00,2236,319,353,1023,0,0,opiniao impopular: filme antigo e melhor que remake depois conto o resto,0
bruno_lima67,Nara Alves,estudante de enfermagem,2015-01-30 05:00:00,4251,44,41,188,0,0,"obrigada pelas mensagens de aniversario, gente que dia",0
rafael_lima,Gustavo Alves,musico nos fins de semana,2025-05-02 11:00:00,506,744,262,688,0,0,"bom dia, cafe e mais um dia de trabalho por aqui valeu quem ajudou (13)",0
igor_souza20,Carla Lima,"dev backend, cafe e gatos",2018-04-09 14:00:00,3085,85,23,323,0,0,alguem ai assistiu o jogo de ontem? que segundo tempo valeu quem ajudou,0
lucas_lima,Gustavo Lima,"dev backend, cafe e gatos",2021-12-18 08:00:00,1737,597,961,662,0,0,"treino feito, 6km hoje. devagar mas chegando valeu quem ajudou",0
bruno_rocha19,Igor Rocha,musico nos fins de semana,2017-05-25 02:00:00,3405,236,474,275,0,0,alguem ai assistiu o jogo de ontem? que segundo tempo no fim deu certo,0
paula_lima7,Bruno Alves,analista de dados em Recife,2023-04-20 00:00:00,1249,465,242,1065,0,0,"treino feito, 6km hoje. devagar mas chegando valeu quem ajudou",0
ana_rocha,Gustavo Alves,analista de dados em Belem,2020-03-20 15:00:00,2374,323,102,720,0,0,alguem ai assistiu o jogo de ontem? que segundo tempo enfim (2),0
paula_rocha,Lucas Lima,professora de historia,2014-10-28 14:00:00,4344,87,138,557,0,0,alguem ai assistiu o jogo de ontem? que segundo tempo depois conto o resto,0
ana_lima78,Eduardo Silva,musico nos fins de semana,2019-04-13 06:00:00,2717,153,249,777,0,0,dica pra quem estuda seguranca: pratique em laboratorio proprio no fim deu certo (5),0
gustavo_silva,Helena Alves,analista de dados em Recife,2026-09-07 17:00:00,12,4,401,47,0,0,"treino feito, 6km hoje. devagar mas chegando amanha continuo",0
rafael_alves76,Carla Rocha,analista de dados em Porto Alegre,2023-04-28 08:00:00,1241,120,53,504,0,0,"terminei de ler o livro que a Ana indicou, valeu a pena",0
nara_silva88,Mariana Souza,"pai do Theo, torcedor sofredor",2017-10-20 22:00:00,3256,304,380,587,0,0,"treino feito, 6km hoje. devagar mas chegando valeu quem ajudou",0
gustavo_souza,Lucas Alves,fotografa e mae de dois,2022-02-16 16:00:00,1676,245,167,265,0,0,"chuva forte aqui em Salvador hoje, transito parado depois conto o resto",0
gustavo_lima,Gustavo Alves,,2021-03-05 19:00:00,2024,185,239,418,0,0,"treino feito, 6km hoje. devagar mas chegando que dia (40)",0
carla_souza39,Diego Souza,musico nos fins de semana,2018-07-17 06:00:00,2987,117,162,304,0,0,opiniao impopular: filme antigo e melhor que remake enfim,0
nara_rocha,Diego Lima,professora de historia,2019-04-30 03:00:00,2700,359,610,300,0,0,"vagas limitadas no curso de bolo caseiro, chama no direct pra reservar",0
lucro9039516,Renda Extra 24h,link na bio https://encurtador.com.br/wlanc4,2026-06-08 15:05:00,103,2,2100,4382,1,0,"Cupom exclusivo de R$ 200, ultimas vagas, clique no link https://encurtador.com.br/wlanc4",1
lucas_alves94,Carla Alves,professora de historia,2012-07-19 15:00:00,5175,255,362,2537,0,0,"bom dia, cafe e mais um dia de trabalho por aqui que dia",0
nara_silva48,Paula Rocha,estudante de enfermagem,2013-10-24 03:00:00,4714,692,409,487,0,0,dica pra quem estuda seguranca: pratique em laboratorio proprio valeu quem ajudou (76),0
otavio_rocha,Otavio Souza,estudante de enfermagem,2018-12-15 19:00:00,2835,114,91,1177,1,0,dica pra quem estuda seguranca: pratique em laboratorio proprio no fim deu certo,0
bruno_alves89,Juliana Alves,musico nos fins de semana,2025-06-16 18:00:00,460,23,24,181,0,0,"terminei de ler o livro que a Carla indicou, valeu a pena ate semana que vem (79)",0
bruno_rocha,Rafael Lima,"dev backend, cafe e gatos",2020-12-02 07:00:00,2118,2403,2374,202,0,0,alguem ai assistiu o jogo de ontem? que segundo tempo enfim,0
diego_souza0,Juliana Alves,estudante de enfermagem,2019-07-25 21:00:00,2613,899,1558,431,0,0,dica pra quem estuda seguranca: pratique em laboratorio proprio enfim (40),0
juliana_rocha,Diego Alves,analista de dados em Goiania,2022-07-25 14:00:00,1517,250,501,1472,0,0,opiniao impopular: filme antigo e melhor que remake,0
bruno_rocha16,Nara Rocha,,2019-08-20 08:00:00,2588,56,105,150,0,0,opiniao impopular: filme antigo e melhor que remake no fim deu certo (16),0
diego_lima,Mariana Souza,corredora amadora | 42k,2022-01-21 03:00:00,1703,36,34,4085,0,0,"treino feito, 6km hoje. devagar mas chegando valeu quem ajudou (43)",0
juliana_rocha,Diego Alves,estudante de enfermagem,2025-11-27 09:00:00,297,508,593,1092,0,0,alguem ai assistiu o jogo de ontem? que segundo tempo ate semana que vem,0
bruno_alves27,Gustavo Souza,estudante de enfermagem,2026-09-14 14:00:00,5,7,410,42,0,0,alguem ai assistiu o jogo de ontem? que segundo tempo recomendo,0
igor_souza35,Otavio Souza,,2014-04-20 00:00:00,4536,73,137,495,0,0,dica pra quem estuda seguranca: pratique em laboratorio proprio recomendo,0
mariana_silva30,Carla Souza,,2015-04-04 10:00:00,4187,22,28,658,0,0,"treino feito, 6km hoje. devagar mas chegando que dia",0
rafael_lima,Igor Alves,"pai do Theo, torcedor sofredor",2022-03-21 16:00:00,1643,354,661,463,0,0,dica pra quem estuda seguranca: pratique em laboratorio proprio no fim deu certo (73),0
helena_silva,Mariana Souza,estudante de enfermagem,2014-08-31 01:00:00,4403,101,74,1151,0,0,"treino feito, 6km hoje. devagar mas chegando valeu quem ajudou",0
diego_souza,Bruno Silva,estudante de enfermagem,2020-02-15 01:00:00,2409,320,564,429,0,0,recomendo muito esse restaurante novo no centro de Recife que dia (63),0
juliana_lima,Gustavo Souza,fotografa e mae de dois,2026-08-31 12:00:00,20,7,414,83,0,0,"treino feito, 6km hoje. devagar mas chegando coisa de louco",0
mariana_alves71,Igor Silva,professora de historia,2015-08-26 16:00:00,4042,140,291,5004,0,0,"chuva forte aqui em Curitiba hoje, transito parado recomendo",0
gustavo_souza44,Diego Lima,"dev backend, cafe e gatos",2025-04-08 17:00:00,529,622,1133,986,0,0,"bom dia, cafe e mais um dia de trabalho por aqui enfim (68)",0
user2716580,Ganhe 1000,link na bio https://tinyurl.com/kpz6ed,2026-03-10 12:54:00,193,9,1712,2294,1,0,"Sinal gratis de aposta, lucro garantido hoje!!! https://tinyurl.com/kpz6ed",1
bruno_alves,Carla Souza,,2015-05-14 14:00:00,4146,229,196,2178,0,0,"terminei de ler o livro que a Carla indicou, valeu a pena amanha continuo (45)",0
paula_alves,Lucas Rocha,corredora amadora | 42k,2019-08-24 21:00:00,2583,115,153,3922,0,0,"consegui finalmente organizar a planilha do mes, vitoria pessoal enfim",0
invest4359599,Promo 999,link na bio https://bit.ly/gs7ft5,2026-06-08 12:45:00,103,44,2157,4460,1,0,SEGUIDORES GRATIS!!! siga de volta e me chama no whats https://bit.ly/gs7ft5,1
mariana_lima22,Nara Alves,,2014-11-28 22:00:00,4313,129,190,484,0,0,"vagas limitadas no curso de bolo caseiro, chama no direct pra reservar",0
mariana_rocha,Diego Souza,,2016-05-12 13:00:00,3782,108,152,362,0,0,"bom dia, cafe e mais um dia de trabalho por aqui",0
carla_rocha,Nara Rocha,,2018-11-17 14:00:00,2863,80,101,446,0,0,"terminei de ler o livro que a Diego indicou, valeu a pena bora pra cima",0
helena_rocha32,Igor Rocha,"dev backend, cafe e gatos",2014-09-17 14:00:00,4385,691,1047,164,0,0,"bom dia, cafe e mais um dia de trabalho por aqui",0
bruno_rocha19,Nara Souza,,2014-11-30 13:00:00,4311,109,196,179,0,1,"bom dia, cafe e mais um dia de trabalho por aqui amanha continuo",0
mariana_silva85,Bruno Lima,estudante de enfermagem,2025-09-29 00:00:00,356,339,546,645,0,0,dica pra quem estuda seguranca: pratique em laboratorio proprio enfim,0
paula_alves17,Mariana Rocha,fotografa e mae de dois,2015-07-08 13:00:00,4091,599,1187,578,0,0,"treino feito, 6km hoje. devagar mas chegando ate semana que vem",0
diego_silva,Carla Lima,analista de dados em Belem,2026-07-15 12:00:00,67,12,418,205,0,0,"renda extra? venha ser revendedora comigo, explico tudo https://encurtador.com.br/k5c9qz",0
igor_souza,Juliana Lima,"dev backend, cafe e gatos",2020-07-15 20:00:00,2257,713,205,687,0,0,opiniao impopular: filme antigo e melhor que remake enfim (15),0
fernanda_silva,Helena Souza,"dev backend, cafe e gatos",2025-07-21 22:00:00,425,233,98,483,0,0,opiniao impopular: filme antigo e melhor que remake enfim,0
diego_rocha,Lucas Lima,"dev backend, cafe e gatos",2013-02-13 23:00:00,4966,28,54,805,0,0,"chuva forte aqui em Salvador hoje, transito parado bora pra cima",0
igor_silva94,Mariana Lima,musico nos fins de semana,2022-03-20 00:00:00,1645,146,298,270,0,0,alguem ai assistiu o jogo de ontem? que segundo tempo bora pra cima,0
diego_rocha59,Carla Silva,analista de dados em Porto Alegre,2016-06-09 04:00:00,3755,476,148,648,0,0,"consegui finalmente organizar a planilha do mes, vitoria pessoal ate semana que vem (41)",0
carla_alves,Bruno Souza,,2020-08-02 13:00:00,2239,341,465,1115,0,0,alguem ai assistiu o jogo de ontem? que segundo tempo,0
promo8711587,Promo 999,,2026-03-10 14:12:00,193,21,1068,8510,1,0,"Cupom exclusivo de R$ 200, ultimas vagas, clique no link https://is.gd/t1vwds",1
carla_lima,Igor Silva,corredora amadora | 42k,2018-11-25 22:00:00,2855,77,142,388,0,0,"consegui finalmente organizar a planilha do mes, vitoria pessoal ate semana que vem",0
igor_rocha,Fernanda Rocha,corredora amadora | 42k,2025-06-05 00:00:00,472,258,287,81,0,0,"treino feito, 6km hoje. devagar mas chegando valeu quem ajudou",0
juliana_alves17,Nara Lima,corredora amadora | 42k,2020-05-21 22:00:00,2312,343,512,1575,0,0,"treino feito, 6km hoje. devagar mas chegando que dia",0
carla_rocha,Otavio Souza,corredora amadora | 42k,2026-03-17 21:00:00,186,690,274,139,0,0,"consegui finalmente organizar a planilha do mes, vitoria pessoal que dia",0
carla_souza37,Ana Lima,estudante de enfermagem,2019-03-30 02:00:00,2731,260,133,4264,1,0,"bom dia, cafe e mais um dia de trabalho por aqui no mais, tudo tranquilo (70)",0
gustavo_lima,Rafael Lima,estudante de enfermagem,2013-08-30 17:00:00,4768,1111,703,220,0,0,"bom dia, cafe e mais um dia de trabalho por aqui no mais, tudo tranquilo",0
juliana_souza,Paula Silva,"pai do Theo, torcedor sofredor",2014-02-28 14:00:00,4586,40,19,289,0,0,recomendo muito esse restaurante novo no centro de Sao Paulo bora pra cima,0
juliana_lima27,Otavio Rocha,estudante de enfermagem,2020-02-29 15:00:00,2394,175,203,980,0,0,"bom dia, cafe e mais um dia de trabalho por aqui",0
juliana_lima,Paula Lima,estudante de enfermagem,2026-08-30 21:00:00,20,12,423,72,0,0,"bom dia, cafe e mais um dia de trabalho por aqui depois conto o resto",0
eduardo_alves31,Paula Silva,"pai do Theo, torcedor sofredor",2026-07-30 04:00:00,52,12,420,166,0,0,"chuva forte aqui em Belem hoje, transito parado depois conto o resto (62)",0
carla_rocha,Otavio Lima,musico nos fins de semana,2020-05-15 01:00:00,2319,71,63,153,0,0,"terminei de ler o livro que a Otavio indicou, valeu a pena enfim",0
paula_souza0,Carla Lima,fotografa e mae de dois,2024-10-29 08:00:00,691,1717,2564,565,0,0,"consegui finalmente organizar a planilha do mes, vitoria pessoal no mais, tudo tranquilo",0
lucro4695428,Invest Bot,,2026-07-18 15:37:00,63,3,2741,3272,0,0,"GANHE DINHEIRO em casa!!! vagas limitadas, chama no direct agora https://tinyurl.com/jxqw4z",1
carla_rocha67,Eduardo Lima,"dev backend, cafe e gatos",2017-11-27 12:00:00,3219,57,77,2540,0,0,"consegui finalmente organizar a planilha do mes, vitoria pessoal amanha continuo",0
paula_rocha,Nara Souza,analista de dados em Salvador,2012-12-07 05:00:00,5035,169,198,976,0,0,"treino feito, 6km hoje. devagar mas chegando recomendo (87)",0
juliana_rocha13,Igor Rocha,"dev backend, cafe e gatos",2019-04-08 19:00:00,2721,358,644,454,0,0,"terminei de ler o livro que a Juliana indicou, valeu a pena",0
juliana_souza,Lucas Rocha,corredora amadora | 42k,2015-03-12 15:00:00,4209,68,35,506,0,0,"renda extra? venha ser revendedora comigo, explico tudo https://cutt.ly/kpjtqq",0
promo2513533,Ganhe 1000,,2026-02-23 16:06:00,208,0,2359,11623,1,0,RENDA EXTRA de R$ 300 por dia!!! clique no link da bio e comece hoje https://bit.ly/c3l4bi,1
mariana_souza,Mariana Alves,,2020-06-20 01:00:00,2283,25,44,407,1,0,opiniao impopular: filme antigo e melhor que remake enfim,0
user915066,Ana 7712,,2026-06-03 14:55:00,108,32,1404,3302,1,0,"GANHE DINHEIRO em casa!!! vagas limitadas, chama no direct agora https://is.gd/pyn19h",1
otavio_silva13,Igor Lima,fotografa e mae de dois,2018-02-25 03:00:00,3129,925,320,1260,0,0,alguem ai assistiu o jogo de ontem? que segundo tempo depois conto o resto,0
nara_lima51,Paula Neves,professora de historia,2023-09-02 18:00:00,1113,123,189,126,0,0,quem ai tambem acordou cedo pra treinar? recomendo,1
carla_alves,Juliana Souza,corredora amadora | 42k,2020-01-09 23:00:00,2445,26,12,3650,0,0,recomendo muito esse restaurante novo no centro de Goiania bora pra cima,0
mariana_silva,Bruno Alves,analista de dados em Curitiba,2026-07-17 17:00:00,64,0,400,166,1,0,"treino feito, 6km hoje. devagar mas chegando",0
gustavo_rocha,Lucas Silva,fotografa e mae de dois,2024-12-12 05:00:00,647,417,735,116,0,0,alguem ai assistiu o jogo de ontem? que segundo tempo que dia (15),0
ganhe9631568,Ganhe 1000,link na bio https://is.gd/5xz92w,2026-06-03 12:49:00,108,17,2729,5303,1,0,"Cupom exclusivo de R$ 200, ultimas vagas, clique no link https://is.gd/5xz92w",1
helena_lima,Lucas Lima,"dev backend, cafe e gatos",2022-02-10 18:00:00,1682,518,675,738,0,0,recomendo muito esse restaurante novo no centro de Salvador recomendo,0
diego_alves,Eduardo Alves,professora de historia,2022-06-25 09:00:00,1548,211,434,162,0,0,recomendo muito esse restaurante novo no centro de Recife enfim,0
bruno_silva14,Paula Silva,professora de historia,2018-02-21 15:00:00,3132,269,219,91,0,0,"consegui finalmente organizar a planilha do mes, vitoria pessoal (83)",0
bruno_rocha,Juliana Alves,corredora amadora | 42k,2026-07-12 01:00:00,70,16,431,211,0,0,"obrigada pelas mensagens de aniversario, gente recomendo",0
juliana_souza,Fernanda Lima,estudante de enfermagem,2016-11-29 10:00:00,3582,238,380,1507,0,0,"treino feito, 6km hoje. devagar mas chegando depois conto o resto",0
mariana_lima81,Nara Lima,estudante de enfermagem,2015-05-21 15:00:00,4139,353,741,1780,0,0,"chuva forte aqui em Curitiba hoje, transito parado depois conto o resto",0
bruno_lima,Rafael Souza,,2026-07-07 01:00:00,75,26,452,216,0,0,"terminei de ler o livro que a Gustavo indicou, valeu a pena recomendo",0
diego_alves34,Diego Souza,fotografa e mae de dois,2026-07-04 07:00:00,78,5,407,223,0,0,recomendo muito esse restaurante novo no centro de Sao Paulo ate semana que vem,0
rafael_souza16,Rafael Alves,analista de dados em Recife,2019-03-06 16:00:00,2754,91,85,134,0,0,"treino feito, 6km hoje. devagar mas chegando",0
eduardo_alves87,Bruno Lima,professora de historia,2014-12-06 17:00:00,4305,157,208,313,0,0,"terminei de ler o livro que a Ana indicou, valeu a pena que dia (60)",0
otavio_alves94,Rafael Alves,analista de dados em Goiania,2026-09-06 16:00:00,13,0,400,47,0,0,"bom dia, cafe e mais um dia de trabalho por aqui enfim (47)",0
igor_silva,Eduardo Silva,analista de dados em Recife,2021-05-24 21:00:00,1944,132,91,1685,0,0,"treino feito, 6km hoje. devagar mas chegando no fim deu certo (66)",0
nara_lima61,Igor Lima,estudante de enfermagem,2012-08-23 22:00:00,5140,451,801,1015,1,0,"consegui finalmente organizar a planilha do mes, vitoria pessoal no fim deu certo",0
lucro4531142,Renda Extra 24h,,2026-02-03 16:03:00,228,15,2883,5442,0,0,Airdrop de cripto liberado! dobre seu investimento em 24h https://bit.ly/wj0p7g,1
diego_silva64,Juliana Souza,analista de dados em Sao Paulo,2024-09-25 03:00:00,725,212,167,6017,0,0,alguem ai assistiu o jogo de ontem? que segundo tempo bora pra cima,0
lucas_lima,Diego Rocha,professora de historia,2014-06-06 08:00:00,4489,65,97,559,0,0,"obrigada pelas mensagens de aniversario, gente que dia",0
carla_alves8,Helena Silva,"pai do Theo, torcedor sofredor",2017-08-02 08:00:00,3336,606,839,42,0,0,alguem ai assistiu o jogo de ontem? que segundo tempo recomendo (86),0
fernanda_souza48,Fernanda Rocha,estudante de enfermagem,2022-02-20 21:00:00,1672,667,962,512,0,0,"treino feito, 6km hoje. devagar mas chegando coisa de louco (73)",0
bruno_lima78,Bruno Rocha,corredora amadora | 42k,2022-12-06 23:00:00,1383,50,52,429,0,0,opiniao impopular: filme antigo e melhor que remake enfim,0
helena_silva21,Igor Souza,musico nos fins de semana,2013-11-17 22:00:00,4689,179,74,377,0,0,"treino feito, 6km hoje. devagar mas chegando ate semana que vem",0
gustavo_lima65,Juliana Lima,"pai do Theo, torcedor sofredor",2025-10-29 14:00:00,325,236,194,217,0,0,recomendo muito esse restaurante novo no centro de Goiania no fim deu certo,0
lucas_souza,Eduardo Silva,fotografa e mae de dois,2017-06-24 20:00:00,3374,1472,711,272,0,0,dica pra quem estuda seguranca: pratique em laboratorio proprio que dia,0
otavio_silva74,Igor Souza,,2018-01-29 21:00:00,3155,165,143,1189,0,0,alguem ai assistiu o jogo de ontem? que segundo tempo valeu quem ajudou (4),0
user6302543,Ana 7712,,2026-06-03 13:42:00,108,14,1558,5398,1,0,Airdrop de cripto liberado! dobre seu investimento em 24h https://encurtador.com.br/k197m1,1
juliana_rocha,Nara Lima,,2015-03-19 22:00:00,4202,149,294,702,0,0,"terminei de ler o livro que a Diego indicou, valeu a pena enfim (80)",0
ana_lima,Eduardo Silva,,2020-11-22 15:00:00,2127,277,218,3290,0,0,alguem ai assistiu o jogo de ontem? que segundo tempo ate semana que vem,0
rafael_lima,Nara Rocha,estudante de enfermagem,2018-02-24 22:00:00,3129,363,352,249,0,0,"chuva forte aqui em Salvador hoje, transito parado recomendo",0
juliana_alves66,Gustavo Alves,musico nos fins de semana,2012-12-27 17:00:00,5014,509,285,1129,0,0,recomendo muito esse restaurante novo no centro de Porto Alegre coisa de louco,0
paula_alves,Carla Rocha,,2020-03-27 04:00:00,2368,4112,5000,129,0,0,recomendo muito esse restaurante novo no centro de Porto Alegre ate semana que vem,0
paula_lima86,Bruno Rocha,fotografa e mae de dois,2014-11-05 10:00:00,4337,184,52,3656,0,0,"chuva forte aqui em Curitiba hoje, transito parado ate semana que vem",0
fernanda_souza,Rafael Alves,"dev backend, cafe e gatos",2014-12-20 23:00:00,4291,633,956,224,0,0,"terminei de ler o livro que a Otavio indicou, valeu a pena",0
bruno_silva,Nara Silva,professora de historia,2016-04-01 14:00:00,3823,107,223,381,0,0,"obrigada pelas mensagens de aniversario, gente amanha continuo",0
ganhe4174932,Ana 7712,,2026-02-03 15:08:00,228,8,321,8099,1,0,Airdrop de cripto liberado! dobre seu investimento em 24h https://encurtador.com.br/ypq9xa,1
paula_rocha51,Helena Silva,"dev backend, cafe e gatos",2017-10-08 13:00:00,3268,224,202,267,0,0,"treino feito, 6km hoje. devagar mas chegando que dia",0
user6467999,Renda Extra 24h,,2026-06-08 13:00:00,103,5,1651,1098,1,0,"GANHE DINHEIRO em casa!!! vagas limitadas, chama no direct agora https://is.gd/8qpe02",1
paula_lima35,Bruno Souza,,2021-02-06 09:00:00,2052,322,662,1418,0,0,opiniao impopular: filme antigo e melhor que remake ate semana que vem,0
invest7140830,Renda Extra 24h,,2026-02-03 14:06:00,228,13,1103,8751,1,0,SEGUIDORES GRATIS!!! siga de volta e me chama no whats https://bit.ly/025tl4,1
mariana_lima12,Igor Silva,,2015-07-28 11:00:00,4072,106,31,1657,0,0,"vagas limitadas no curso de bolo caseiro, chama no direct pra reservar",0
ana_rocha27,Diego Alves,analista de dados em Salvador,2021-05-19 09:00:00,1950,152,230,946,0,1,alguem ai assistiu o jogo de ontem? que segundo tempo que dia (4),0
ganhe3824207,Ganhe 1000,,2026-02-23 12:17:00,208,2,1148,4039,1,0,"Cupom exclusivo de R$ 200, ultimas vagas, clique no link https://is.gd/e6yhiu",1
paula_lima,Gustavo Silva,"dev backend, cafe e gatos",2024-07-07 04:00:00,805,1207,345,160,0,0,dica pra quem estuda seguranca: pratique em laboratorio proprio recomendo,0
lucas_rocha31,Rafael Souza,corredora amadora | 42k,2023-09-09 09:00:00,1107,500,684,517,0,0,"chuva forte aqui em Belem hoje, transito parado recomendo (68)",0
juliana_rocha69,Gustavo Alves,,2026-08-13 09:00:00,38,7,406,107,0,0,recomendo muito esse restaurante novo no centro de Recife valeu quem ajudou,0
mariana_souza,Paula Souza,musico nos fins de semana,2026-08-27 10:00:00,24,3,400,52,0,0,"obrigada pelas mensagens de aniversario, gente bora pra cima",0
gustavo_lima,Carla Souza,fotografa e mae de dois,2026-02-19 22:00:00,212,455,749,403,0,0,recomendo muito esse restaurante novo no centro de Curitiba,0
lucas_alves46,Paula Rocha,"dev backend, cafe e gatos",2019-08-27 23:00:00,2580,262,451,1879,0,0,"opiniao impopular: filme antigo e melhor que remake no mais, tudo tranquilo",0
carla_lima63,Mariana Prado,professora de historia,2023-04-05 08:00:00,1264,348,143,11606,0,0,quem ai tambem acordou cedo pra treinar? ate semana que vem,1
lucas_alves,Diego Souza,professora de historia,2021-10-15 18:00:00,1800,62,39,713,0,0,"chuva forte aqui em Salvador hoje, transito parado ate semana que vem",0
paula_souza35,Bruno Alves,fotografa e mae de dois,2017-11-02 21:00:00,3243,84,120,1583,0,0,"obrigada pelas mensagens de aniversario, gente recomendo (76)",0
paula_lima40,Carla Silva,estudante de enfermagem,2021-10-25 00:00:00,1791,256,252,963,0,0,"chuva forte aqui em Recife hoje, transito parado bora pra cima (77)",0
fernanda_alves75,Helena Lima,professora de historia,2023-12-11 20:00:00,1013,418,501,358,0,0,"consegui finalmente organizar a planilha do mes, vitoria pessoal depois conto o resto",0
juliana_rocha,Carla Souza,corredora amadora | 42k,2024-01-05 06:00:00,989,342,501,284,0,0,"obrigada pelas mensagens de aniversario, gente",0
paula_lima70,Gustavo Lima,"dev backend, cafe e gatos",2026-07-12 13:00:00,69,4,401,239,0,0,"consegui finalmente organizar a planilha do mes, vitoria pessoal recomendo",0
lucas_alves72,Eduardo Rocha,,2022-06-11 21:00:00,1561,1248,2239,2106,0,0,"treino feito, 6km hoje. devagar mas chegando enfim (70)",0
carla_alves,Gustavo Lima,analista de dados em Sao Paulo,2025-05-12 13:00:00,495,870,1450,807,0,0,recomendo muito esse restaurante novo no centro de Sao Paulo amanha continuo,0
carla_alves26,Ana Lima,"dev backend, cafe e gatos",2012-10-15 08:00:00,5088,44,49,86,0,0,"bom dia, cafe e mais um dia de trabalho por aqui enfim (17)",0
bruno_alves57,Fernanda Alves,estudante de enfermagem,2026-09-16 13:00:00,3,24,437,10,0,0,recomendo muito esse restaurante novo no centro de Sao Paulo amanha continuo (82),0
nara_lima83,Carla Souza,professora de historia,2025-01-11 19:00:00,616,69,83,189,0,0,alguem ai assistiu o jogo de ontem? que segundo tempo amanha continuo,0
gustavo_alves,Gustavo Alves,professora de historia,2023-04-17 09:00:00,1252,138,64,615,0,0,"obrigada pelas mensagens de aniversario, gente valeu quem ajudou",0
rafael_alves,Ana Rocha,,2023-06-15 20:00:00,1192,740,190,2084,0,0,"bom dia, cafe e mais um dia de trabalho por aqui enfim",0
rafael_rocha,Mariana Lima,,2023-03-27 02:00:00,1273,617,409,320,0,0,dica pra quem estuda seguranca: pratique em laboratorio proprio bora pra cima,0
eduardo_souza,Helena Lima,fotografa e mae de dois,2022-12-12 06:00:00,1378,491,480,1833,0,0,dica pra quem estuda seguranca: pratique em laboratorio proprio ate semana que vem,0
juliana_silva23,Rafael Rocha,analista de dados em Goiania,2017-03-05 12:00:00,3486,210,305,91,0,0,"bom dia, cafe e mais um dia de trabalho por aqui no fim deu certo (2)",0
diego_lima,Diego Souza,corredora amadora | 42k,2013-04-25 00:00:00,4896,237,429,759,1,0,opiniao impopular: filme antigo e melhor que remake que dia,0
gustavo_souza,Mariana Rocha,professora de historia,2019-01-06 11:00:00,2814,282,371,105,0,0,"terminei de ler o livro que a Bruno indicou, valeu a pena que dia",0
lucro6401640,Ana 7712,,2026-06-08 14:45:00,103,13,2628,3853,1,0,SEGUIDORES GRATIS!!! siga de volta e me chama no whats https://bit.ly/5vvchp,1
otavio_lima,Fernanda Souza,professora de historia,2026-07-25 07:00:00,57,1,400,189,0,0,"chuva forte aqui em Porto Alegre hoje, transito parado no mais, tudo tranquilo",0
ana_silva21,Otavio Silva,estudante de enfermagem,2025-07-29 17:00:00,417,139,183,290,0,0,"terminei de ler o livro que a Juliana indicou, valeu a pena valeu quem ajudou (17)",0
lucas_lima,Carla Silva,fotografa e mae de dois,2012-06-28 04:00:00,5197,72,20,148,0,0,"bom dia, cafe e mais um dia de trabalho por aqui bora pra cima (25)",0
helena_silva41,Gustavo Lima,analista de dados em Recife,2013-11-03 06:00:00,4704,532,597,856,0,0,"bom dia, cafe e mais um dia de trabalho por aqui no fim deu certo",0
igor_alves5,Fernanda Lima,,2018-03-18 17:00:00,3107,53,111,365,0,0,opiniao impopular: filme antigo e melhor que remake enfim,0
ana_lima,Helena Lima,fotografa e mae de dois,2019-01-28 19:00:00,2791,68,60,559,0,0,"obrigada pelas mensagens de aniversario, gente no mais, tudo tranquilo",0
helena_silva,Diego Alves,"dev backend, cafe e gatos",2018-02-23 06:00:00,3131,88,71,803,0,0,"treino feito, 6km hoje. devagar mas chegando enfim",0
promo3302785,Invest Bot,link na bio https://tinyurl.com/jbe7ai,2026-06-03 13:55:00,108,8,1384,2446,1,0,"Sinal gratis de aposta, lucro garantido hoje!!! https://tinyurl.com/jbe7ai",1
rafael_rocha,Eduardo Alves,,2016-01-15 21:00:00,3900,152,277,1119,0,0,"bom dia, cafe e mais um dia de trabalho por aqui bora pra cima",0
gustavo_souza81,Diego Rocha,fotografa e mae de dois,2019-11-26 23:00:00,2489,889,1667,232,0,0,"bom dia, cafe e mais um dia de trabalho por aqui no fim deu certo",0
nara_alves,Rafael Rocha,,2018-01-03 07:00:00,3182,55,26,271,0,0,"chuva forte aqui em Sao Paulo hoje, transito parado ate semana que vem",0
nara_alves,Paula Silva,,2017-08-07 08:00:00,3331,125,232,2482,1,0,"treino feito, 6km hoje. devagar mas chegando valeu quem ajudou",0
paula_alves4,Eduardo Alves,analista de dados em Porto Alegre,2021-12-27 06:00:00,1728,131,95,488,1,0,"dica pra quem estuda seguranca: pratique em laboratorio proprio no mais, tudo tranquilo (53)",0
eduardo_silva93,Helena Souza,analista de dados em Curitiba,2026-09-06 11:00:00,14,5,404,59,0,0,dica pra quem estuda seguranca: pratique em laboratorio proprio,0
juliana_lima,Lucas Silva,corredora amadora | 42k,2022-11-11 19:00:00,1408,705,797,869,0,0,"chuva forte aqui em Porto Alegre hoje, transito parado amanha continuo",0
carla_alves67,Bruno Rocha,,2015-01-29 03:00:00,4252,80,109,6322,0,0,dica pra quem estuda seguranca: pratique em laboratorio proprio coisa de louco (9),0
otavio_rocha,Rafael Alves,"dev backend, cafe e gatos",2017-10-31 21:00:00,3245,249,396,260,0,0,"treino feito, 6km hoje. devagar mas chegando no mais, tudo tranquilo (44)",0
otavio_lima,Eduardo Lima,analista de dados em Porto Alegre,2013-09-24 03:00:00,4744,467,1001,1560,0,0,"treino feito, 6km hoje. devagar mas chegando bora pra cima",0
paula_lima,Mariana Souza,corredora amadora | 42k,2024-02-22 22:00:00,940,1313,1693,395,0,0,"chuva forte aqui em Curitiba hoje, transito parado depois conto o resto",0
carla_alves74,Carla Alves,,2017-06-21 00:00:00,3378,74,37,322,0,0,dica pra quem estuda seguranca: pratique em laboratorio proprio enfim,0
otavio_souza,Carla Silva,musico nos fins de semana,2017-02-22 05:00:00,3497,1194,1888,1169,0,0,"chuva forte aqui em Recife hoje, transito parado recomendo",0
helena_rocha17,Eduardo Alves,estudante de enfermagem,2026-07-07 23:00:00,74,1,401,200,0,1,"chuva forte aqui em Curitiba hoje, transito parado coisa de louco (71)",0
mariana_silva,Rafael Lima,"dev backend, cafe e gatos",2025-03-27 05:00:00,542,53,68,361,0,0,recomendo muito esse restaurante novo no centro de Goiania amanha continuo (62),0
gustavo_rocha,Bruno Souza,,2026-04-25 10:00:00,148,33,28,1137,0,0,"consegui finalmente organizar a planilha do mes, vitoria pessoal",0
gustavo_rocha45,Igor Alves,estudante de enfermagem,2022-01-18 16:00:00,1705,72,80,779,0,0,recomendo muito esse restaurante novo no centro de Belem coisa de louco,0
helena_lima55,Fernanda Silva,estudante de enfermagem,2014-05-17 10:00:00,4509,844,1443,788,0,0,dica pra quem estuda seguranca: pratique em laboratorio proprio valeu quem ajudou (96),0
igor_rocha75,Carla Rocha,corredora amadora | 42k,2012-12-29 11:00:00,5013,156,285,351,0,0,promocao de hoje na loja: cupom de 20% pra quem chegar antes do meio dia,0
gustavo_silva42,Ana Souza,analista de dados em Salvador,2016-10-29 23:00:00,3612,26,32,868,0,0,opiniao impopular: filme antigo e melhor que remake valeu quem ajudou (46),0
carla_souza,Nara Souza,estudante de enfermagem,2020-12-13 22:00:00,2106,77,121,3581,0,0,"chuva forte aqui em Sao Paulo hoje, transito parado depois conto o resto",0
paula_rocha,Bruno Silva,"pai do Theo, torcedor sofredor",2020-10-02 05:00:00,2179,158,249,139,0,0,recomendo muito esse restaurante novo no centro de Curitiba recomendo (77),0
gustavo_lima,Bruno Souza,fotografa e mae de dois,2026-09-13 21:00:00,6,27,426,38,0,0,alguem ai assistiu o jogo de ontem? que segundo tempo no fim deu certo,0
carla_alves,Paula Silva,,2026-01-26 14:00:00,236,248,477,873,0,0,opiniao impopular: filme antigo e melhor que remake valeu quem ajudou,0
paula_alves,Gustavo Rocha,fotografa e mae de dois,2017-08-28 05:00:00,3310,202,266,166,0,0,recomendo muito esse restaurante novo no centro de Curitiba recomendo,0
eduardo_silva,Paula Martins,"pai do Theo, torcedor sofredor",2019-01-17 17:00:00,2802,428,251,725,0,0,"obrigada pelas mensagens de aniversario, gente no mais, tudo tranquilo",1
bruno_rocha,Igor Silva,analista de dados em Recife,2023-10-29 03:00:00,1057,264,470,291,0,0,"consegui finalmente organizar a planilha do mes, vitoria pessoal no fim deu certo",0
ana_souza,Eduardo Lima,"dev backend, cafe e gatos",2017-08-15 13:00:00,3322,672,892,1520,0,0,"bom dia, cafe e mais um dia de trabalho por aqui enfim (81)",0
eduardo_silva,Gustavo Alves,"dev backend, cafe e gatos",2013-04-17 18:00:00,4903,626,313,186,0,0,"terminei de ler o livro que a Gustavo indicou, valeu a pena que dia",0
nara_silva,Nara Lima,fotografa e mae de dois,2018-09-17 17:00:00,2924,81,136,364,0,0,"terminei de ler o livro que a Juliana indicou, valeu a pena bora pra cima (36)",0
carla_souza59,Helena Silva,musico nos fins de semana,2014-08-22 03:00:00,4412,1431,2983,258,0,0,dica pra quem estuda seguranca: pratique em laboratorio proprio depois conto o resto,0
carla_lima60,Diego Souza,analista de dados em Belem,2026-09-03 02:00:00,17,18,426,56,0,0,"bom dia, cafe e mais um dia de trabalho por aqui depois conto o resto",0
diego_rocha29,Mariana Alves,corredora amadora | 42k,2026-02-01 12:00:00,231,135,180,1086,0,0,"chuva forte aqui em Porto Alegre hoje, transito parado coisa de louco",0
user8735404,Ana 7712,link na bio https://is.gd/xogghv,2026-02-03 14:22:00,228,7,2019,10542,0,0,"Sinal gratis de aposta, lucro garantido hoje!!! https://is.gd/xogghv",1
lucas_souza,Ana Lima,musico nos fins de semana,2017-09-29 13:00:00,3277,49,99,161,0,0,"chuva forte aqui em Curitiba hoje, transito parado no mais, tudo tranquilo",0
lucas_silva,Lucas Souza,,2015-01-06 20:00:00,4274,25,12,1313,1,0,"treino feito, 6km hoje. devagar mas chegando depois conto o resto (30)",0
gustavo_lima,Rafael Silva,professora de historia,2022-07-21 14:00:00,1521,169,123,683,0,0,"treino feito, 6km hoje. devagar mas chegando no mais, tudo tranquilo (98)",0
lucro100454,Ana 7712,,2026-02-03 13:09:00,228,6,2340,5128,1,0,Airdrop de cripto liberado! dobre seu investimento em 24h https://tinyurl.com/gln4lb,1
gustavo_souza22,Ana Rocha,analista de dados em Recife,2023-09-09 05:00:00,1107,53,38,495,0,0,"treino feito, 6km hoje. devagar mas chegando enfim",0
gustavo_souza,Carla Lima,professora de historia,2026-09-16 12:00:00,4,5,407,6,0,0,"obrigada pelas mensagens de aniversario, gente amanha continuo (71)",0
bruno_rocha58,Fernanda Silva,fotografa e mae de dois,2024-05-25 20:00:00,847,360,573,356,0,0,"bom dia, cafe e mais um dia de trabalho por aqui recomendo",0
lucas_rocha75,Mariana Silva,corredora amadora | 42k,2024-08-05 04:00:00,776,15,30,1249,0,0,promocao de hoje na loja: cupom de 20% pra quem chegar antes do meio dia,0
carla_silva88,Diego Lima,,2024-04-06 04:00:00,897,157,311,239,0,0,dica pra quem estuda seguranca: pratique em laboratorio proprio coisa de louco,0
lucas_silva26,Nara Souza,analista de dados em Goiania,2014-06-02 17:00:00,4492,97,78,15193,0,0,"treino feito, 6km hoje. devagar mas chegando recomendo",0
carla_silva51,Rafael Souza,musico nos fins de semana,2013-06-29 15:00:00,4830,291,602,699,0,0,dica pra quem estuda seguranca: pratique em laboratorio proprio ate semana que vem,0
carla_silva28,Mariana Souza,fotografa e mae de dois,2026-06-30 22:00:00,81,27,436,256,0,0,opiniao impopular: filme antigo e melhor que remake ate semana que vem (43),0
juliana_silva73,Ana Souza,"pai do Theo, torcedor sofredor",2024-04-10 10:00:00,893,1003,1691,2972,1,0,"treino feito, 6km hoje. devagar mas chegando (11)",0
user178731,Renda Extra 24h,,2026-06-03 13:31:00,108,4,1365,1958,1,0,"Sinal gratis de aposta, lucro garantido hoje!!! https://encurtador.com.br/2f3urz",1
nara_lima7,Fernanda Lima,"dev backend, cafe e gatos",2017-08-31 09:00:00,3307,142,62,141,0,0,"chuva forte aqui em Porto Alegre hoje, transito parado depois conto o resto (67)",0
nara_silva,Rafael Rocha,corredora amadora | 42k,2019-10-15 03:00:00,2532,1123,2378,519,0,0,opiniao impopular: filme antigo e melhor que remake que dia,0
lucas_souza,Carla Alves,fotografa e mae de dois,2018-09-15 22:00:00,2926,298,641,250,0,0,"bom dia, cafe e mais um dia de trabalho por aqui recomendo (75)",0
carla_souza67,Eduardo Lima,"pai do Theo, torcedor sofredor",2023-02-11 09:00:00,1317,181,352,101,0,0,"consegui finalmente organizar a planilha do mes, vitoria pessoal amanha continuo",0
rafael_silva5,Otavio Alves,fotografa e mae de dois,2015-08-17 02:00:00,4052,949,1677,1735,0,0,"bom dia, cafe e mais um dia de trabalho por aqui ate semana que vem",0
eduardo_alves,Bruno Silva,,2016-06-07 07:00:00,3757,889,1394,432,0,0,"obrigada pelas mensagens de aniversario, gente no mais, tudo tranquilo (14)",0
helena_silva91,Bruno Souza,professora de historia,2018-10-11 05:00:00,2901,39,74,324,0,0,"chuva forte aqui em Recife hoje, transito parado no fim deu certo",0
paula_rocha,Otavio Silva,analista de dados em Curitiba,2019-09-30 23:00:00,2546,105,85,34,0,0,opiniao impopular: filme antigo e melhor que remake recomendo,0
eduardo_silva34,Nara Silva,"pai do Theo, torcedor sofredor",2014-05-16 09:00:00,4510,580,163,663,0,0,"vagas limitadas no curso de bolo caseiro, chama no direct pra reservar",0
otavio_souza28,Igor Alves,corredora amadora | 42k,2018-08-13 12:00:00,2960,56,15,538,0,0,"bom dia, cafe e mais um dia de trabalho por aqui valeu quem ajudou",0
igor_rocha78,Juliana Rocha,,2022-03-21 23:00:00,1643,18,12,754,0,0,"terminei de ler o livro que a Fernanda indicou, valeu a pena amanha continuo (12)",0
lucas_alves,Igor Alves,corredora amadora | 42k,2023-05-29 10:00:00,1210,69,32,1354,0,0,dica pra quem estuda seguranca: pratique em laboratorio proprio depois conto o resto,0
diego_souza86,Bruno Lima,,2015-01-04 04:00:00,4277,377,180,156,0,0,opiniao impopular: filme antigo e melhor que remake coisa de louco (67),0
diego_alves,Diego Alves,estudante de enfermagem,2019-02-16 16:00:00,2772,437,799,159,0,0,dica pra quem estuda seguranca: pratique em laboratorio proprio ate semana que vem (25),0
helena_alves4,Bruno Rocha,musico nos fins de semana,2023-01-08 13:00:00,1350,244,429,783,0,0,"consegui finalmente organizar a planilha do mes, vitoria pessoal bora pra cima",0
juliana_alves96,Bruno Lima,,2021-09-02 14:00:00,1843,22,36,99,0,0,"bom dia, cafe e mais um dia de trabalho por aqui no mais, tudo tranquilo",0
fernanda_alves8,Helena Souza,musico nos fins de semana,2025-06-10 01:00:00,467,329,392,986,0,0,"terminei de ler o livro que a Gustavo indicou, valeu a pena",0
gustavo_alves71,Fernanda Silva,estudante de enfermagem,2023-02-11 14:00:00,1316,95,82,3816,0,0,"obrigada pelas mensagens de aniversario, gente no fim deu certo (30)",0
igor_rocha58,Helena Rocha,analista de dados em Salvador,2023-09-01 21:00:00,1114,325,519,217,0,0,"chuva forte aqui em Salvador hoje, transito parado recomendo",0
juliana_rocha,Otavio Silva,analista de dados em Belem,2019-06-11 17:00:00,2657,502,1067,349,0,0,opiniao impopular: filme antigo e melhor que remake coisa de louco (91),0
rafael_souza78,Otavio Alves,corredora amadora | 42k,2024-10-23 03:00:00,697,190,127,261,0,0,dica pra quem estuda seguranca: pratique em laboratorio proprio coisa de louco,0
mariana_souza40,Paula Souza,fotografa e mae de dois,2025-12-19 01:00:00,275,215,113,130,0,0,"bom dia, cafe e mais um dia de trabalho por aqui no mais, tudo tranquilo (86)",0
diego_lima,Igor Rocha,analista de dados em Salvador,2017-05-21 19:00:00,3408,2740,2349,5722,0,0,opiniao impopular: filme antigo e melhor que remake (84),0
juliana_alves,Carla Alves,"pai do Theo, torcedor sofredor",2018-08-10 16:00:00,2962,1071,782,1170,0,0,recomendo muito esse restaurante novo no centro de Salvador valeu quem ajudou (81),0
rafael_lima73,Mariana Rocha,"dev backend, cafe e gatos",2020-11-24 09:00:00,2126,360,689,1022,0,0,"treino feito, 6km hoje. devagar mas chegando enfim",0
helena_souza8,Mariana Alves,musico nos fins de semana,2023-11-03 16:00:00,1051,211,272,1005,0,1,"chuva forte aqui em Curitiba hoje, transito parado depois conto o resto",0
ana_silva,Fernanda Souza,analista de dados em Recife,2021-03-23 22:00:00,2006,86,43,677,0,0,"treino feito, 6km hoje. devagar mas chegando depois conto o resto",0
igor_rocha33,Lucas Rocha,analista de dados em Porto Alegre,2024-07-26 14:00:00,785,405,833,106,0,0,"terminei de ler o livro que a Fernanda indicou, valeu a pena amanha continuo",0
juliana_silva,Eduardo Souza,fotografa e mae de dois,2018-11-04 06:00:00,2877,39,14,710,0,0,recomendo muito esse restaurante novo no centro de Curitiba enfim,0
lucas_rocha,Eduardo Silva,corredora amadora | 42k,2014-06-20 11:00:00,4475,38,12,128,0,0,"bom dia, cafe e mais um dia de trabalho por aqui coisa de louco",0
ana_lima,Bruno Alves,fotografa e mae de dois,2022-07-16 12:00:00,1527,158,139,154,0,0,dica pra quem estuda seguranca: pratique em laboratorio proprio (58),0
paula_alves,Bruno Souza,,2022-01-08 05:00:00,1716,3969,5000,233,0,0,recomendo muito esse restaurante novo no centro de Goiania no fim deu certo,0
ana4202540,Invest Bot,,2026-02-23 16:07:00,208,20,1954,8601,1,0,RENDA EXTRA de R$ 300 por dia!!! clique no link da bio e comece hoje https://cutt.ly/aw4oye,1
fernanda_souza74,Juliana Lima,professora de historia,2023-12-06 01:00:00,1019,51,42,3480,0,0,"consegui finalmente organizar a planilha do mes, vitoria pessoal coisa de louco",0
juliana_alves74,Carla Alves,analista de dados em Curitiba,2026-02-14 01:00:00,218,342,406,1692,0,0,"bom dia, cafe e mais um dia de trabalho por aqui no fim deu certo (71)",0
invest1110347,Ganhe 1000,,2026-02-23 14:01:00,208,19,2242,3204,1,0,SEGUIDORES GRATIS!!! siga de volta e me chama no whats https://is.gd/mm8wy1,1
ana_rocha,Gustavo Souza,"dev backend, cafe e gatos",2016-01-22 19:00:00,3893,1700,1530,34,0,0,"opiniao impopular: filme antigo e melhor que remake no mais, tudo tranquilo",0
ana_rocha,Helena Lima,"dev backend, cafe e gatos",2020-11-13 23:00:00,2136,289,556,387,0,0,"treino feito, 6km hoje. devagar mas chegando bora pra cima",0
juliana_alves,Mariana Lima,musico nos fins de semana,2014-08-31 16:00:00,4402,339,556,139,0,0,dica pra quem estuda seguranca: pratique em laboratorio proprio recomendo,0
helena_lima6,Diego Souza,,2013-12-08 06:00:00,4669,308,259,526,0,0,"renda extra? venha ser revendedora comigo, explico tudo https://encurtador.com.br/ti6mbt",0
bruno_souza,Paula Alves,"pai do Theo, torcedor sofredor",2026-08-24 17:00:00,26,10,407,50,0,0,recomendo muito esse restaurante novo no centro de Belem que dia,0
eduardo_silva,Fernanda Rocha,fotografa e mae de dois,2017-01-02 15:00:00,3547,199,162,267,0,0,opiniao impopular: filme antigo e melhor que remake enfim (16),0
invest3466538,Invest Bot,link na bio https://bit.ly/47ulnb,2026-02-23 13:10:00,208,1,2182,6897,0,0,Airdrop de cripto liberado! dobre seu investimento em 24h https://bit.ly/47ulnb,1
bruno_souza34,Ana Silva,musico nos fins de semana,2013-07-25 20:00:00,4804,848,1487,861,0,0,"chuva forte aqui em Sao Paulo hoje, transito parado no fim deu certo (81)",0
bruno_rocha46,Gustavo Rocha,musico nos fins de semana,2026-06-26 07:00:00,86,10,415,265,0,0,"consegui finalmente organizar a planilha do mes, vitoria pessoal coisa de louco (36)",0
lucas_alves,Lucas Souza,professora de historia,2018-05-20 08:00:00,3045,1577,1395,4116,0,0,"bom dia, cafe e mais um dia de trabalho por aqui no fim deu certo (87)",0
rafael_silva64,Rafael Rocha,musico nos fins de semana,2014-05-18 18:00:00,4507,298,120,1754,0,0,"obrigada pelas mensagens de aniversario, gente amanha continuo (21)",0
igor_rocha33,Carla Souza,,2018-06-22 03:00:00,3012,36,62,295,0,0,"terminei de ler o livro que a Ana indicou, valeu a pena no fim deu certo",0
ganhe8709485,Renda Extra 24h,link na bio https://cutt.ly/uflkrk,2026-03-02 13:01:00,201,7,1782,8438,1,0,"Cupom exclusivo de R$ 200, ultimas vagas, clique no link https://cutt.ly/uflkrk",1
ana_alves93,Igor Souza,fotografa e mae de dois,2023-08-21 22:00:00,1125,345,418,903,0,0,"chuva forte aqui em Belem hoje, transito parado no fim deu certo",0
nara_silva,Fernanda Lima,musico nos fins de semana,2016-09-02 09:00:00,3670,106,128,267,0,0,dica pra quem estuda seguranca: pratique em laboratorio proprio no fim deu certo (15),0
igor_rocha,Paula Souza,estudante de enfermagem,2017-06-23 20:00:00,3375,85,26,11201,0,0,"bom dia, cafe e mais um dia de trabalho por aqui depois conto o resto (97)",0
mariana_lima68,Igor Souza,,2020-03-06 21:00:00,2388,65,114,113,0,0,"bom dia, cafe e mais um dia de trabalho por aqui recomendo",0
user2325624,Invest Bot,link na bio https://is.gd/xowi1b,2026-02-03 15:48:00,228,19,1984,7044,1,0,"Cupom exclusivo de R$ 200, ultimas vagas, clique no link https://is.gd/xowi1b",1
ganhe4381381,Renda Extra 24h,,2026-03-02 12:31:00,201,20,1338,11039,0,0,"Sinal gratis de aposta, lucro garantido hoje!!! https://bit.ly/yv70iv",1
mariana_souza38,Fernanda Neves,professora de historia,2020-03-27 09:00:00,2368,62,70,1783,0,0,"concordo demais com esse ponto, precisa ser dito amanha continuo",1
gustavo_lima,Juliana Lima,analista de dados em Recife,2015-06-07 07:00:00,4123,2392,5000,424,0,0,"consegui finalmente organizar a planilha do mes, vitoria pessoal",0
mariana_lima,Otavio Souza,professora de historia,2022-10-31 02:00:00,1420,78,88,307,1,0,recomendo muito esse restaurante novo no centro de Belem depois conto o resto (58),0
paula_silva,Lucas Lima,corredora amadora | 42k,2018-10-12 18:00:00,2899,72,150,37,0,0,"treino feito, 6km hoje. devagar mas chegando ate semana que vem",0
mariana_silva,Diego Silva,estudante de enfermagem,2021-03-01 07:00:00,2029,1832,2450,435,0,0,dica pra quem estuda seguranca: pratique em laboratorio proprio que dia (18),0
mariana_rocha,Eduardo Souza,estudante de enfermagem,2015-06-25 10:00:00,4105,78,128,2410,0,0,recomendo muito esse restaurante novo no centro de Goiania ate semana que vem (49),0
eduardo_rocha,Gustavo Rocha,professora de historia,2024-07-19 13:00:00,792,151,127,593,0,0,opiniao impopular: filme antigo e melhor que remake depois conto o resto (60),0
juliana_rocha,Igor Lima,professora de historia,2021-08-22 00:00:00,1855,307,629,1355,0,0,"chuva forte aqui em Recife hoje, transito parado recomendo (75)",0
eduardo_souza,Diego Souza,musico nos fins de semana,2014-01-29 06:00:00,4617,238,61,778,0,0,recomendo muito esse restaurante novo no centro de Sao Paulo depois conto o resto,0
promo4980261,Ana 7712,,2026-02-03 14:03:00,228,4,2048,6290,1,0,"Sinal gratis de aposta, lucro garantido hoje!!! https://encurtador.com.br/6srp09",1
otavio_alves95,Diego Rocha,,2015-02-28 22:00:00,4221,47,85,205,0,0,"consegui finalmente organizar a planilha do mes, vitoria pessoal recomendo",0
nara_souza75,Rafael Silva,estudante de enfermagem,2014-06-22 16:00:00,4472,2151,1411,1124,0,0,"bom dia, cafe e mais um dia de trabalho por aqui no mais, tudo tranquilo",0
ana_silva73,Helena Rocha,fotografa e mae de dois,2013-02-18 20:00:00,4961,246,332,982,0,0,dica pra quem estuda seguranca: pratique em laboratorio proprio bora pra cima,0
fernanda_souza,Ana Alves,estudante de enfermagem,2026-08-31 06:00:00,20,14,428,62,0,0,dica pra quem estuda seguranca: pratique em laboratorio proprio recomendo (63),0
carla_souza,Igor Silva,musico nos fins de semana,2021-10-02 19:00:00,1813,238,226,189,0,0,"renda extra? venha ser revendedora comigo, explico tudo https://is.gd/u6sx0k",0
diego_silva40,Fernanda Alves,fotografa e mae de dois,2026-08-06 08:00:00,45,8,406,98,0,0,"terminei de ler o livro que a Nara indicou, valeu a pena no mais, tudo tranquilo (68)",0
carla_lima,Mariana Lima,analista de dados em Belem,2023-02-16 15:00:00,1311,453,504,261,0,0,"obrigada pelas mensagens de aniversario, gente depois conto o resto",0
nara_alves68,Lucas Silva,estudante de enfermagem,2022-12-31 00:00:00,1359,96,118,511,0,0,"terminei de ler o livro que a Eduardo indicou, valeu a pena ate semana que vem (94)",0
paula_alves,Otavio Souza,professora de historia,2025-08-22 12:00:00,394,290,548,446,1,0,opiniao impopular: filme antigo e melhor que remake no fim deu certo,0
fernanda_alves,Fernanda Souza,estudante de enfermagem,2024-02-05 08:00:00,958,221,326,739,0,0,"terminei de ler o livro que a Eduardo indicou, valeu a pena valeu quem ajudou (25)",0
ana_souza48,Nara Lima,musico nos fins de semana,2020-08-10 13:00:00,2231,670,816,2322,0,0,"treino feito, 6km hoje. devagar mas chegando",0
igor_souza86,Rafael Alves,professora de historia,2024-01-28 15:00:00,965,732,196,643,0,0,opiniao impopular: filme antigo e melhor que remake recomendo (57),0
diego_alves,Diego Rocha,musico nos fins de semana,2013-08-04 00:00:00,4795,74,158,896,0,0,recomendo muito esse restaurante novo no centro de Goiania amanha continuo,0
paula_lima,Carla Silva,analista de dados em Belem,2018-01-23 13:00:00,3161,384,613,178,0,0,"obrigada pelas mensagens de aniversario, gente no mais, tudo tranquilo",0
gustavo_lima,Paula Lima,musico nos fins de semana,2016-05-10 03:00:00,3785,23,19,373,0,0,"bom dia, cafe e mais um dia de trabalho por aqui amanha continuo",0
ana_lima4,Rafael Alves,fotografa e mae de dois,2015-06-27 11:00:00,4103,58,64,4438,0,0,"bom dia, cafe e mais um dia de trabalho por aqui bora pra cima",0
juliana_alves47,Igor Silva,"pai do Theo, torcedor sofredor",2025-01-09 11:00:00,619,190,235,378,0,0,"chuva forte aqui em Curitiba hoje, transito parado valeu quem ajudou",0
diego_lima,Gustavo Silva,professora de historia,2025-11-24 12:00:00,300,219,92,378,0,0,"bom dia, cafe e mais um dia de trabalho por aqui que dia",0
eduardo_silva79,Mariana Rocha,professora de historia,2022-10-10 06:00:00,1441,145,246,785,0,0,"terminei de ler o livro que a Otavio indicou, valeu a pena valeu quem ajudou",0
promo1442514,Ganhe 1000,,2026-06-03 14:40:00,108,4,1664,2413,1,0,"Sinal gratis de aposta, lucro garantido hoje!!! https://bit.ly/45q2dk",1
user7428982,Renda Extra 24h,link na bio https://is.gd/5xcff7,2026-06-03 12:46:00,108,7,2315,1327,1,0,RENDA EXTRA de R$ 300 por dia!!! clique no link da bio e comece hoje https://is.gd/5xcff7,1
lucas_lima,Ana Lima,professora de historia,2023-01-22 15:00:00,1336,501,654,362,1,0,"chuva forte aqui em Sao Paulo hoje, transito parado no fim deu certo",0
ana_silva,Paula Silva,,2021-03-21 22:00:00,2008,171,307,1153,0,0,promocao de hoje na loja: cupom de 20% pra quem chegar antes do meio dia,0
diego_lima65,Igor Silva,corredora amadora | 42k,2023-05-31 12:00:00,1208,283,456,856,0,0,"alguem ai assistiu o jogo de ontem? que segundo tempo no mais, tudo tranquilo",0
ana4554466,Ganhe 1000,link na bio https://bit.ly/58fya5,2026-06-08 14:51:00,103,1,2901,3111,1,0,SEGUIDORES GRATIS!!! siga de volta e me chama no whats https://bit.ly/58fya5,1
juliana_alves,Carla Lima,estudante de enfermagem,2021-02-04 05:00:00,2054,767,1127,396,0,0,opiniao impopular: filme antigo e melhor que remake coisa de louco (57),0
bruno_lima1,Nara Souza,"dev backend, cafe e gatos",2017-10-09 12:00:00,3268,271,462,730,0,0,"obrigada pelas mensagens de aniversario, gente recomendo",0
paula_souza48,Igor Souza,,2021-01-16 12:00:00,2073,157,299,1107,0,0,"consegui finalmente organizar a planilha do mes, vitoria pessoal enfim",0
paula_lima,Juliana Lima,corredora amadora | 42k,2021-10-01 11:00:00,1815,66,129,216,0,0,"consegui finalmente organizar a planilha do mes, vitoria pessoal ate semana que vem",0
otavio_silva12,Eduardo Silva,,2015-04-15 08:00:00,4176,899,1366,511,0,0,"vagas limitadas no curso de bolo caseiro, chama no direct pra reservar",0
paula_lima49,Otavio Rocha,musico nos fins de semana,2026-09-12 14:00:00,7,28,436,42,0,0,"bom dia, cafe e mais um dia de trabalho por aqui que dia",0
igor_souza,Ana Lima,professora de historia,2016-06-25 05:00:00,3739,412,508,165,0,0,"terminei de ler o livro que a Gustavo indicou, valeu a pena no fim deu certo (16)",0
lucro1434140,Invest Bot,,2026-06-03 16:05:00,108,3,1792,5008,1,0,"Sinal gratis de aposta, lucro garantido hoje!!! https://is.gd/zqff7r",1
ana_souza,Diego Rocha,fotografa e mae de dois,2026-01-18 17:00:00,244,385,520,179,0,0,opiniao impopular: filme antigo e melhor que remake depois conto o resto (76),0
ana_lima,Gustavo Alves,professora de historia,2013-10-10 15:00:00,4727,254,209,551,0,0,"terminei de ler o livro que a Paula indicou, valeu a pena no mais, tudo tranquilo",0
fernanda_silva,Paula Silva,musico nos fins de semana,2016-05-18 06:00:00,3777,340,715,1039,0,0,"obrigada pelas mensagens de aniversario, gente no fim deu certo",0
promo8116323,Ganhe 1000,,2026-06-03 15:45:00,108,9,1423,6443,1,0,SEGUIDORES GRATIS!!! siga de volta e me chama no whats https://tinyurl.com/j14ypl,1
nara_silva,Bruno Souza,estudante de enfermagem,2026-07-13 08:00:00,69,20,406,178,0,0,"treino feito, 6km hoje. devagar mas chegando no fim deu certo",0
promo1531248,Renda Extra 24h,,2025-10-13 14:04:00,341,10,1878,19562,1,0,Airdrop de cripto liberado! dobre seu investimento em 24h https://cutt.ly/azdusx,1
helena_lima80,Lucas Lima,corredora amadora | 42k,2025-03-15 18:00:00,553,226,429,61,0,0,dica pra quem estuda seguranca: pratique em laboratorio proprio que dia,0
nara_souza67,Ana Souza,musico nos fins de semana,2013-11-27 02:00:00,4680,1197,793,222,0,0,recomendo muito esse restaurante novo no centro de Belem que dia,0
carla_souza,Diego Rocha,"pai do Theo, torcedor sofredor",2025-07-26 20:00:00,420,114,186,2362,0,0,alguem ai assistiu o jogo de ontem? que segundo tempo,0
otavio_alves,Lucas Silva,"dev backend, cafe e gatos",2013-10-22 07:00:00,4716,159,166,336,0,0,dica pra quem estuda seguranca: pratique em laboratorio proprio coisa de louco (72),0
fernanda_souza78,Rafael Silva,"pai do Theo, torcedor sofredor",2025-09-20 18:00:00,364,310,677,352,0,0,"recomendo muito esse restaurante novo no centro de Salvador no mais, tudo tranquilo (51)",0
fernanda_lima33,Juliana Silva,corredora amadora | 42k,2023-03-04 03:00:00,1296,247,455,1355,0,0,opiniao impopular: filme antigo e melhor que remake coisa de louco,0
diego_alves,Otavio Silva,fotografa e mae de dois,2025-02-01 19:00:00,595,50,91,384,0,0,recomendo muito esse restaurante novo no centro de Sao Paulo (37),0
ana6820870,Ana 7712,,2026-03-10 13:13:00,193,8,1849,10839,1,0,"Cupom exclusivo de R$ 200, ultimas vagas, clique no link https://tinyurl.com/0ab0zk",1
lucas_alves31,Carla Silva,fotografa e mae de dois,2013-09-20 01:00:00,4748,51,79,2515,0,0,"terminei de ler o livro que a Helena indicou, valeu a pena ate semana que vem",0
ana_silva0,Helena Rocha,professora de historia,2026-08-09 09:00:00,42,4,405,159,0,0,"obrigada pelas mensagens de aniversario, gente coisa de louco",0
ana_lima66,Igor Lima,fotografa e mae de dois,2020-12-09 08:00:00,2111,250,474,600,0,0,recomendo muito esse restaurante novo no centro de Salvador amanha continuo,0
paula_rocha,Carla Lima,analista de dados em Porto Alegre,2026-06-25 05:00:00,87,8,406,301,1,0,"consegui finalmente organizar a planilha do mes, vitoria pessoal no fim deu certo",0
helena_souza,Carla Silva,"pai do Theo, torcedor sofredor",2020-10-14 03:00:00,2167,99,79,502,0,0,"chuva forte aqui em Salvador hoje, transito parado depois conto o resto",0
mariana_souza62,Juliana Silva,estudante de enfermagem,2016-11-28 11:00:00,3583,218,70,830,0,0,"bom dia, cafe e mais um dia de trabalho por aqui (14)",0
diego_rocha84,Diego Souza,corredora amadora | 42k,2013-04-17 04:00:00,4904,94,107,480,0,0,"chuva forte aqui em Belem hoje, transito parado bora pra cima",0
eduardo_silva,Diego Rocha,"dev backend, cafe e gatos",2026-03-16 22:00:00,187,83,67,234,0,0,"chuva forte aqui em Goiania hoje, transito parado (82)",0
promo2695513,Ana 7712,,2026-03-02 15:26:00,201,17,1041,7583,1,0,Airdrop de cripto liberado! dobre seu investimento em 24h https://cutt.ly/h1jg4u,1
promo7436425,Invest Bot,link na bio https://cutt.ly/d5kzub,2026-06-03 15:39:00,108,5,2027,4559,0,0,RENDA EXTRA de R$ 300 por dia!!! clique no link da bio e comece hoje https://cutt.ly/d5kzub,1
lucro6807227,Promo 999,,2026-06-03 12:58:00,108,6,1069,2103,0,0,"Sinal gratis de aposta, lucro garantido hoje!!! https://tinyurl.com/3w8hom",1
igor_alves77,Otavio Rocha,"dev backend, cafe e gatos",2023-10-24 00:00:00,1062,1075,2216,523,0,0,"terminei de ler o livro que a Helena indicou, valeu a pena amanha continuo",0
juliana_silva,Lucas Alves,fotografa e mae de dois,2014-09-02 08:00:00,4401,33,39,1467,0,0,"bom dia, cafe e mais um dia de trabalho por aqui bora pra cima",0
rafael_souza12,Carla Souza,analista de dados em Belem,2012-11-26 21:00:00,5045,124,268,216,0,0,"obrigada pelas mensagens de aniversario, gente valeu quem ajudou",0
igor_lima38,Ana Lima,fotografa e mae de dois,2013-06-28 05:00:00,4832,505,663,465,0,0,opiniao impopular: filme antigo e melhor que remake no fim deu certo (81),0
fernanda_rocha59,Helena Alves,professora de historia,2023-10-25 21:00:00,1060,732,552,695,0,0,"bom dia, cafe e mais um dia de trabalho por aqui enfim",0
fernanda_rocha46,Helena Silva,"dev backend, cafe e gatos",2013-08-22 08:00:00,4777,365,551,123,0,0,"chuva forte aqui em Goiania hoje, transito parado ate semana que vem",0
ana_rocha,Bruno Lima,"pai do Theo, torcedor sofredor",2016-06-22 21:00:00,3741,257,90,262,0,0,"terminei de ler o livro que a Gustavo indicou, valeu a pena depois conto o resto",0
bruno_souza,Eduardo Rocha,professora de historia,2020-10-19 05:00:00,2162,101,85,1677,0,0,dica pra quem estuda seguranca: pratique em laboratorio proprio recomendo,0
fernanda_souza,Carla Alves,fotografa e mae de dois,2024-09-21 02:00:00,729,211,260,2271,0,0,recomendo muito esse restaurante novo no centro de Recife,0
fernanda_alves11,Ana Lima,fotografa e mae de dois,2016-12-12 10:00:00,3569,444,444,222,0,0,"treino feito, 6km hoje. devagar mas chegando que dia",0
lucas_alves3,Nara Rocha,analista de dados em Salvador,2013-05-28 16:00:00,4862,260,336,97,0,0,"consegui finalmente organizar a planilha do mes, vitoria pessoal ate semana que vem",0
juliana_souza40,Helena Rocha,corredora amadora | 42k,2022-08-13 02:00:00,1499,391,168,7544,0,0,"bom dia, cafe e mais um dia de trabalho por aqui depois conto o resto (92)",0
juliana_souza20,Paula Rocha,"dev backend, cafe e gatos",2020-09-02 20:00:00,2208,327,697,705,0,0,dica pra quem estuda seguranca: pratique em laboratorio proprio bora pra cima,0
paula_lima,Fernanda Silva,professora de historia,2024-11-22 12:00:00,667,1477,2234,218,0,0,"vagas limitadas no curso de bolo caseiro, chama no direct pra reservar",0
ana6462643,Renda Extra 24h,,2026-02-03 16:03:00,228,3,1442,8510,0,0,RENDA EXTRA de R$ 300 por dia!!! clique no link da bio e comece hoje https://cutt.ly/c42m66,1
ganhe6700283,Invest Bot,,2026-06-08 13:36:00,103,34,1047,852,1,0,SEGUIDORES GRATIS!!! siga de volta e me chama no whats https://cutt.ly/42npwc,1
nara_lima16,Juliana Souza,"pai do Theo, torcedor sofredor",2024-12-26 16:00:00,632,164,159,899,0,0,"chuva forte aqui em Salvador hoje, transito parado recomendo (92)",0
helena_rocha,Otavio Alves,fotografa e mae de dois,2022-04-14 00:00:00,1620,215,305,183,0,0,alguem ai assistiu o jogo de ontem? que segundo tempo bora pra cima (26),0
lucro191112,Renda Extra 24h,,2026-03-10 16:05:00,193,5,2283,3953,1,0,RENDA EXTRA de R$ 300 por dia!!! clique no link da bio e comece hoje https://is.gd/5fp43t,1
eduardo_silva,Bruno Rocha,"pai do Theo, torcedor sofredor",2014-07-28 11:00:00,4437,154,275,193,0,0,"consegui finalmente organizar a planilha do mes, vitoria pessoal no fim deu certo",0
rafael_souza17,Juliana Souza,musico nos fins de semana,2026-04-13 20:00:00,159,30,16,302,0,0,"obrigada pelas mensagens de aniversario, gente (97)",0
diego_silva,Lucas Lima,"pai do Theo, torcedor sofredor",2013-12-27 02:00:00,4650,347,375,6051,0,0,dica pra quem estuda seguranca: pratique em laboratorio proprio recomendo,0
igor_lima95,Fernanda Lima,"pai do Theo, torcedor sofredor",2016-08-30 21:00:00,3672,357,609,461,0,0,"bom dia, cafe e mais um dia de trabalho por aqui bora pra cima",0
bruno_souza35,Bruno Alves,professora de historia,2013-10-06 19:00:00,4731,175,182,1726,0,0,opiniao impopular: filme antigo e melhor que remake enfim,0
helena_alves58,Gustavo Souza,,2013-07-13 18:00:00,4816,261,109,1018,0,0,"renda extra? venha ser revendedora comigo, explico tudo https://is.gd/9g55kj",0
nara_alves,Otavio Lima,,2019-03-30 17:00:00,2730,124,102,2501,0,0,"dica pra quem estuda seguranca: pratique em laboratorio proprio no mais, tudo tranquilo (93)",0
bruno_souza,Paula Souza,,2021-06-20 17:00:00,1917,1601,2417,590,0,0,"chuva forte aqui em Goiania hoje, transito parado bora pra cima (80)",0
mariana_rocha42,Diego Lima,fotografa e mae de dois,2018-11-06 06:00:00,2875,229,440,130,0,0,"opiniao impopular: filme antigo e melhor que remake no mais, tudo tranquilo (69)",0
otavio_alves58,Rafael Silva,,2017-01-29 07:00:00,3521,392,603,1520,1,0,"obrigada pelas mensagens de aniversario, gente",0
helena_rocha,Rafael Silva,professora de historia,2023-05-12 18:00:00,1226,105,98,532,0,0,recomendo muito esse restaurante novo no centro de Salvador valeu quem ajudou (65),0
eduardo_lima,Lucas Alves,fotografa e mae de dois,2017-01-21 01:00:00,3529,99,70,1951,0,0,opiniao impopular: filme antigo e melhor que remake coisa de louco,0
helena_souza25,Mariana Alves,"pai do Theo, torcedor sofredor",2020-04-15 17:00:00,2348,230,483,504,0,0,"terminei de ler o livro que a Carla indicou, valeu a pena que dia (51)",0
diego_alves,Paula Silva,musico nos fins de semana,2026-07-14 03:00:00,68,23,418,177,0,0,"obrigada pelas mensagens de aniversario, gente no mais, tudo tranquilo (81)",0
helena_rocha57,Gustavo Souza,"pai do Theo, torcedor sofredor",2015-04-10 20:00:00,4180,1273,1402,985,0,0,"treino feito, 6km hoje. devagar mas chegando que dia",0
invest7856247,Invest Bot,link na bio https://bit.ly/g47ofz,2026-03-10 12:41:00,193,3,712,8977,0,0,"GANHE DINHEIRO em casa!!! vagas limitadas, chama no direct agora https://bit.ly/g47ofz",1
lucas_souza,Gustavo Silva,professora de historia,2024-01-26 08:00:00,968,2688,5000,1340,0,0,"chuva forte aqui em Curitiba hoje, transito parado recomendo (57)",0
igor_lima57,Igor Souza,corredora amadora | 42k,2014-06-21 11:00:00,4474,425,879,419,0,0,recomendo muito esse restaurante novo no centro de Recife valeu quem ajudou,0
carla_alves,Nara Souza,,2021-06-25 20:00:00,1912,25,42,97,0,0,"treino feito, 6km hoje. devagar mas chegando no fim deu certo",0
helena_lima,Carla Souza,estudante de enfermagem,2014-04-29 13:00:00,4526,143,77,127,0,0,"obrigada pelas mensagens de aniversario, gente amanha continuo",0
bruno_lima,Ana Souza,musico nos fins de semana,2022-11-27 03:00:00,1393,278,83,2485,0,0,alguem ai assistiu o jogo de ontem? que segundo tempo enfim,0
bruno_silva56,Helena Alves,fotografa e mae de dois,2025-03-19 19:00:00,549,1086,905,1429,0,0,alguem ai assistiu o jogo de ontem? que segundo tempo no fim deu certo,0
ana_rocha17,Mariana Alves,analista de dados em Porto Alegre,2026-08-05 07:00:00,46,20,441,119,0,0,alguem ai assistiu o jogo de ontem? que segundo tempo bora pra cima (92),0
paula_alves93,Helena Souza,"dev backend, cafe e gatos",2025-05-20 20:00:00,487,251,513,34,0,0,"consegui finalmente organizar a planilha do mes, vitoria pessoal que dia (49)",0
bruno_souza,Mariana Rocha,corredora amadora | 42k,2021-12-07 00:00:00,1748,953,1695,214,0,0,"treino feito, 6km hoje. devagar mas chegando no fim deu certo (23)",0
lucas_lima,Carla Silva,"pai do Theo, torcedor sofredor",2015-07-28 18:00:00,4071,173,263,472,1,0,"treino feito, 6km hoje. devagar mas chegando coisa de louco",0
otavio_rocha,Lucas Silva,corredora amadora | 42k,2021-02-08 08:00:00,2050,1135,1824,1933,0,0,"chuva forte aqui em Belem hoje, transito parado recomendo (45)",0
gustavo_lima,Helena Rocha,"dev backend, cafe e gatos",2026-07-10 12:00:00,72,52,506,246,0,0,"consegui finalmente organizar a planilha do mes, vitoria pessoal depois conto o resto",0
diego_lima,Diego Alves,professora de historia,2026-08-01 18:00:00,49,21,438,166,0,0,"obrigada pelas mensagens de aniversario, gente recomendo (8)",0
diego_lima12,Helena Silva,analista de dados em Goiania,2021-11-23 02:00:00,1762,99,106,758,0,0,opiniao impopular: filme antigo e melhor que remake ate semana que vem (40),0
bruno_souza63,Juliana Alves,estudante de enfermagem,2014-01-11 06:00:00,4635,114,107,1553,0,0,"chuva forte aqui em Sao Paulo hoje, transito parado bora pra cima (20)",0
juliana_silva43,Rafael Lima,corredora amadora | 42k,2013-09-23 10:00:00,4745,405,719,221,1,0,opiniao impopular: filme antigo e melhor que remake,0
eduardo_alves56,Mariana Alves,estudante de enfermagem,2012-10-06 04:00:00,5097,695,1275,322,0,0,dica pra quem estuda seguranca: pratique em laboratorio proprio que dia (5),0
otavio_rocha,Otavio Silva,professora de historia,2023-02-12 01:00:00,1316,32,61,1019,0,0,dica pra quem estuda seguranca: pratique em laboratorio proprio que dia,0
paula_lima,Igor Silva,,2012-09-17 13:00:00,5115,1346,1070,604,0,0,"terminei de ler o livro que a Rafael indicou, valeu a pena enfim",0
bruno_souza,Igor Rocha,estudante de enfermagem,2014-07-29 14:00:00,4435,265,471,230,0,0,"treino feito, 6km hoje. devagar mas chegando bora pra cima (54)",0
ana_alves,Lucas Alves,estudante de enfermagem,2013-05-06 00:00:00,4885,458,208,970,0,0,recomendo muito esse restaurante novo no centro de Curitiba amanha continuo (45),0
eduardo_alves,Helena Silva,professora de historia,2014-07-23 01:00:00,4442,96,139,1154,0,0,"bom dia, cafe e mais um dia de trabalho por aqui no fim deu certo",0
juliana_souza2,Lucas Silva,professora de historia,2014-08-05 07:00:00,4429,283,325,141,1,0,"chuva forte aqui em Sao Paulo hoje, transito parado que dia",0
ana5502934,Renda Extra 24h,,2026-02-03 13:40:00,228,14,1418,3216,1,0,"Sinal gratis de aposta, lucro garantido hoje!!! https://cutt.ly/l24kek",1
nara_rocha12,Diego Lima,"dev backend, cafe e gatos",2013-10-11 10:00:00,4727,1469,949,307,0,0,opiniao impopular: filme antigo e melhor que remake recomendo,0
fernanda_silva21,Lucas Alves,musico nos fins de semana,2025-09-02 09:00:00,383,271,150,893,0,0,dica pra quem estuda seguranca: pratique em laboratorio proprio no fim deu certo,0
carla_silva79,Juliana Rocha,"pai do Theo, torcedor sofredor",2015-02-12 20:00:00,4237,104,71,787,0,0,"consegui finalmente organizar a planilha do mes, vitoria pessoal coisa de louco",0
nara_silva,Lucas Alves,analista de dados em Belem,2021-01-30 05:00:00,2059,168,299,374,0,0,"treino feito, 6km hoje. devagar mas chegando amanha continuo",0
diego_silva9,Diego Rocha,"pai do Theo, torcedor sofredor",2017-08-03 08:00:00,3335,579,1029,1197,1,0,dica pra quem estuda seguranca: pratique em laboratorio proprio que dia (76),0
helena_rocha15,Diego Souza,professora de historia,2012-08-28 23:00:00,5135,601,192,246,0,0,"treino feito, 6km hoje. devagar mas chegando valeu quem ajudou (57)",0
igor_lima69,Mariana Alves,"pai do Theo, torcedor sofredor",2026-08-23 07:00:00,28,11,421,95,0,0,opiniao impopular: filme antigo e melhor que remake enfim (76),0
lucro2166651,Ana 7712,link na bio https://tinyurl.com/dbyrge,2025-10-13 12:14:00,341,15,2230,11002,0,0,Airdrop de cripto liberado! dobre seu investimento em 24h https://tinyurl.com/dbyrge,1
gustavo_souza,Helena Silva,"dev backend, cafe e gatos",2018-06-26 17:00:00,3007,457,324,631,0,0,"terminei de ler o livro que a Helena indicou, valeu a pena enfim",0
juliana_lima,Ana Silva,fotografa e mae de dois,2026-09-07 03:00:00,13,4,404,46,1,0,"chuva forte aqui em Goiania hoje, transito parado valeu quem ajudou (54)",0
bruno_silva5,Ana Lima,estudante de enfermagem,2026-04-15 03:00:00,158,306,276,991,1,0,"obrigada pelas mensagens de aniversario, gente no fim deu certo (69)",0
lucas_rocha96,Ana Lima,"dev backend, cafe e gatos",2025-01-21 21:00:00,606,177,361,1409,0,0,dica pra quem estuda seguranca: pratique em laboratorio proprio coisa de louco (84),0
diego_silva22,Lucas Souza,fotografa e mae de dois,2023-02-17 03:00:00,1311,809,1765,1176,0,0,opiniao impopular: filme antigo e melhor que remake bora pra cima (45),0
juliana_souza,Paula Silva,"pai do Theo, torcedor sofredor",2020-06-14 06:00:00,2289,555,749,105,0,0,dica pra quem estuda seguranca: pratique em laboratorio proprio valeu quem ajudou,0
rafael_lima,Igor Souza,analista de dados em Belem,2019-08-17 20:00:00,2590,52,108,845,0,0,"chuva forte aqui em Belem hoje, transito parado",0
diego_silva57,Mariana Silva,"pai do Theo, torcedor sofredor",2012-08-29 07:00:00,5135,63,30,2282,0,0,"treino feito, 6km hoje. devagar mas chegando",0
carla_souza,Paula Martins,musico nos fins de semana,2021-08-23 03:00:00,1854,108,64,134,0,0,"quem ai tambem acordou cedo pra treinar? no mais, tudo tranquilo",1
igor_silva,Paula Souza,,2023-09-05 11:00:00,1111,118,130,2107,0,0,"obrigada pelas mensagens de aniversario, gente coisa de louco (49)",0
paula_rocha11,Lucas Rocha,,2020-06-27 20:00:00,2275,78,47,2221,0,0,"chuva forte aqui em Belem hoje, transito parado (61)",0
fernanda_rocha8,Ana Silva,corredora amadora | 42k,2014-03-17 06:00:00,4570,118,240,1112,0,0,dica pra quem estuda seguranca: pratique em laboratorio proprio que dia (75),0
diego_alves,Ana Silva,professora de historia,2026-08-26 00:00:00,25,7,409,74,0,0,dica pra quem estuda seguranca: pratique em laboratorio proprio ate semana que vem,0
helena_rocha,Mariana Souza,fotografa e mae de dois,2020-05-16 23:00:00,2317,133,262,521,0,0,"terminei de ler o livro que a Fernanda indicou, valeu a pena ate semana que vem",0
igor_alves,Otavio Alves,professora de historia,2019-04-05 15:00:00,2724,480,666,2898,0,0,"obrigada pelas mensagens de aniversario, gente no fim deu certo (40)",0
ana1243900,Invest Bot,,2026-06-03 14:40:00,108,10,836,6114,0,0,SEGUIDORES GRATIS!!! siga de volta e me chama no whats https://is.gd/v174zp,1
carla_rocha,Eduardo Neves,professora de historia,2024-03-04 17:00:00,929,119,141,115,0,0,"chuva forte aqui em Porto Alegre hoje, transito parado recomendo",1
lucas_souza90,Nara Lima,professora de historia,2025-08-09 13:00:00,406,1998,2404,937,0,0,"treino feito, 6km hoje. devagar mas chegando valeu quem ajudou",0
paula_alves,Diego Rocha,"pai do Theo, torcedor sofredor",2022-01-30 03:00:00,1694,269,251,736,0,0,"obrigada pelas mensagens de aniversario, gente enfim",0
helena_alves72,Eduardo Alves,fotografa e mae de dois,2017-08-02 18:00:00,3335,402,829,448,0,0,dica pra quem estuda seguranca: pratique em laboratorio proprio bora pra cima,0
carla_souza,Gustavo Souza,fotografa e mae de dois,2018-09-23 18:00:00,2918,442,853,314,0,0,dica pra quem estuda seguranca: pratique em laboratorio proprio enfim (96),0
nara_silva,Nara Lima,estudante de enfermagem,2014-04-12 18:00:00,4543,349,748,1618,0,0,"obrigada pelas mensagens de aniversario, gente no mais, tudo tranquilo",0
eduardo_souza,Lucas Souza,"pai do Theo, torcedor sofredor",2013-10-22 23:00:00,4715,64,85,973,0,0,"treino feito, 6km hoje. devagar mas chegando enfim (65)",0
fernanda_silva15,Nara Alves,estudante de enfermagem,2014-02-15 23:00:00,4599,92,76,1141,0,0,"chuva forte aqui em Goiania hoje, transito parado amanha continuo",0
igor_souza,Eduardo Silva,professora de historia,2025-08-27 16:00:00,388,78,139,643,0,0,"treino feito, 6km hoje. devagar mas chegando valeu quem ajudou (24)",0
juliana_silva87,Rafael Rocha,analista de dados em Curitiba,2026-08-23 21:00:00,27,18,436,74,0,0,"consegui finalmente organizar a planilha do mes, vitoria pessoal depois conto o resto",0
fernanda_alves37,Carla Silva,professora de historia,2022-03-02 16:00:00,1662,118,64,3263,0,0,"bom dia, cafe e mais um dia de trabalho por aqui valeu quem ajudou",0
fernanda_souza,Mariana Silva,corredora amadora | 42k,2020-11-20 17:00:00,2129,76,66,660,0,0,dica pra quem estuda seguranca: pratique em laboratorio proprio que dia,0
otavio_silva,Rafael Souza,musico nos fins de semana,2020-02-26 10:00:00,2398,219,466,329,0,0,"opiniao impopular: filme antigo e melhor que remake no mais, tudo tranquilo",0
gustavo_lima65,Nara Alves,,2013-01-27 05:00:00,4984,145,89,6812,0,0,dica pra quem estuda seguranca: pratique em laboratorio proprio bora pra cima,0
eduardo_lima,Helena Rocha,fotografa e mae de dois,2023-11-05 10:00:00,1050,162,242,510,1,0,"bom dia, cafe e mais um dia de trabalho por aqui valeu quem ajudou (52)",0
invest6859359,Renda Extra 24h,,2026-02-03 13:06:00,228,0,338,7858,0,0,"Sinal gratis de aposta, lucro garantido hoje!!! https://cutt.ly/118yxo",1
mariana_souza82,Eduardo Alves,"pai do Theo, torcedor sofredor",2019-10-04 12:00:00,2543,96,41,167,0,0,"treino feito, 6km hoje. devagar mas chegando depois conto o resto",0
lucas_rocha,Ana Alves,musico nos fins de semana,2016-07-21 11:00:00,3713,157,61,522,0,0,dica pra quem estuda seguranca: pratique em laboratorio proprio que dia,0
otavio_lima25,Bruno Souza,fotografa e mae de dois,2013-02-22 03:00:00,4958,191,94,1320,0,0,"consegui finalmente organizar a planilha do mes, vitoria pessoal amanha continuo",0
nara_lima93,Eduardo Prado,professora de historia,2026-02-12 17:00:00,219,87,135,909,0,0,"bom dia a todos, foco na meta da semana depois conto o resto",1
mariana_lima8,Ana Souza,fotografa e mae de dois,2019-12-20 04:00:00,2466,185,269,371,0,0,"obrigada pelas mensagens de aniversario, gente (28)",0
paula_lima15,Nara Rocha,"dev backend, cafe e gatos",2026-07-26 07:00:00,56,19,419,142,0,0,recomendo muito esse restaurante novo no centro de Salvador coisa de louco (33),0
paula_souza,Mariana Prado,professora de historia,2024-04-11 07:00:00,892,141,212,330,0,0,melhor serie do ano sem discussao bora pra cima,1
bruno_silva,Eduardo Alves,fotografa e mae de dois,2017-03-22 20:00:00,3468,238,184,815,0,0,promocao de hoje na loja: cupom de 20% pra quem chegar antes do meio dia,0
bruno_lima,Rafael Lima,"dev backend, cafe e gatos",2019-02-18 13:00:00,2770,325,227,373,0,0,"obrigada pelas mensagens de aniversario, gente amanha continuo (18)",0
fernanda_alves24,Helena Alves,analista de dados em Recife,2019-05-13 00:00:00,2687,228,83,590,0,0,"chuva forte aqui em Recife hoje, transito parado valeu quem ajudou (43)",0
otavio_souza,Diego Lima,"pai do Theo, torcedor sofredor",2026-08-06 14:00:00,44,10,405,154,0,0,"terminei de ler o livro que a Helena indicou, valeu a pena ate semana que vem (10)",0
gustavo_rocha,Nara Rocha,analista de dados em Porto Alegre,2024-07-14 16:00:00,797,82,140,1219,0,0,"bom dia, cafe e mais um dia de trabalho por aqui enfim",0
paula_rocha,Otavio Souza,analista de dados em Recife,2023-10-24 01:00:00,1062,243,304,82,0,0,"bom dia, cafe e mais um dia de trabalho por aqui",0
eduardo_lima,Mariana Silva,fotografa e mae de dois,2024-02-15 23:00:00,947,45,88,255,0,0,"terminei de ler o livro que a Fernanda indicou, valeu a pena que dia",0
carla_rocha15,Eduardo Lima,"pai do Theo, torcedor sofredor",2023-11-24 23:00:00,1030,374,610,750,0,0,"consegui finalmente organizar a planilha do mes, vitoria pessoal amanha continuo",0
lucro4163148,Promo 999,,2026-02-23 12:02:00,208,24,1752,4306,1,0,SEGUIDORES GRATIS!!! siga de volta e me chama no whats https://is.gd/tvubtc,1
otavio_rocha25,Nara Rocha,,2013-11-10 11:00:00,4697,162,303,77,0,0,"chuva forte aqui em Goiania hoje, transito parado depois conto o resto (20)",0
otavio_souza,Nara Alves,"dev backend, cafe e gatos",2013-03-22 13:00:00,4929,120,62,1705,0,0,"bom dia, cafe e mais um dia de trabalho por aqui ate semana que vem",0
lucas_rocha,Juliana Rocha,estudante de enfermagem,2016-12-08 18:00:00,3572,301,166,153,0,0,"obrigada pelas mensagens de aniversario, gente amanha continuo (23)",0
mariana_silva83,Ana Silva,analista de dados em Porto Alegre,2026-07-24 01:00:00,58,29,411,195,0,0,alguem ai assistiu o jogo de ontem? que segundo tempo depois conto o resto,0
diego_souza,Bruno Rocha,,2019-06-19 22:00:00,2649,534,400,1711,0,0,"consegui finalmente organizar a planilha do mes, vitoria pessoal no fim deu certo (50)",0
lucas_rocha,Bruno Lima,professora de historia,2020-11-24 07:00:00,2126,218,85,267,0,0,opiniao impopular: filme antigo e melhor que remake amanha continuo,0
gustavo_silva86,Lucas Rocha,analista de dados em Sao Paulo,2019-06-20 18:00:00,2648,639,1023,624,0,0,"bom dia, cafe e mais um dia de trabalho por aqui bora pra cima (31)",0
gustavo_rocha,Fernanda Lima,corredora amadora | 42k,2018-08-03 04:00:00,2970,111,115,197,0,0,dica pra quem estuda seguranca: pratique em laboratorio proprio (2),0
mariana_alves,Nara Rocha,corredora amadora | 42k,2025-06-05 09:00:00,472,34,45,2007,0,0,"treino feito, 6km hoje. devagar mas chegando coisa de louco (19)",0
carla_silva48,Carla Alves,estudante de enfermagem,2019-03-20 18:00:00,2740,530,349,109,0,0,"consegui finalmente organizar a planilha do mes, vitoria pessoal depois conto o resto",0
helena_rocha,Paula Alves,"pai do Theo, torcedor sofredor",2020-05-10 07:00:00,2324,143,223,1025,0,0,opiniao impopular: filme antigo e melhor que remake,0
helena_lima93,Lucas Silva,estudante de enfermagem,2021-08-28 07:00:00,1849,665,1161,264,0,0,recomendo muito esse restaurante novo no centro de Recife depois conto o resto (56),0
paula_lima,Diego Souza,professora de historia,2020-04-10 23:00:00,2353,317,681,235,0,0,recomendo muito esse restaurante novo no centro de Porto Alegre bora pra cima,0
diego_alves,Mariana Silva,,2019-03-01 02:00:00,2760,603,242,1044,0,0,"treino feito, 6km hoje. devagar mas chegando coisa de louco (68)",0
juliana_silva79,Ana Rocha,"pai do Theo, torcedor sofredor",2020-08-21 04:00:00,2221,151,39,633,0,0,"obrigada pelas mensagens de aniversario, gente amanha continuo",0
diego_alves45,Otavio Alves,musico nos fins de semana,2016-01-06 11:00:00,3910,250,394,20,0,0,"treino feito, 6km hoje. devagar mas chegando recomendo",0
juliana_alves,Juliana Alves,analista de dados em Sao Paulo,2020-08-03 02:00:00,2239,73,95,6441,0,0,"chuva forte aqui em Sao Paulo hoje, transito parado (24)",0
gustavo_souza1,Diego Souza,fotografa e mae de dois,2026-02-27 10:00:00,205,675,1009,1512,0,0,recomendo muito esse restaurante novo no centro de Sao Paulo bora pra cima,0
igor_lima,Diego Silva,"pai do Theo, torcedor sofredor",2025-08-10 16:00:00,405,1114,1567,894,0,0,"terminei de ler o livro que a Mariana indicou, valeu a pena ate semana que vem",0
ana_silva66,Diego Souza,,2024-01-20 11:00:00,974,41,52,155,0,0,"obrigada pelas mensagens de aniversario, gente enfim (66)",0
ganhe9594657,Promo 999,,2026-06-08 13:47:00,103,7,1483,4729,1,0,"Cupom exclusivo de R$ 200, ultimas vagas, clique no link https://cutt.ly/gt3qvl",1
lucas_rocha,Nara Lima,corredora amadora | 42k,2020-07-25 17:00:00,2247,71,95,359,0,0,alguem ai assistiu o jogo de ontem? que segundo tempo valeu quem ajudou (9),0
lucas_alves,Eduardo Alves,"pai do Theo, torcedor sofredor",2016-09-09 00:00:00,3663,291,322,104,0,0,promocao de hoje na loja: cupom de 20% pra quem chegar antes do meio dia,0
juliana_souza,Juliana Rocha,professora de historia,2018-10-02 16:00:00,2909,1596,1728,297,0,0,alguem ai assistiu o jogo de ontem? que segundo tempo depois conto o resto,0
juliana_rocha1,Carla Rocha,musico nos fins de semana,2020-01-22 06:00:00,2433,1369,588,1054,0,1,"chuva forte aqui em Porto Alegre hoje, transito parado",0
helena_souza98,Diego Souza,professora de historia,2026-08-23 12:00:00,28,0,400,78,0,0,"treino feito, 6km hoje. devagar mas chegando bora pra cima (22)",0
bruno_silva16,Igor Silva,musico nos fins de semana,2015-03-01 13:00:00,4220,102,68,195,0,0,"obrigada pelas mensagens de aniversario, gente enfim",0
carla_souza88,Fernanda Alves,fotografa e mae de dois,2026-08-29 13:00:00,21,9,411,54,0,0,"chuva forte aqui em Porto Alegre hoje, transito parado enfim",0
nara_lima98,Otavio Alves,corredora amadora | 42k,2018-08-21 12:00:00,2952,148,156,129,0,0,"bom dia, cafe e mais um dia de trabalho por aqui coisa de louco",0
mariana_alves,Igor Lima,professora de historia,2021-06-22 10:00:00,1916,220,74,268,0,0,promocao de hoje na loja: cupom de 20% pra quem chegar antes do meio dia,0
gustavo_souza,Otavio Alves,,2016-05-27 20:00:00,3767,799,1645,799,0,0,"consegui finalmente organizar a planilha do mes, vitoria pessoal bora pra cima (18)",0
diego_alves63,Nara Lima,estudante de enfermagem,2013-11-03 22:00:00,4703,423,169,353,0,0,"bom dia, cafe e mais um dia de trabalho por aqui depois conto o resto (43)",0
paula_lima86,Paula Lima,professora de historia,2023-12-05 11:00:00,1020,152,96,316,0,0,"opiniao impopular: filme antigo e melhor que remake no mais, tudo tranquilo",0
helena_rocha,Otavio Alves,analista de dados em Curitiba,2022-08-28 18:00:00,1483,268,248,298,0,0,"chuva forte aqui em Curitiba hoje, transito parado (48)",0
gustavo_silva,Mariana Souza,"pai do Theo, torcedor sofredor",2025-03-22 21:00:00,546,142,214,315,0,0,dica pra quem estuda seguranca: pratique em laboratorio proprio depois conto o resto,0
rafael_souza14,Diego Silva,musico nos fins de semana,2017-10-13 22:00:00,3263,147,242,534,0,0,recomendo muito esse restaurante novo no centro de Belem enfim,0
ana_alves,Nara Souza,"pai do Theo, torcedor sofredor",2026-08-18 20:00:00,32,11,409,60,0,0,recomendo muito esse restaurante novo no centro de Recife recomendo,0
rafael_alves,Juliana Rocha,professora de historia,2013-04-09 01:00:00,4912,45,97,1323,0,0,alguem ai assistiu o jogo de ontem? que segundo tempo (24),0
user5611308,Promo 999,,2026-06-03 13:38:00,108,9,1635,3554,1,0,SEGUIDORES GRATIS!!! siga de volta e me chama no whats https://bit.ly/01n589,1
mariana_lima,Fernanda Alves,,2016-09-06 12:00:00,3666,41,29,92,1,0,"obrigada pelas mensagens de aniversario, gente ate semana que vem (70)",0
diego_alves,Otavio Souza,"dev backend, cafe e gatos",2020-06-12 17:00:00,2290,272,147,410,0,0,dica pra quem estuda seguranca: pratique em laboratorio proprio no fim deu certo,0
bruno_silva27,Gustavo Lima,musico nos fins de semana,2017-03-08 13:00:00,3482,15,15,25,0,0,alguem ai assistiu o jogo de ontem? que segundo tempo que dia (52),0
carla_rocha61,Otavio Souza,professora de historia,2018-01-20 01:00:00,3165,88,138,1340,0,0,dica pra quem estuda seguranca: pratique em laboratorio proprio ate semana que vem,0
rafael_silva,Mariana Souza,professora de historia,2025-04-18 12:00:00,520,87,51,1295,1,0,"treino feito, 6km hoje. devagar mas chegando coisa de louco",0
nara_souza,Lucas Souza,estudante de enfermagem,2023-08-03 19:00:00,1143,1358,943,1328,0,0,"treino feito, 6km hoje. devagar mas chegando depois conto o resto",0
invest9891710,Renda Extra 24h,,2026-02-03 12:51:00,228,28,2557,10843,0,0,RENDA EXTRA de R$ 300 por dia!!! clique no link da bio e comece hoje https://encurtador.com.br/730prp,1
fernanda_souza,Lucas Alves,"pai do Theo, torcedor sofredor",2024-05-25 14:00:00,847,226,267,802,0,0,"renda extra? venha ser revendedora comigo, explico tudo https://cutt.ly/u13wkc",0
bruno_souza,Mariana Silva,analista de dados em Recife,2026-08-17 06:00:00,34,1,400,94,0,0,"obrigada pelas mensagens de aniversario, gente valeu quem ajudou",0
nara_lima21,Juliana Lima,professora de historia,2015-02-27 14:00:00,4222,114,244,3780,0,0,dica pra quem estuda seguranca: pratique em laboratorio proprio amanha continuo,0
ana_rocha,Lucas Silva,"pai do Theo, torcedor sofredor",2021-09-19 08:00:00,1827,1185,2277,143,0,0,recomendo muito esse restaurante novo no centro de Belem bora pra cima (44),0
paula_lima,Otavio Rocha,corredora amadora | 42k,2022-06-07 20:00:00,1565,334,567,425,0,0,alguem ai assistiu o jogo de ontem? que segundo tempo,0
paula_souza,Paula Rocha,analista de dados em Goiania,2020-08-15 08:00:00,2227,90,186,166,0,0,"obrigada pelas mensagens de aniversario, gente recomendo",0
juliana_lima,Lucas Alves,professora de historia,2012-09-19 19:00:00,5113,167,181,55,0,0,"chuva forte aqui em Porto Alegre hoje, transito parado valeu quem ajudou",0
igor_rocha94,Ana Souza,"pai do Theo, torcedor sofredor",2014-05-23 10:00:00,4503,1251,804,2760,0,0,"obrigada pelas mensagens de aniversario, gente ate semana que vem",0
juliana_lima,Nara Silva,estudante de enfermagem,2022-03-15 13:00:00,1649,926,864,1261,0,0,"terminei de ler o livro que a Nara indicou, valeu a pena amanha continuo (9)",0
juliana_silva,Bruno Alves,estudante de enfermagem,2012-07-27 13:00:00,5167,582,1093,108,0,0,"recomendo muito esse restaurante novo no centro de Porto Alegre no mais, tudo tranquilo (4)",0
gustavo_souza70,Rafael Lima,estudante de enfermagem,2012-09-01 17:00:00,5131,1156,1147,177,0,0,recomendo muito esse restaurante novo no centro de Belem enfim (71),0
fernanda_souza70,Paula Souza,musico nos fins de semana,2026-08-22 10:00:00,29,16,407,70,0,0,"treino feito, 6km hoje. devagar mas chegando amanha continuo (28)",0
gustavo_silva24,Mariana Souza,musico nos fins de semana,2026-06-28 22:00:00,83,11,415,257,0,0,"opiniao impopular: filme antigo e melhor que remake no mais, tudo tranquilo (50)",0
lucas_lima,Diego Lima,musico nos fins de semana,2024-05-11 11:00:00,862,104,191,1237,0,0,"treino feito, 6km hoje. devagar mas chegando depois conto o resto",0
helena_alves,Mariana Alves,professora de historia,2015-07-04 16:00:00,4095,340,668,182,0,0,recomendo muito esse restaurante novo no centro de Sao Paulo depois conto o resto,0
eduardo_rocha,Mariana Alves,estudante de enfermagem,2015-08-11 22:00:00,4057,755,575,2071,0,0,alguem ai assistiu o jogo de ontem? que segundo tempo no fim deu certo,0
bruno_rocha34,Paula Alves,analista de dados em Sao Paulo,2019-03-13 04:00:00,2748,533,338,722,0,0,"consegui finalmente organizar a planilha do mes, vitoria pessoal amanha continuo",0
carla_silva86,Helena Lima,analista de dados em Belem,2019-05-31 03:00:00,2669,1523,3095,44,0,0,recomendo muito esse restaurante novo no centro de Belem (70),0
lucas_alves,Carla Lima,estudante de enfermagem,2026-09-10 10:00:00,10,18,436,3,0,0,dica pra quem estuda seguranca: pratique em laboratorio proprio coisa de louco,0
mariana_rocha,Bruno Silva,"dev backend, cafe e gatos",2020-06-04 01:00:00,2299,244,448,329,0,0,"recomendo muito esse restaurante novo no centro de Recife no mais, tudo tranquilo",0
rafael_rocha40,Gustavo Silva,fotografa e mae de dois,2012-11-09 13:00:00,5062,121,223,235,0,0,"consegui finalmente organizar a planilha do mes, vitoria pessoal no mais, tudo tranquilo (8)",0
rafael_rocha0,Mariana Souza,estudante de enfermagem,2026-08-12 00:00:00,39,7,407,89,0,0,"obrigada pelas mensagens de aniversario, gente depois conto o resto",0
carla_rocha81,Helena Rocha,"dev backend, cafe e gatos",2019-06-03 17:00:00,2665,314,444,269,0,0,recomendo muito esse restaurante novo no centro de Goiania amanha continuo,0
bruno_rocha,Helena Lima,,2019-02-27 21:00:00,2761,50,107,1063,0,0,"consegui finalmente organizar a planilha do mes, vitoria pessoal ate semana que vem",0
mariana_souza23,Ana Alves,professora de historia,2022-03-30 11:00:00,1635,153,66,799,0,0,"chuva forte aqui em Porto Alegre hoje, transito parado bora pra cima",0
mariana_silva,Lucas Lima,musico nos fins de semana,2024-01-01 22:00:00,992,399,507,802,0,0,"consegui finalmente organizar a planilha do mes, vitoria pessoal amanha continuo",0
lucas_silva,Eduardo Souza,"pai do Theo, torcedor sofredor",2018-01-26 09:00:00,3159,151,159,727,0,0,dica pra quem estuda seguranca: pratique em laboratorio proprio valeu quem ajudou,0
nara_rocha95,Juliana Souza,,2021-02-22 12:00:00,2036,308,244,681,0,0,alguem ai assistiu o jogo de ontem? que segundo tempo no fim deu certo (83),0
juliana_souza,Diego Lima,professora de historia,2015-11-06 06:00:00,3971,262,333,720,0,0,"bom dia, cafe e mais um dia de trabalho por aqui no fim deu certo",0
igor_alves5,Otavio Alves,"pai do Theo, torcedor sofredor",2016-07-18 04:00:00,3716,641,166,3232,0,0,alguem ai assistiu o jogo de ontem? que segundo tempo (81),0
helena_souza12,Otavio Silva,estudante de enfermagem,2022-07-17 13:00:00,1525,389,776,334,0,0,alguem ai assistiu o jogo de ontem? que segundo tempo no fim deu certo,0
carla_alves83,Eduardo Silva,estudante de enfermagem,2014-04-09 21:00:00,4546,213,154,24,0,0,dica pra quem estuda seguranca: pratique em laboratorio proprio,0
carla_souza,Helena Souza,"pai do Theo, torcedor sofredor",2023-03-04 23:00:00,1295,664,524,575,0,0,"chuva forte aqui em Recife hoje, transito parado ate semana que vem",0
helena_souza34,Paula Lima,"dev backend, cafe e gatos",2019-12-22 18:00:00,2463,830,1453,1205,0,0,"terminei de ler o livro que a Diego indicou, valeu a pena (84)",0
user6787009,Ganhe 1000,,2026-06-03 12:10:00,108,11,2346,3244,0,0,RENDA EXTRA de R$ 300 por dia!!! clique no link da bio e comece hoje https://cutt.ly/47x1jb,1
lucas_rocha90,Paula Prado,fotografa e mae de dois,2024-09-26 11:00:00,724,256,148,352,0,0,"chuva forte aqui em Recife hoje, transito parado",1
juliana_souza,Juliana Alves,fotografa e mae de dois,2018-07-30 15:00:00,2973,187,306,1893,0,0,"chuva forte aqui em Salvador hoje, transito parado no fim deu certo",0
ana_silva40,Otavio Rocha,"dev backend, cafe e gatos",2017-07-16 23:00:00,3352,307,340,1035,0,0,opiniao impopular: filme antigo e melhor que remake amanha continuo,0
fernanda_rocha,Carla Silva,,2016-08-28 01:00:00,3675,208,293,519,0,0,"obrigada pelas mensagens de aniversario, gente ate semana que vem",0
gustavo_rocha,Fernanda Silva,fotografa e mae de dois,2023-09-15 02:00:00,1101,545,682,582,0,0,dica pra quem estuda seguranca: pratique em laboratorio proprio enfim (76),0
nara_alves13,Bruno Silva,,2017-09-13 14:00:00,3293,383,245,857,0,0,"consegui finalmente organizar a planilha do mes, vitoria pessoal depois conto o resto (54)",0
nara_souza,Lucas Souza,estudante de enfermagem,2026-08-08 04:00:00,43,10,406,158,0,0,dica pra quem estuda seguranca: pratique em laboratorio proprio no fim deu certo (57),0
mariana_lima,Helena Alves,analista de dados em Sao Paulo,2018-01-01 06:00:00,3184,880,340,273,0,0,alguem ai assistiu o jogo de ontem? que segundo tempo recomendo (96),0
gustavo_rocha,Igor Souza,musico nos fins de semana,2015-10-06 08:00:00,4002,21,15,130,0,0,"treino feito, 6km hoje. devagar mas chegando bora pra cima",0
paula_alves,Helena Silva,,2017-04-04 13:00:00,3455,138,180,142,0,0,"consegui finalmente organizar a planilha do mes, vitoria pessoal bora pra cima (56)",0
bruno_rocha23,Nara Lima,"pai do Theo, torcedor sofredor",2026-09-15 21:00:00,4,10,414,19,0,0,"terminei de ler o livro que a Otavio indicou, valeu a pena que dia",0
fernanda_rocha70,Juliana Rocha,,2026-06-29 09:00:00,83,9,407,270,0,0,"chuva forte aqui em Curitiba hoje, transito parado recomendo",0
ganhe353872,Ganhe 1000,,2026-06-03 15:14:00,108,1,1136,2090,1,0,SEGUIDORES GRATIS!!! siga de volta e me chama no whats https://encurtador.com.br/otvue3,1
gustavo_souza,Carla Lima,professora de historia,2023-01-21 08:00:00,1338,231,417,107,0,0,alguem ai assistiu o jogo de ontem? que segundo tempo depois conto o resto,0
helena_rocha77,Paula Silva,fotografa e mae de dois,2013-09-22 04:00:00,4746,99,138,367,0,0,"chuva forte aqui em Salvador hoje, transito parado depois conto o resto (57)",0
eduardo_rocha69,Helena Alves,"dev backend, cafe e gatos",2019-12-26 12:00:00,2460,44,28,80,0,0,"chuva forte aqui em Goiania hoje, transito parado enfim (31)",0
carla_silva63,Lucas Souza,fotografa e mae de dois,2018-02-05 07:00:00,3149,86,55,1076,0,0,"consegui finalmente organizar a planilha do mes, vitoria pessoal amanha continuo (2)",0
helena_rocha,Diego Lima,estudante de enfermagem,2016-09-19 16:00:00,3652,110,173,505,0,0,"treino feito, 6km hoje. devagar mas chegando (23)",0
bruno_alves,Fernanda Alves,"pai do Theo, torcedor sofredor",2024-07-14 19:00:00,797,250,258,407,0,0,"bom dia, cafe e mais um dia de trabalho por aqui depois conto o resto (64)",0
igor_rocha29,Eduardo Souza,,2023-02-14 02:00:00,1314,118,163,1188,1,0,opiniao impopular: filme antigo e melhor que remake enfim (2),0
juliana_silva35,Juliana Alves,fotografa e mae de dois,2020-11-17 05:00:00,2133,235,223,197,0,0,dica pra quem estuda seguranca: pratique em laboratorio proprio,0
mariana_lima81,Otavio Alves,corredora amadora | 42k,2026-03-06 13:00:00,197,78,64,753,0,0,opiniao impopular: filme antigo e melhor que remake valeu quem ajudou,0
juliana_alves5,Ana Rocha,fotografa e mae de dois,2020-10-17 04:00:00,2164,143,116,238,0,0,"obrigada pelas mensagens de aniversario, gente enfim (39)",0
otavio_lima,Bruno Silva,professora de historia,2020-02-18 21:00:00,2405,29,39,772,0,0,dica pra quem estuda seguranca: pratique em laboratorio proprio coisa de louco (17),0
bruno_rocha90,Diego Alves,corredora amadora | 42k,2013-11-21 07:00:00,4686,104,121,133,0,0,"bom dia, cafe e mais um dia de trabalho por aqui valeu quem ajudou",0
carla_lima,Juliana Silva,musico nos fins de semana,2015-05-04 18:00:00,4156,154,247,139,0,0,"bom dia, cafe e mais um dia de trabalho por aqui enfim",0
rafael_lima13,Diego Silva,"pai do Theo, torcedor sofredor",2024-06-14 04:00:00,828,281,444,3265,0,0,"treino feito, 6km hoje. devagar mas chegando coisa de louco",0
rafael_alves56,Diego Souza,"dev backend, cafe e gatos",2012-09-11 18:00:00,5121,266,433,479,0,0,opiniao impopular: filme antigo e melhor que remake valeu quem ajudou (26),0
juliana_alves,Eduardo Silva,corredora amadora | 42k,2024-02-28 16:00:00,934,167,286,1359,0,1,"treino feito, 6km hoje. devagar mas chegando valeu quem ajudou (74)",0
helena_souza69,Igor Souza,analista de dados em Belem,2022-09-19 07:00:00,1462,648,1007,495,0,0,dica pra quem estuda seguranca: pratique em laboratorio proprio no fim deu certo (56),0
eduardo_alves87,Fernanda Lima,analista de dados em Recife,2021-03-31 12:00:00,1999,347,467,166,0,0,recomendo muito esse restaurante novo no centro de Recife enfim,0
carla_alves20,Nara Silva,"dev backend, cafe e gatos",2023-09-30 05:00:00,1086,136,260,695,0,0,promocao de hoje na loja: cupom de 20% pra quem chegar antes do meio dia,0
eduardo_alves,Otavio Rocha,musico nos fins de semana,2013-07-20 21:00:00,4809,64,137,79,0,0,"chuva forte aqui em Recife hoje, transito parado ate semana que vem",0
invest5795601,Invest Bot,,2026-03-02 12:20:00,201,8,2184,5069,1,0,SEGUIDORES GRATIS!!! siga de volta e me chama no whats https://is.gd/tafgfh,1
rafael_silva,Carla Silva,professora de historia,2022-03-24 19:00:00,1640,291,313,203,0,0,dica pra quem estuda seguranca: pratique em laboratorio proprio ate semana que vem,0
fernanda_lima,Paula Lima,estudante de enfermagem,2021-03-02 13:00:00,2027,69,148,533,0,0,"chuva forte aqui em Belem hoje, transito parado ate semana que vem",0
igor_silva,Lucas Silva,professora de historia,2016-07-12 16:00:00,3721,2269,1724,544,0,0,"renda extra? venha ser revendedora comigo, explico tudo https://cutt.ly/zkyxs6",0
rafael_rocha,Fernanda Silva,analista de dados em Sao Paulo,2013-12-11 16:00:00,4665,762,1560,132,0,0,alguem ai assistiu o jogo de ontem? que segundo tempo bora pra cima,0
igor_lima64,Otavio Silva,estudante de enfermagem,2026-08-13 01:00:00,38,0,400,134,0,0,"bom dia, cafe e mais um dia de trabalho por aqui",0
juliana_alves43,Carla Rocha,estudante de enfermagem,2016-09-08 14:00:00,3663,812,915,1336,0,0,dica pra quem estuda seguranca: pratique em laboratorio proprio valeu quem ajudou,0
juliana_rocha66,Rafael Souza,estudante de enfermagem,2021-06-23 08:00:00,1915,112,203,390,0,0,"bom dia, cafe e mais um dia de trabalho por aqui que dia",0
ana_silva,Diego Rocha,analista de dados em Goiania,2018-06-23 12:00:00,3011,519,888,916,1,0,"bom dia, cafe e mais um dia de trabalho por aqui coisa de louco",0
igor_rocha,Fernanda Souza,corredora amadora | 42k,2026-06-28 16:00:00,83,13,412,226,0,0,opiniao impopular: filme antigo e melhor que remake recomendo,0
diego_rocha24,Nara Lima,,2020-11-15 21:00:00,2134,338,121,1773,0,0,alguem ai assistiu o jogo de ontem? que segundo tempo bora pra cima,0
bruno_lima,Rafael Alves,"dev backend, cafe e gatos",2014-03-06 11:00:00,4581,239,509,1405,0,0,"bom dia, cafe e mais um dia de trabalho por aqui enfim",0
carla_silva,Gustavo Silva,,2018-01-27 16:00:00,3157,421,324,58,0,0,"consegui finalmente organizar a planilha do mes, vitoria pessoal ate semana que vem (11)",0
gustavo_silva82,Eduardo Rocha,fotografa e mae de dois,2019-12-20 11:00:00,2466,38,12,1235,0,0,"obrigada pelas mensagens de aniversario, gente valeu quem ajudou",0
bruno_souza85,Fernanda Alves,musico nos fins de semana,2020-10-20 15:00:00,2160,256,526,337,0,0,"vagas limitadas no curso de bolo caseiro, chama no direct pra reservar",0
mariana_souza22,Ana Lima,professora de historia,2025-06-30 19:00:00,446,106,122,2085,0,0,"chuva forte aqui em Curitiba hoje, transito parado no mais, tudo tranquilo",0
carla_rocha,Helena Lima,corredora amadora | 42k,2026-08-14 23:00:00,36,15,407,108,0,0,"bom dia, cafe e mais um dia de trabalho por aqui no fim deu certo",0
eduardo_silva12,Ana Alves,corredora amadora | 42k,2025-01-02 10:00:00,626,234,352,513,0,0,dica pra quem estuda seguranca: pratique em laboratorio proprio valeu quem ajudou (59),0
helena_alves,Rafael Lima,professora de historia,2020-06-01 06:00:00,2302,160,126,415,0,0,recomendo muito esse restaurante novo no centro de Sao Paulo que dia,0
lucas_silva10,Carla Lima,"pai do Theo, torcedor sofredor",2026-08-01 14:00:00,49,3,404,158,0,0,"vagas limitadas no curso de bolo caseiro, chama no direct pra reservar",0
paula_lima33,Bruno Prado,"pai do Theo, torcedor sofredor",2022-06-25 12:00:00,1548,168,240,1594,0,0,quem ai tambem acordou cedo pra treinar? ate semana que vem,1
bruno_lima44,Juliana Lima,fotografa e mae de dois,2016-08-03 07:00:00,3700,168,133,484,0,0,"vagas limitadas no curso de bolo caseiro, chama no direct pra reservar",0
nara_lima40,Juliana Souza,musico nos fins de semana,2020-03-06 03:00:00,2389,279,279,707,0,0,dica pra quem estuda seguranca: pratique em laboratorio proprio coisa de louco,0
ana_rocha43,Juliana Silva,musico nos fins de semana,2026-06-24 05:00:00,88,7,402,239,0,0,alguem ai assistiu o jogo de ontem? que segundo tempo coisa de louco,0
rafael_rocha,Carla Silva,professora de historia,2025-05-02 01:00:00,506,894,1722,937,1,0,opiniao impopular: filme antigo e melhor que remake amanha continuo,0
mariana_lima,Helena Lima,corredora amadora | 42k,2026-07-29 06:00:00,53,26,436,173,0,0,"obrigada pelas mensagens de aniversario, gente bora pra cima (64)",0
mariana_souza41,Juliana Souza,fotografa e mae de dois,2013-12-26 10:00:00,4651,102,76,1512,0,0,"treino feito, 6km hoje. devagar mas chegando enfim",0
bruno_lima,Lucas Silva,musico nos fins de semana,2019-05-28 00:00:00,2672,174,235,159,0,0,"consegui finalmente organizar a planilha do mes, vitoria pessoal",0
rafael_souza29,Carla Rocha,"pai do Theo, torcedor sofredor",2022-09-21 11:00:00,1460,671,1417,206,0,0,"bom dia, cafe e mais um dia de trabalho por aqui depois conto o resto",0
gustavo_lima,Otavio Silva,corredora amadora | 42k,2020-12-24 23:00:00,2095,228,382,107,0,0,dica pra quem estuda seguranca: pratique em laboratorio proprio no fim deu certo,0
helena_lima,Fernanda Souza,analista de dados em Goiania,2019-05-19 03:00:00,2681,1297,386,386,0,0,opiniao impopular: filme antigo e melhor que remake (32),0
gustavo_lima71,Diego Alves,musico nos fins de semana,2024-09-23 11:00:00,727,172,202,3353,0,0,"treino feito, 6km hoje. devagar mas chegando ate semana que vem (88)",0
carla_rocha,Ana Lima,,2022-08-27 00:00:00,1485,822,344,777,0,0,"treino feito, 6km hoje. devagar mas chegando valeu quem ajudou (45)",0
eduardo_souza,Carla Lima,corredora amadora | 42k,2026-06-29 07:00:00,83,25,417,231,0,0,"consegui finalmente organizar a planilha do mes, vitoria pessoal recomendo",0
promo9801786,Ana 7712,,2026-02-03 12:23:00,228,17,803,6989,1,0,"GANHE DINHEIRO em casa!!! vagas limitadas, chama no direct agora https://bit.ly/1g5k0w",1
fernanda_alves,Otavio Silva,fotografa e mae de dois,2021-04-17 04:00:00,1982,1109,1454,356,0,0,"obrigada pelas mensagens de aniversario, gente coisa de louco (37)",0
diego_rocha,Nara Lima,corredora amadora | 42k,2019-10-19 21:00:00,2527,459,557,157,0,0,"terminei de ler o livro que a Eduardo indicou, valeu a pena depois conto o resto",0
juliana_souza7,Gustavo Prado,analista de dados em Sao Paulo,2025-03-29 07:00:00,540,501,1017,74,0,0,"treino feito, 6km hoje. devagar mas chegando depois conto o resto",1
otavio_rocha,Juliana Rocha,analista de dados em Belem,2022-05-01 01:00:00,1603,426,920,2709,0,0,opiniao impopular: filme antigo e melhor que remake enfim,0
rafael_souza38,Rafael Silva,musico nos fins de semana,2019-10-21 05:00:00,2526,132,258,1139,0,0,promocao de hoje na loja: cupom de 20% pra quem chegar antes do meio dia,0
helena_rocha62,Ana Souza,estudante de enfermagem,2018-12-08 04:00:00,2843,25,23,346,0,0,dica pra quem estuda seguranca: pratique em laboratorio proprio amanha continuo (55),0
lucas_lima,Gustavo Souza,professora de historia,2015-02-24 09:00:00,4226,383,125,200,0,1,"terminei de ler o livro que a Carla indicou, valeu a pena recomendo",0
lucas_silva,Helena Lima,fotografa e mae de dois,2015-01-19 11:00:00,4262,813,1647,450,0,0,recomendo muito esse restaurante novo no centro de Porto Alegre recomendo,0
eduardo_silva,Mariana Alves,"pai do Theo, torcedor sofredor",2020-09-09 14:00:00,2201,28,36,158,0,0,"treino feito, 6km hoje. devagar mas chegando que dia",0
juliana_silva58,Fernanda Souza,"pai do Theo, torcedor sofredor",2020-03-28 21:00:00,2366,326,305,70,0,0,"obrigada pelas mensagens de aniversario, gente depois conto o resto",0
eduardo_rocha,Helena Alves,professora de historia,2017-03-25 21:00:00,3465,360,531,1146,0,0,"consegui finalmente organizar a planilha do mes, vitoria pessoal no mais, tudo tranquilo (11)",0
ganhe4928270,Renda Extra 24h,,2026-03-10 14:05:00,193,28,2092,8658,1,0,SEGUIDORES GRATIS!!! siga de volta e me chama no whats https://is.gd/zcf27p,1
gustavo_lima6,Ana Rocha,"pai do Theo, torcedor sofredor",2024-01-31 06:00:00,963,15,25,658,0,0,"consegui finalmente organizar a planilha do mes, vitoria pessoal bora pra cima",0
diego_alves,Carla Rocha,,2026-04-22 12:00:00,151,87,111,604,0,0,"bom dia, cafe e mais um dia de trabalho por aqui valeu quem ajudou",0
diego_alves48,Diego Souza,,2026-08-30 09:00:00,21,9,412,70,0,0,alguem ai assistiu o jogo de ontem? que segundo tempo enfim (47),0
lucas_lima48,Igor Alves,fotografa e mae de dois,2022-09-23 19:00:00,1457,294,189,254,0,0,recomendo muito esse restaurante novo no centro de Sao Paulo que dia,0
helena_silva86,Otavio Souza,corredora amadora | 42k,2015-11-19 23:00:00,3957,507,975,169,0,0,dica pra quem estuda seguranca: pratique em laboratorio proprio ate semana que vem (39),0
gustavo_rocha,Rafael Souza,estudante de enfermagem,2023-10-19 23:00:00,1066,283,579,1151,0,0,"obrigada pelas mensagens de aniversario, gente no mais, tudo tranquilo",0
rafael_lima,Otavio Silva,analista de dados em Sao Paulo,2023-01-07 03:00:00,1352,382,619,435,0,0,"obrigada pelas mensagens de aniversario, gente valeu quem ajudou (46)",0
carla_silva63,Paula Lima,estudante de enfermagem,2016-06-23 00:00:00,3741,763,1248,667,1,0,"obrigada pelas mensagens de aniversario, gente coisa de louco (90)",0
nara_rocha79,Helena Lima,analista de dados em Curitiba,2019-08-30 05:00:00,2578,231,452,989,0,0,dica pra quem estuda seguranca: pratique em laboratorio proprio bora pra cima (44),0
user2687693,Ana 7712,,2026-06-08 12:16:00,103,16,2328,1188,1,0,"Sinal gratis de aposta, lucro garantido hoje!!! https://bit.ly/xwtj6z",1
gustavo_silva19,Gustavo Souza,"dev backend, cafe e gatos",2018-03-03 06:00:00,3123,56,46,141,0,0,opiniao impopular: filme antigo e melhor que remake bora pra cima (65),0
diego_souza10,Ana Souza,fotografa e mae de dois,2015-10-12 15:00:00,3995,994,1602,192,0,0,"treino feito, 6km hoje. devagar mas chegando ate semana que vem (47)",0
bruno_alves,Ana Lima,"pai do Theo, torcedor sofredor",2022-11-05 00:00:00,1415,548,755,25,0,0,"bom dia, cafe e mais um dia de trabalho por aqui no mais, tudo tranquilo",0
promo4291904,Invest Bot,,2026-02-23 13:43:00,208,26,2211,2128,1,0,RENDA EXTRA de R$ 300 por dia!!! clique no link da bio e comece hoje https://is.gd/ni3tk7,1
eduardo_lima69,Eduardo Silva,"pai do Theo, torcedor sofredor",2015-01-11 14:00:00,4269,70,112,378,0,0,"consegui finalmente organizar a planilha do mes, vitoria pessoal amanha continuo",0
nara_alves5,Helena Silva,musico nos fins de semana,2022-06-07 00:00:00,1566,616,862,547,0,0,alguem ai assistiu o jogo de ontem? que segundo tempo ate semana que vem,0
mariana_alves,Lucas Alves,professora de historia,2013-08-29 00:00:00,4770,254,446,205,0,0,"treino feito, 6km hoje. devagar mas chegando coisa de louco (24)",0
igor_silva97,Gustavo Lima,corredora amadora | 42k,2026-08-03 00:00:00,48,2,402,133,0,0,"bom dia, cafe e mais um dia de trabalho por aqui bora pra cima",0
paula_souza,Mariana Alves,estudante de enfermagem,2021-03-30 16:00:00,1999,83,95,337,0,0,alguem ai assistiu o jogo de ontem? que segundo tempo enfim (83),0
bruno_rocha12,Mariana Rocha,analista de dados em Porto Alegre,2026-09-09 08:00:00,11,7,407,43,0,0,dica pra quem estuda seguranca: pratique em laboratorio proprio recomendo,0
ana_silva87,Carla Rocha,fotografa e mae de dois,2013-04-27 04:00:00,4894,119,173,467,0,0,"obrigada pelas mensagens de aniversario, gente enfim (30)",0
igor_souza,Otavio Silva,estudante de enfermagem,2021-07-09 02:00:00,1899,300,215,365,0,0,dica pra quem estuda seguranca: pratique em laboratorio proprio valeu quem ajudou (68),0
carla_alves55,Ana Alves,musico nos fins de semana,2020-10-22 07:00:00,2159,93,126,377,0,0,alguem ai assistiu o jogo de ontem? que segundo tempo,0
user6317198,Ganhe 1000,,2026-03-02 12:02:00,201,10,2124,6436,1,0,"Cupom exclusivo de R$ 200, ultimas vagas, clique no link https://is.gd/irhnd4",1
paula_alves76,Fernanda Rocha,"dev backend, cafe e gatos",2022-11-14 20:00:00,1405,408,843,457,0,0,"terminei de ler o livro que a Fernanda indicou, valeu a pena no mais, tudo tranquilo",0
helena_silva,Nara Lima,"pai do Theo, torcedor sofredor",2014-09-09 01:00:00,4394,42,89,1944,0,0,"terminei de ler o livro que a Eduardo indicou, valeu a pena no fim deu certo",0
mariana_souza,Nara Lima,"dev backend, cafe e gatos",2025-12-16 15:00:00,277,181,272,1169,0,0,dica pra quem estuda seguranca: pratique em laboratorio proprio enfim,0
mariana_lima62,Mariana Souza,estudante de enfermagem,2024-08-23 12:00:00,758,502,425,631,0,0,"consegui finalmente organizar a planilha do mes, vitoria pessoal enfim",0
paula_lima75,Eduardo Alves,musico nos fins de semana,2023-05-09 01:00:00,1230,297,455,799,0,0,"terminei de ler o livro que a Otavio indicou, valeu a pena que dia (67)",0
ganhe1773787,Invest Bot,,2025-10-13 13:00:00,341,20,2012,19054,1,0,"GANHE DINHEIRO em casa!!! vagas limitadas, chama no direct agora https://bit.ly/63dwlb",1
eduardo_souza,Eduardo Souza,,2017-10-08 16:00:00,3268,142,161,328,0,0,"vagas limitadas no curso de bolo caseiro, chama no direct pra reservar",0
fernanda_souza57,Eduardo Lima,analista de dados em Porto Alegre,2022-07-27 01:00:00,1516,53,38,879,0,0,opiniao impopular: filme antigo e melhor que remake bora pra cima (65),0
ana_lima90,Mariana Silva,"pai do Theo, torcedor sofredor",2014-10-20 19:00:00,4352,271,119,1060,0,0,"vagas limitadas no curso de bolo caseiro, chama no direct pra reservar",0
nara_silva,Eduardo Silva,corredora amadora | 42k,2022-12-20 09:00:00,1370,105,221,189,0,0,"obrigada pelas mensagens de aniversario, gente no fim deu certo",0
gustavo_lima,Gustavo Alves,corredora amadora | 42k,2020-09-27 09:00:00,2184,314,627,565,0,0,"obrigada pelas mensagens de aniversario, gente bora pra cima (98)",0
mariana_silva16,Fernanda Souza,professora de historia,2017-01-07 18:00:00,3542,201,193,270,0,0,"terminei de ler o livro que a Rafael indicou, valeu a pena ate semana que vem (89)",0
ana_lima,Gustavo Lima,estudante de enfermagem,2014-08-25 08:00:00,4409,343,399,656,0,0,"renda extra? venha ser revendedora comigo, explico tudo https://encurtador.com.br/na7a8p",0
ana9486230,Renda Extra 24h,,2026-03-02 13:21:00,201,6,1530,5681,1,0,SEGUIDORES GRATIS!!! siga de volta e me chama no whats https://cutt.ly/9v63nv,1
invest5853022,Ganhe 1000,,2026-06-03 15:48:00,108,24,1008,2018,0,0,"Sinal gratis de aposta, lucro garantido hoje!!! https://cutt.ly/0wxnw0",1
gustavo_alves,Juliana Lima,estudante de enfermagem,2025-08-01 09:00:00,415,1134,504,52,0,0,dica pra quem estuda seguranca: pratique em laboratorio proprio bora pra cima (97),0
otavio_lima,Diego Silva,professora de historia,2026-08-20 06:00:00,31,4,403,89,0,0,"bom dia, cafe e mais um dia de trabalho por aqui amanha continuo (13)",0
nara_rocha,Juliana Rocha,estudante de enfermagem,2016-01-22 14:00:00,3893,61,124,45,0,0,promocao de hoje na loja: cupom de 20% pra quem chegar antes do meio dia,0
eduardo_alves24,Lucas Rocha,,2022-02-19 17:00:00,1673,97,186,1432,0,0,"chuva forte aqui em Belem hoje, transito parado ate semana que vem (92)",0
diego_lima80,Juliana Silva,analista de dados em Belem,2021-10-28 01:00:00,1788,152,173,204,0,0,"treino feito, 6km hoje. devagar mas chegando enfim (13)",0
eduardo_alves17,Fernanda Rocha,musico nos fins de semana,2014-07-17 15:00:00,4447,114,61,206,0,0,recomendo muito esse restaurante novo no centro de Recife depois conto o resto (10),0
lucas_silva,Juliana Martins,fotografa e mae de dois,2024-11-01 14:00:00,687,694,819,631,0,0,alguem ai assistiu o jogo de ontem? que segundo tempo no fim deu certo,1
carla_silva40,Fernanda Souza,estudante de enfermagem,2026-02-25 09:00:00,207,147,278,426,0,0,opiniao impopular: filme antigo e melhor que remake depois conto o resto (28),0
mariana_lima,Carla Souza,corredora amadora | 42k,2026-06-27 10:00:00,85,2,401,228,0,0,"terminei de ler o livro que a Diego indicou, valeu a pena depois conto o resto",0
user8674114,Ganhe 1000,,2026-06-03 13:45:00,108,0,2942,1127,1,0,Airdrop de cripto liberado! dobre seu investimento em 24h https://cutt.ly/7m1m12,1
juliana_rocha23,Juliana Alves,musico nos fins de semana,2018-12-03 20:00:00,2847,1178,1840,259,0,0,dica pra quem estuda seguranca: pratique em laboratorio proprio depois conto o resto,0
helena_silva,Helena Rocha,professora de historia,2012-11-14 04:00:00,5058,35,47,573,0,0,alguem ai assistiu o jogo de ontem? que segundo tempo ate semana que vem (52),0
igor_souza,Nara Rocha,professora de historia,2025-10-26 05:00:00,329,560,681,595,0,0,"alguem ai assistiu o jogo de ontem? que segundo tempo no mais, tudo tranquilo (34)",0
mariana_silva84,Helena Silva,professora de historia,2016-02-28 14:00:00,3856,40,81,699,0,0,"chuva forte aqui em Salvador hoje, transito parado coisa de louco",0
diego_souza38,Lucas Lima,estudante de enfermagem,2014-02-08 00:00:00,4607,76,59,316,0,0,"terminei de ler o livro que a Diego indicou, valeu a pena (36)",0
nara_rocha,Juliana Alves,corredora amadora | 42k,2017-05-06 07:00:00,3424,334,641,147,0,0,"consegui finalmente organizar a planilha do mes, vitoria pessoal no mais, tudo tranquilo (82)",0
paula_alves,Rafael Lima,fotografa e mae de dois,2014-07-18 22:00:00,4446,127,37,701,0,0,"chuva forte aqui em Curitiba hoje, transito parado que dia",0
carla_alves,Diego Lima,estudante de enfermagem,2014-04-30 09:00:00,4526,199,257,1527,0,0,"terminei de ler o livro que a Igor indicou, valeu a pena depois conto o resto",0
nara_lima31,Rafael Martins,fotografa e mae de dois,2025-03-19 20:00:00,549,69,70,44,0,0,quem ai tambem acordou cedo pra treinar? valeu quem ajudou,1
igor_rocha75,Diego Silva,"dev backend, cafe e gatos",2020-04-10 01:00:00,2354,52,30,118,0,0,opiniao impopular: filme antigo e melhor que remake recomendo (88),0
juliana_souza,Helena Silva,fotografa e mae de dois,2022-05-25 09:00:00,1579,460,543,3078,1,0,dica pra quem estuda seguranca: pratique em laboratorio proprio ate semana que vem,0
paula_lima68,Mariana Souza,professora de historia,2022-05-23 07:00:00,1581,857,1213,807,0,0,recomendo muito esse restaurante novo no centro de Recife que dia,0
otavio_rocha72,Carla Silva,corredora amadora | 42k,2026-03-12 10:00:00,192,769,903,551,0,0,"treino feito, 6km hoje. devagar mas chegando",0
ganhe3062716,Promo 999,link na bio https://is.gd/4i878d,2026-02-23 14:12:00,208,3,3200,3662,1,0,"Cupom exclusivo de R$ 200, ultimas vagas, clique no link https://is.gd/4i878d",1
diego_alves92,Diego Lima,musico nos fins de semana,2014-05-29 21:00:00,4496,368,367,309,0,0,dica pra quem estuda seguranca: pratique em laboratorio proprio enfim,0
carla_silva8,Juliana Rocha,professora de historia,2019-01-30 15:00:00,2789,350,614,101,0,0,"obrigada pelas mensagens de aniversario, gente que dia",0
juliana_silva,Nara Alves,musico nos fins de semana,2020-07-20 18:00:00,2252,56,92,311,0,0,"bom dia, cafe e mais um dia de trabalho por aqui bora pra cima",0
igor_lima58,Igor Lima,"pai do Theo, torcedor sofredor",2023-10-17 12:00:00,1069,84,42,263,0,0,dica pra quem estuda seguranca: pratique em laboratorio proprio amanha continuo,0
paula_lima,Otavio Silva,,2015-06-30 17:00:00,4099,36,71,93,0,0,"treino feito, 6km hoje. devagar mas chegando ate semana que vem",0
carla_rocha,Helena Alves,corredora amadora | 42k,2022-08-12 12:00:00,1500,111,129,138,0,0,"bom dia, cafe e mais um dia de trabalho por aqui depois conto o resto",0
lucro7519051,Ana 7712,link na bio https://is.gd/an3ec1,2026-07-18 16:03:00,63,13,1593,3344,0,0,Airdrop de cripto liberado! dobre seu investimento em 24h https://is.gd/an3ec1,1
paula_silva,Otavio Silva,estudante de enfermagem,2026-08-02 07:00:00,49,25,441,152,0,0,"chuva forte aqui em Sao Paulo hoje, transito parado",0
bruno_souza46,Helena Lima,corredora amadora | 42k,2021-03-15 06:00:00,2015,243,177,1360,0,0,promocao de hoje na loja: cupom de 20% pra quem chegar antes do meio dia,0
bruno_alves14,Mariana Rocha,estudante de enfermagem,2021-05-02 14:00:00,1966,94,45,281,0,0,"obrigada pelas mensagens de aniversario, gente amanha continuo",0
paula_alves75,Lucas Souza,corredora amadora | 42k,2023-09-15 07:00:00,1101,700,798,171,0,0,opiniao impopular: filme antigo e melhor que remake no fim deu certo,0
bruno_rocha93,Diego Rocha,,2014-12-11 06:00:00,4301,293,426,141,0,0,"vagas limitadas no curso de bolo caseiro, chama no direct pra reservar",0
bruno_rocha,Ana Martins,musico nos fins de semana,2021-11-08 05:00:00,1777,964,1070,133,0,0,"que dia lindo hoje, aproveitando o sol",1
ana_rocha,Igor Lima,"pai do Theo, torcedor sofredor",2012-11-26 08:00:00,5046,111,156,1781,0,0,"obrigada pelas mensagens de aniversario, gente enfim (60)",0
lucas_lima,Igor Alves,"pai do Theo, torcedor sofredor",2013-02-04 01:00:00,4976,1216,931,333,0,0,opiniao impopular: filme antigo e melhor que remake depois conto o resto (30),0
helena_lima,Paula Silva,musico nos fins de semana,2014-03-24 07:00:00,4563,204,308,1617,0,0,"obrigada pelas mensagens de aniversario, gente enfim (58)",0
mariana_souza81,Otavio Rocha,corredora amadora | 42k,2013-12-16 17:00:00,4660,339,165,169,0,0,recomendo muito esse restaurante novo no centro de Belem valeu quem ajudou (86),0
ana_rocha87,Nara Rocha,estudante de enfermagem,2026-08-15 00:00:00,36,16,406,102,0,0,"consegui finalmente organizar a planilha do mes, vitoria pessoal",0
igor_lima37,Mariana Souza,"dev backend, cafe e gatos",2014-01-12 12:00:00,4634,401,359,224,0,0,"bom dia, cafe e mais um dia de trabalho por aqui valeu quem ajudou",0
paula_rocha,Diego Souza,"dev backend, cafe e gatos",2022-02-02 16:00:00,1690,104,113,632,0,0,recomendo muito esse restaurante novo no centro de Belem enfim (92),0
lucas_rocha9,Rafael Rocha,analista de dados em Salvador,2020-10-07 15:00:00,2173,106,122,343,0,0,"treino feito, 6km hoje. devagar mas chegando bora pra cima",0
lucro9300448,Renda Extra 24h,,2026-02-23 14:32:00,208,45,1355,5488,1,0,RENDA EXTRA de R$ 300 por dia!!! clique no link da bio e comece hoje https://is.gd/bzlwys,1
eduardo_lima81,Otavio Silva,fotografa e mae de dois,2022-01-31 01:00:00,1693,801,1202,1080,0,0,"chuva forte aqui em Sao Paulo hoje, transito parado amanha continuo (98)",0
diego_alves,Paula Silva,fotografa e mae de dois,2018-02-09 23:00:00,3144,228,71,1911,0,0,alguem ai assistiu o jogo de ontem? que segundo tempo coisa de louco (9),0
nara_souza27,Carla Silva,fotografa e mae de dois,2025-05-25 23:00:00,482,54,48,109,0,0,"obrigada pelas mensagens de aniversario, gente (63)",0
lucas_lima,Mariana Alves,corredora amadora | 42k,2018-12-26 04:00:00,2825,71,143,718,0,0,"treino feito, 6km hoje. devagar mas chegando ate semana que vem",0
diego_rocha6,Gustavo Souza,"dev backend, cafe e gatos",2026-06-26 21:00:00,85,25,412,242,0,0,dica pra quem estuda seguranca: pratique em laboratorio proprio ate semana que vem,0
gustavo_alves65,Carla Souza,corredora amadora | 42k,2014-02-22 01:00:00,4593,15,20,374,0,0,"chuva forte aqui em Recife hoje, transito parado recomendo (76)",0
diego_rocha89,Nara Souza,analista de dados em Curitiba,2013-11-04 19:00:00,4702,604,583,264,0,0,"treino feito, 6km hoje. devagar mas chegando depois conto o resto (27)",0
otavio_lima,Lucas Souza,corredora amadora | 42k,2016-08-07 02:00:00,3696,144,298,102,0,0,"treino feito, 6km hoje. devagar mas chegando no mais, tudo tranquilo (46)",0
fernanda_silva96,Fernanda Rocha,"dev backend, cafe e gatos",2016-03-16 00:00:00,3840,92,160,179,0,0,dica pra quem estuda seguranca: pratique em laboratorio proprio no fim deu certo,0
promo1338383,Renda Extra 24h,,2026-06-03 16:10:00,108,3,1517,4894,1,0,"Cupom exclusivo de R$ 200, ultimas vagas, clique no link https://encurtador.com.br/3t6980",1
gustavo_silva,Paula Lima,"pai do Theo, torcedor sofredor",2014-05-20 06:00:00,4506,1387,1252,412,0,0,"chuva forte aqui em Goiania hoje, transito parado recomendo",0
gustavo_rocha,Nara Alves,estudante de enfermagem,2013-02-13 16:00:00,4966,310,611,3123,0,0,alguem ai assistiu o jogo de ontem? que segundo tempo valeu quem ajudou (3),0
carla_silva,Fernanda Silva,"dev backend, cafe e gatos",2015-03-07 18:00:00,4214,1013,1501,469,0,0,opiniao impopular: filme antigo e melhor que remake,0
rafael_alves21,Paula Souza,"pai do Theo, torcedor sofredor",2022-09-11 17:00:00,1469,166,162,439,0,0,"obrigada pelas mensagens de aniversario, gente enfim",0
igor_alves56,Ana Rocha,,2013-10-18 23:00:00,4719,338,627,903,0,0,"treino feito, 6km hoje. devagar mas chegando coisa de louco (79)",0
helena_lima,Gustavo Rocha,estudante de enfermagem,2026-06-27 11:00:00,85,2,404,240,0,0,"consegui finalmente organizar a planilha do mes, vitoria pessoal",0
diego_rocha91,Bruno Alves,,2016-03-16 09:00:00,3840,53,26,313,0,1,opiniao impopular: filme antigo e melhor que remake enfim,0
carla_souza62,Ana Souza,analista de dados em Recife,2015-05-16 08:00:00,4145,179,283,1626,0,0,dica pra quem estuda seguranca: pratique em laboratorio proprio no fim deu certo (70),0
paula_lima53,Gustavo Silva,,2024-05-14 00:00:00,859,122,45,262,0,0,"bom dia, cafe e mais um dia de trabalho por aqui no mais, tudo tranquilo (95)",0
otavio_lima,Paula Lima,estudante de enfermagem,2017-05-20 14:00:00,3409,321,442,159,0,0,"bom dia, cafe e mais um dia de trabalho por aqui no fim deu certo",0
juliana_alves50,Fernanda Silva,estudante de enfermagem,2026-08-03 14:00:00,47,2,402,130,0,0,"treino feito, 6km hoje. devagar mas chegando recomendo",0
promo9546018,Invest Bot,,2026-07-18 14:35:00,63,2,1660,3239,1,0,RENDA EXTRA de R$ 300 por dia!!! clique no link da bio e comece hoje https://cutt.ly/viad1r,1
igor_souza,Otavio Lima,,2023-07-20 16:00:00,1157,412,800,396,0,0,"chuva forte aqui em Salvador hoje, transito parado",0
nara_lima56,Rafael Silva,corredora amadora | 42k,2026-08-25 03:00:00,26,17,414,53,0,0,"chuva forte aqui em Belem hoje, transito parado ate semana que vem (65)",0
otavio_silva,Gustavo Silva,corredora amadora | 42k,2021-01-19 10:00:00,2070,2003,1442,467,0,0,"chuva forte aqui em Curitiba hoje, transito parado valeu quem ajudou (80)",0
lucro3228740,Renda Extra 24h,,2026-02-23 15:50:00,208,26,1729,8163,1,0,"Sinal gratis de aposta, lucro garantido hoje!!! https://bit.ly/xzc55a",1
user5916761,Renda Extra 24h,,2026-06-03 14:36:00,108,7,1656,6372,1,0,"Cupom exclusivo de R$ 200, ultimas vagas, clique no link https://tinyurl.com/xd9b83",1
igor_rocha,Carla Souza,musico nos fins de semana,2019-05-05 20:00:00,2694,400,518,1405,0,0,"terminei de ler o livro que a Nara indicou, valeu a pena coisa de louco",0
fernanda_souza8,Otavio Souza,analista de dados em Porto Alegre,2024-06-13 00:00:00,829,205,94,973,0,0,dica pra quem estuda seguranca: pratique em laboratorio proprio no fim deu certo,0
lucas_rocha,Otavio Silva,,2016-12-14 11:00:00,3567,41,65,1241,0,0,dica pra quem estuda seguranca: pratique em laboratorio proprio (22),0
bruno_silva52,Paula Rocha,corredora amadora | 42k,2018-10-24 16:00:00,2887,118,45,1264,0,0,"terminei de ler o livro que a Diego indicou, valeu a pena",0
otavio_alves30,Otavio Rocha,"pai do Theo, torcedor sofredor",2022-08-25 10:00:00,1487,198,415,1078,0,0,"treino feito, 6km hoje. devagar mas chegando depois conto o resto",0
lucas_rocha93,Otavio Alves,estudante de enfermagem,2013-08-14 20:00:00,4784,161,58,1134,0,0,"chuva forte aqui em Porto Alegre hoje, transito parado no fim deu certo (48)",0
juliana_silva21,Fernanda Silva,"dev backend, cafe e gatos",2024-10-25 11:00:00,695,515,464,1688,0,0,"chuva forte aqui em Sao Paulo hoje, transito parado recomendo (73)",0
rafael_silva,Mariana Silva,professora de historia,2017-01-13 19:00:00,3536,2405,908,105,0,0,alguem ai assistiu o jogo de ontem? que segundo tempo ate semana que vem (49),0
otavio_alves,Helena Silva,musico nos fins de semana,2020-07-06 11:00:00,2267,1057,563,794,0,0,"terminei de ler o livro que a Carla indicou, valeu a pena",0
otavio_lima,Paula Souza,estudante de enfermagem,2013-04-09 15:00:00,4911,519,836,1002,0,0,"consegui finalmente organizar a planilha do mes, vitoria pessoal recomendo (84)",0
nara_silva,Otavio Souza,analista de dados em Porto Alegre,2024-07-19 01:00:00,793,66,140,881,0,0,"opiniao impopular: filme antigo e melhor que remake no mais, tudo tranquilo",0
diego_silva,Ana Lima,analista de dados em Goiania,2025-10-15 05:00:00,340,170,189,4142,0,0,"chuva forte aqui em Goiania hoje, transito parado",0
fernanda_souza,Helena Alves,fotografa e mae de dois,2021-07-11 00:00:00,1897,24,21,808,0,0,"terminei de ler o livro que a Bruno indicou, valeu a pena no fim deu certo",0
ana9620574,Ganhe 1000,,2026-02-03 13:12:00,228,18,1584,5424,1,0,Airdrop de cripto liberado! dobre seu investimento em 24h https://encurtador.com.br/jve5xb,1
rafael_alves10,Gustavo Lima,"dev backend, cafe e gatos",2016-09-12 20:00:00,3659,786,1117,853,0,0,"bom dia, cafe e mais um dia de trabalho por aqui",0
carla_alves,Igor Silva,professora de historia,2023-05-31 12:00:00,1208,613,712,3202,0,0,dica pra quem estuda seguranca: pratique em laboratorio proprio enfim (53),0
invest925799,Ganhe 1000,,2025-10-13 13:54:00,341,9,2090,14280,1,0,"Sinal gratis de aposta, lucro garantido hoje!!! https://bit.ly/4t55qo",1
helena_silva,Diego Rocha,estudante de enfermagem,2024-06-18 10:00:00,824,1060,791,1249,0,0,"vagas limitadas no curso de bolo caseiro, chama no direct pra reservar",0
helena_lima90,Eduardo Rocha,corredora amadora | 42k,2023-10-23 15:00:00,1062,104,73,411,0,0,"treino feito, 6km hoje. devagar mas chegando recomendo (74)",0
lucas_silva56,Paula Lima,"dev backend, cafe e gatos",2021-11-13 12:00:00,1772,209,90,100,0,0,"terminei de ler o livro que a Lucas indicou, valeu a pena que dia (15)",0
eduardo_lima,Otavio Souza,analista de dados em Belem,2023-03-31 02:00:00,1269,143,245,801,0,0,"obrigada pelas mensagens de aniversario, gente bora pra cima",0
otavio_silva63,Carla Alves,,2022-10-08 16:00:00,1442,146,223,2345,0,0,"chuva forte aqui em Recife hoje, transito parado depois conto o resto",0
rafael_rocha82,Igor Rocha,professora de historia,2024-08-30 22:00:00,750,118,69,135,0,0,"bom dia, cafe e mais um dia de trabalho por aqui recomendo (89)",0
helena_alves,Helena Lima,corredora amadora | 42k,2024-04-29 05:00:00,874,2958,4086,3506,0,0,"chuva forte aqui em Porto Alegre hoje, transito parado no mais, tudo tranquilo",0
juliana_souza,Igor Rocha,"dev backend, cafe e gatos",2019-10-18 07:00:00,2529,504,222,51,0,0,"consegui finalmente organizar a planilha do mes, vitoria pessoal (25)",0
rafael_rocha,Diego Silva,professora de historia,2024-02-08 11:00:00,955,82,178,1360,0,0,"alguem ai assistiu o jogo de ontem? que segundo tempo no mais, tudo tranquilo (88)",0
fernanda_souza,Juliana Prado,"pai do Theo, torcedor sofredor",2023-06-06 03:00:00,1202,138,195,405,0,0,alguem ai assistiu o jogo de ontem? que segundo tempo enfim,1
promo707386,Promo 999,,2026-06-03 15:46:00,108,30,2632,3247,1,0,"Cupom exclusivo de R$ 200, ultimas vagas, clique no link https://cutt.ly/h4037z",1
eduardo_lima73,Otavio Rocha,estudante de enfermagem,2012-07-12 16:00:00,5182,141,261,6149,0,0,"terminei de ler o livro que a Diego indicou, valeu a pena amanha continuo",0
carla_lima52,Eduardo Souza,"dev backend, cafe e gatos",2013-11-01 22:00:00,4705,698,1092,390,0,0,"treino feito, 6km hoje. devagar mas chegando coisa de louco (69)",0
lucro3906142,Ganhe 1000,,2025-10-13 12:02:00,341,0,1490,13125,1,0,"GANHE DINHEIRO em casa!!! vagas limitadas, chama no direct agora https://tinyurl.com/ssntzi",1
gustavo_lima2,Bruno Alves,musico nos fins de semana,2023-05-06 11:00:00,1233,201,397,1237,0,0,alguem ai assistiu o jogo de ontem? que segundo tempo amanha continuo,0
rafael_souza61,Otavio Souza,corredora amadora | 42k,2013-02-20 19:00:00,4959,841,440,1082,0,0,"chuva forte aqui em Salvador hoje, transito parado no mais, tudo tranquilo (47)",0
gustavo_lima,Juliana Lima,professora de historia,2019-05-15 01:00:00,2685,190,76,89,1,0,"terminei de ler o livro que a Igor indicou, valeu a pena no fim deu certo",0
mariana_rocha,Carla Alves,,2015-11-15 10:00:00,3962,91,70,940,0,0,"bom dia, cafe e mais um dia de trabalho por aqui bora pra cima",0
lucro1520227,Invest Bot,link na bio https://tinyurl.com/wgejts,2026-06-03 14:32:00,108,0,2249,5069,1,0,"Cupom exclusivo de R$ 200, ultimas vagas, clique no link https://tinyurl.com/wgejts",1
rafael_alves94,Paula Alves,estudante de enfermagem,2014-09-07 23:00:00,4395,328,370,402,0,0,"obrigada pelas mensagens de aniversario, gente (7)",0
mariana_souza,Rafael Alves,professora de historia,2022-01-12 19:00:00,1711,93,71,104,0,0,dica pra quem estuda seguranca: pratique em laboratorio proprio valeu quem ajudou (92),0
diego_rocha7,Eduardo Souza,musico nos fins de semana,2014-09-30 13:00:00,4372,104,98,966,0,0,dica pra quem estuda seguranca: pratique em laboratorio proprio,0
nara_silva,Rafael Martins,fotografa e mae de dois,2025-02-09 02:00:00,588,285,500,2675,0,0,"treino feito, 6km hoje. devagar mas chegando amanha continuo",1
diego_silva90,Eduardo Souza,professora de historia,2025-10-10 02:00:00,345,180,252,48,0,0,recomendo muito esse restaurante novo no centro de Goiania bora pra cima,0
bruno_alves,Carla Souza,,2012-09-09 16:00:00,5123,48,105,260,0,0,"dica pra quem estuda seguranca: pratique em laboratorio proprio no mais, tudo tranquilo (79)",0
promo3321476,Renda Extra 24h,,2026-02-23 13:07:00,208,19,2082,10945,1,0,"Sinal gratis de aposta, lucro garantido hoje!!! https://is.gd/a1v47c",1
igor_rocha7,Lucas Souza,professora de historia,2014-04-04 23:00:00,4551,588,950,292,0,0,alguem ai assistiu o jogo de ontem? que segundo tempo depois conto o resto,0
ana_silva,Diego Silva,analista de dados em Porto Alegre,2014-07-09 01:00:00,4456,46,33,379,0,0,"chuva forte aqui em Porto Alegre hoje, transito parado que dia",0
otavio_souza,Helena Silva,estudante de enfermagem,2021-12-24 22:00:00,1730,486,471,70,0,0,recomendo muito esse restaurante novo no centro de Porto Alegre enfim,0
nara_souza,Rafael Rocha,professora de historia,2016-02-27 09:00:00,3858,378,410,1966,0,0,"terminei de ler o livro que a Helena indicou, valeu a pena no mais, tudo tranquilo",0
user1482127,Renda Extra 24h,,2026-03-02 13:21:00,201,25,2288,8204,1,0,"Sinal gratis de aposta, lucro garantido hoje!!! https://is.gd/khj2t4",1
rafael_silva75,Otavio Rocha,professora de historia,2022-10-19 20:00:00,1431,385,705,402,0,0,"consegui finalmente organizar a planilha do mes, vitoria pessoal depois conto o resto (30)",0
gustavo_rocha97,Lucas Souza,,2021-09-01 12:00:00,1845,40,81,529,0,0,"consegui finalmente organizar a planilha do mes, vitoria pessoal enfim",0
rafael_alves35,Bruno Silva,"dev backend, cafe e gatos",2024-02-10 00:00:00,953,799,1235,1462,0,0,"terminei de ler o livro que a Igor indicou, valeu a pena coisa de louco",0
carla_rocha16,Rafael Silva,estudante de enfermagem,2016-10-07 23:00:00,3634,64,28,159,0,0,alguem ai assistiu o jogo de ontem? que segundo tempo bora pra cima (26),0
nara_alves76,Paula Alves,"dev backend, cafe e gatos",2015-08-17 13:00:00,4051,909,937,444,0,0,"terminei de ler o livro que a Carla indicou, valeu a pena ate semana que vem",0
helena_souza31,Igor Alves,professora de historia,2013-01-22 07:00:00,4989,61,21,1412,0,0,"chuva forte aqui em Sao Paulo hoje, transito parado no mais, tudo tranquilo (38)",0
user302463,Renda Extra 24h,,2026-02-23 12:42:00,208,56,2306,2876,1,0,"Sinal gratis de aposta, lucro garantido hoje!!! https://tinyurl.com/10c4re",1
mariana_alves,Mariana Silva,"dev backend, cafe e gatos",2025-01-08 15:00:00,619,1923,1866,721,0,0,"treino feito, 6km hoje. devagar mas chegando no mais, tudo tranquilo",0
fernanda_lima28,Eduardo Silva,,2024-12-26 21:00:00,632,77,135,884,0,0,"bom dia, cafe e mais um dia de trabalho por aqui depois conto o resto (63)",0
igor_rocha,Bruno Rocha,musico nos fins de semana,2022-02-11 15:00:00,1681,86,53,566,0,0,opiniao impopular: filme antigo e melhor que remake (3),0
juliana_rocha26,Igor Silva,,2013-06-01 04:00:00,4859,198,382,1153,0,0,"chuva forte aqui em Sao Paulo hoje, transito parado no mais, tudo tranquilo (46)",0
lucas_souza30,Igor Silva,estudante de enfermagem,2020-09-08 07:00:00,2203,460,338,170,0,0,"chuva forte aqui em Goiania hoje, transito parado recomendo",0
otavio_rocha,Paula Silva,fotografa e mae de dois,2026-09-03 23:00:00,16,34,409,68,0,0,"bom dia, cafe e mais um dia de trabalho por aqui no mais, tudo tranquilo (97)",0
lucas_souza,Diego Rocha,"dev backend, cafe e gatos",2025-04-11 03:00:00,527,86,108,1838,0,0,"terminei de ler o livro que a Fernanda indicou, valeu a pena enfim",0
ana6691823,Ganhe 1000,,2026-06-03 12:56:00,108,3,1636,2131,1,0,Airdrop de cripto liberado! dobre seu investimento em 24h https://encurtador.com.br/5jjotn,1
promo5614788,Invest Bot,link na bio https://bit.ly/fn72iq,2025-10-13 12:35:00,341,2,1375,5217,1,0,"Sinal gratis de aposta, lucro garantido hoje!!! https://bit.ly/fn72iq",1
igor_souza59,Otavio Lima,musico nos fins de semana,2019-08-04 03:00:00,2604,1610,744,1360,0,0,opiniao impopular: filme antigo e melhor que remake depois conto o resto,0
mariana_silva,Eduardo Rocha,musico nos fins de semana,2017-08-10 09:00:00,3328,155,282,195,0,0,"obrigada pelas mensagens de aniversario, gente enfim (97)",0
igor_silva1,Juliana Alves,estudante de enfermagem,2021-10-30 22:00:00,1785,1560,3429,464,0,0,"terminei de ler o livro que a Igor indicou, valeu a pena bora pra cima (4)",0
ana1426716,Ana 7712,,2026-02-23 13:16:00,208,24,2257,1832,1,0,RENDA EXTRA de R$ 300 por dia!!! clique no link da bio e comece hoje https://is.gd/vte04s,1
juliana_rocha,Mariana Rocha,musico nos fins de semana,2023-11-05 20:00:00,1049,104,97,2235,0,0,"consegui finalmente organizar a planilha do mes, vitoria pessoal bora pra cima (21)",0
eduardo_souza,Gustavo Rocha,professora de historia,2022-10-05 05:00:00,1446,299,503,822,0,0,"bom dia, cafe e mais um dia de trabalho por aqui coisa de louco",0
paula_lima,Mariana Souza,analista de dados em Curitiba,2026-08-10 11:00:00,41,12,422,130,0,0,dica pra quem estuda seguranca: pratique em laboratorio proprio valeu quem ajudou,0
nara_rocha33,Rafael Rocha,"dev backend, cafe e gatos",2017-06-10 10:00:00,3389,169,171,338,0,0,"consegui finalmente organizar a planilha do mes, vitoria pessoal no mais, tudo tranquilo (29)",0
ganhe7763760,Promo 999,link na bio https://bit.ly/vog6hs,2025-10-13 13:29:00,341,4,1458,10270,1,0,RENDA EXTRA de R$ 300 por dia!!! clique no link da bio e comece hoje https://bit.ly/vog6hs,1
carla_rocha71,Otavio Rocha,analista de dados em Sao Paulo,2026-08-02 02:00:00,49,36,472,182,0,0,alguem ai assistiu o jogo de ontem? que segundo tempo no fim deu certo (72),0
carla_souza,Helena Souza,corredora amadora | 42k,2016-07-05 03:00:00,3729,1212,933,1515,0,0,"recomendo muito esse restaurante novo no centro de Sao Paulo no mais, tudo tranquilo (40)",0
juliana_alves63,Ana Alves,corredora amadora | 42k,2023-10-28 09:00:00,1058,424,169,436,0,0,recomendo muito esse restaurante novo no centro de Goiania,0
fernanda_silva,Bruno Alves,"dev backend, cafe e gatos",2017-12-12 01:00:00,3204,215,148,271,0,0,"obrigada pelas mensagens de aniversario, gente enfim (62)",0
ana7604331,Promo 999,,2026-03-10 14:38:00,193,8,2983,6887,1,0,SEGUIDORES GRATIS!!! siga de volta e me chama no whats https://cutt.ly/jx3h28,1
igor_rocha,Juliana Rocha,"dev backend, cafe e gatos",2019-02-15 18:00:00,2773,443,466,95,0,0,dica pra quem estuda seguranca: pratique em laboratorio proprio bora pra cima,0
paula_souza34,Rafael Souza,corredora amadora | 42k,2026-08-31 09:00:00,20,18,417,35,0,0,alguem ai assistiu o jogo de ontem? que segundo tempo amanha continuo (85),0
eduardo_souza,Paula Souza,professora de historia,2024-07-08 08:00:00,804,524,236,474,0,0,opiniao impopular: filme antigo e melhor que remake amanha continuo (46),0
nara_alves56,Igor Alves,professora de historia,2025-03-30 23:00:00,538,200,188,297,0,0,opiniao impopular: filme antigo e melhor que remake valeu quem ajudou (11),0
ana3141657,Invest Bot,link na bio https://bit.ly/0hohbq,2026-03-02 15:02:00,201,41,1030,2867,1,0,Airdrop de cripto liberado! dobre seu investimento em 24h https://bit.ly/0hohbq,1
paula_alves,Gustavo Lima,"dev backend, cafe e gatos",2024-11-30 20:00:00,658,57,78,167,0,0,alguem ai assistiu o jogo de ontem? que segundo tempo coisa de louco,0
carla_souza28,Diego Alves,musico nos fins de semana,2021-04-09 16:00:00,1989,545,842,2880,1,0,"terminei de ler o livro que a Bruno indicou, valeu a pena depois conto o resto (9)",0
eduardo_souza,Paula Rocha,corredora amadora | 42k,2022-03-24 03:00:00,1641,369,122,860,0,0,"terminei de ler o livro que a Ana indicou, valeu a pena (49)",0
helena_alves,Juliana Lima,professora de historia,2021-01-20 19:00:00,2068,867,228,42,0,0,alguem ai assistiu o jogo de ontem? que segundo tempo no fim deu certo (52),0
carla_alves11,Rafael Lima,professora de historia,2026-07-30 11:00:00,52,6,402,166,0,0,recomendo muito esse restaurante novo no centro de Salvador amanha continuo (6),0
helena_souza,Igor Alves,musico nos fins de semana,2024-02-05 04:00:00,958,279,336,568,0,0,"renda extra? venha ser revendedora comigo, explico tudo https://tinyurl.com/f7us7s",0
helena_alves26,Mariana Silva,estudante de enfermagem,2016-08-27 16:00:00,3675,15,21,575,0,0,"treino feito, 6km hoje. devagar mas chegando ate semana que vem",0
bruno_lima,Rafael Alves,musico nos fins de semana,2020-02-18 03:00:00,2406,1021,1452,1327,0,0,"bom dia, cafe e mais um dia de trabalho por aqui bora pra cima",0
fernanda_souza26,Eduardo Alves,,2018-06-09 16:00:00,3024,65,51,446,0,0,recomendo muito esse restaurante novo no centro de Goiania enfim (20),0
lucas_silva26,Igor Silva,musico nos fins de semana,2013-07-21 02:00:00,4809,37,24,212,0,0,dica pra quem estuda seguranca: pratique em laboratorio proprio recomendo (39),0
paula_alves,Rafael Alves,"dev backend, cafe e gatos",2018-01-28 06:00:00,3157,119,226,259,0,1,alguem ai assistiu o jogo de ontem? que segundo tempo que dia (60),0
ana_souza,Eduardo Silva,analista de dados em Porto Alegre,2018-09-19 15:00:00,2922,2166,3944,329,0,0,"chuva forte aqui em Porto Alegre hoje, transito parado no fim deu certo",0
igor_rocha,Paula Alves,fotografa e mae de dois,2013-08-31 18:00:00,4767,291,603,183,0,0,"treino feito, 6km hoje. devagar mas chegando amanha continuo",0
gustavo_alves,Diego Souza,"dev backend, cafe e gatos",2013-01-28 00:00:00,4983,157,319,51,0,0,"bom dia, cafe e mais um dia de trabalho por aqui valeu quem ajudou",0
bruno_souza0,Juliana Rocha,fotografa e mae de dois,2016-11-24 21:00:00,3586,2347,3876,5278,0,0,"terminei de ler o livro que a Paula indicou, valeu a pena coisa de louco (46)",0
gustavo_lima,Helena Souza,musico nos fins de semana,2013-04-26 06:00:00,4895,1312,2560,90,0,0,"bom dia, cafe e mais um dia de trabalho por aqui",0
rafael_souza85,Otavio Silva,estudante de enfermagem,2013-11-20 14:00:00,4686,329,473,1335,0,0,"terminei de ler o livro que a Igor indicou, valeu a pena coisa de louco (78)",0
otavio_silva,Bruno Alves,musico nos fins de semana,2026-08-30 11:00:00,21,15,424,46,0,0,alguem ai assistiu o jogo de ontem? que segundo tempo coisa de louco,0
rafael_alves,Rafael Rocha,estudante de enfermagem,2020-07-27 07:00:00,2246,144,283,1465,0,0,"obrigada pelas mensagens de aniversario, gente coisa de louco (71)",0
lucas_souza6,Mariana Alves,corredora amadora | 42k,2021-07-31 07:00:00,1877,537,954,333,0,0,"treino feito, 6km hoje. devagar mas chegando no mais, tudo tranquilo (85)",0
eduardo_rocha,Helena Alves,"dev backend, cafe e gatos",2016-10-03 06:00:00,3639,903,1008,842,0,0,"chuva forte aqui em Salvador hoje, transito parado que dia (35)",0
mariana_lima,Nara Souza,,2015-05-28 13:00:00,4132,304,137,718,0,0,"chuva forte aqui em Belem hoje, transito parado depois conto o resto (38)",0
carla_souza54,Otavio Alves,"pai do Theo, torcedor sofredor",2020-12-15 07:00:00,2105,44,40,315,0,0,"bom dia, cafe e mais um dia de trabalho por aqui enfim",0
helena_souza,Otavio Silva,estudante de enfermagem,2022-03-24 18:00:00,1640,488,553,1477,0,0,"consegui finalmente organizar a planilha do mes, vitoria pessoal depois conto o resto",0
ganhe2099288,Ganhe 1000,,2025-10-13 14:23:00,341,13,2292,17119,0,0,"GANHE DINHEIRO em casa!!! vagas limitadas, chama no direct agora https://tinyurl.com/lcgvgm",1
gustavo_rocha,Gustavo Lima,estudante de enfermagem,2014-12-26 15:00:00,4285,67,109,173,0,0,"treino feito, 6km hoje. devagar mas chegando ate semana que vem",0
invest8476443,Invest Bot,,2026-06-03 12:05:00,108,7,1901,3670,0,0,RENDA EXTRA de R$ 300 por dia!!! clique no link da bio e comece hoje https://is.gd/t64q49,1
mariana_silva,Gustavo Silva,,2026-07-06 02:00:00,76,1,400,209,0,0,"obrigada pelas mensagens de aniversario, gente valeu quem ajudou (73)",0
juliana_silva84,Otavio Silva,corredora amadora | 42k,2021-06-26 04:00:00,1912,290,184,759,0,0,"treino feito, 6km hoje. devagar mas chegando no fim deu certo (69)",0
rafael_alves,Eduardo Silva,fotografa e mae de dois,2016-09-12 21:00:00,3659,225,121,641,0,0,dica pra quem estuda seguranca: pratique em laboratorio proprio bora pra cima (24),0
carla_silva,Fernanda Rocha,professora de historia,2016-03-18 15:00:00,3837,207,251,306,0,0,dica pra quem estuda seguranca: pratique em laboratorio proprio coisa de louco,0
juliana_rocha30,Bruno Lima,corredora amadora | 42k,2024-11-01 07:00:00,688,1211,1425,529,0,0,dica pra quem estuda seguranca: pratique em laboratorio proprio coisa de louco,0
mariana_lima,Paula Souza,estudante de enfermagem,2022-10-24 18:00:00,1426,39,15,333,0,0,"obrigada pelas mensagens de aniversario, gente ate semana que vem",0
diego_souza52,Otavio Lima,"pai do Theo, torcedor sofredor",2015-09-25 18:00:00,4012,670,478,235,0,0,opiniao impopular: filme antigo e melhor que remake coisa de louco (89),0
gustavo_silva,Gustavo Lima,analista de dados em Belem,2026-08-16 23:00:00,34,3,404,130,1,0,"terminei de ler o livro que a Juliana indicou, valeu a pena amanha continuo (86)",0
rafael_rocha58,Juliana Silva,,2023-02-09 05:00:00,1319,22,28,673,0,0,"obrigada pelas mensagens de aniversario, gente coisa de louco",0
bruno_rocha,Gustavo Alves,"pai do Theo, torcedor sofredor",2024-11-24 14:00:00,664,76,96,177,0,0,"vagas limitadas no curso de bolo caseiro, chama no direct pra reservar",0
otavio_alves53,Mariana Alves,corredora amadora | 42k,2017-01-02 00:00:00,3548,146,36,319,0,0,"chuva forte aqui em Recife hoje, transito parado no fim deu certo (23)",0
diego_rocha,Rafael Souza,"pai do Theo, torcedor sofredor",2022-06-09 20:00:00,1563,39,57,1170,0,0,"obrigada pelas mensagens de aniversario, gente coisa de louco",0
lucas_souza59,Eduardo Silva,estudante de enfermagem,2026-09-04 00:00:00,16,3,401,53,0,0,"consegui finalmente organizar a planilha do mes, vitoria pessoal amanha continuo (55)",0
mariana_alves,Lucas Souza,,2021-07-10 07:00:00,1898,157,305,556,0,0,"consegui finalmente organizar a planilha do mes, vitoria pessoal amanha continuo",0
mariana_silva,Helena Rocha,fotografa e mae de dois,2020-01-15 20:00:00,2439,484,403,252,0,0,"consegui finalmente organizar a planilha do mes, vitoria pessoal recomendo (16)",0
user9468656,Promo 999,,2026-07-18 14:52:00,63,14,2286,2828,1,0,Airdrop de cripto liberado! dobre seu investimento em 24h https://is.gd/hguy99,1
mariana_souza,Bruno Alves,fotografa e mae de dois,2015-07-28 16:00:00,4071,129,282,184,1,0,"obrigada pelas mensagens de aniversario, gente enfim",0
mariana_souza12,Igor Lima,estudante de enfermagem,2024-06-11 17:00:00,830,327,158,288,0,0,promocao de hoje na loja: cupom de 20% pra quem chegar antes do meio dia,0
mariana_lima,Ana Lima,analista de dados em Porto Alegre,2015-11-02 16:00:00,3974,267,76,328,0,0,dica pra quem estuda seguranca: pratique em laboratorio proprio que dia,0
paula_alves,Eduardo Rocha,estudante de enfermagem,2019-05-16 11:00:00,2684,529,618,194,0,0,"renda extra? venha ser revendedora comigo, explico tudo https://is.gd/fbcdms",0
fernanda_alves25,Otavio Lima,"dev backend, cafe e gatos",2022-01-10 09:00:00,1714,384,122,1705,0,0,opiniao impopular: filme antigo e melhor que remake enfim,0
gustavo_rocha,Diego Alves,"dev backend, cafe e gatos",2015-10-10 01:00:00,3998,55,52,248,0,0,opiniao impopular: filme antigo e melhor que remake que dia,0
helena_lima51,Gustavo Alves,estudante de enfermagem,2022-03-28 16:00:00,1636,155,130,610,0,0,"chuva forte aqui em Belem hoje, transito parado bora pra cima",0
diego_silva39,Nara Souza,musico nos fins de semana,2018-01-06 17:00:00,3178,697,1136,384,0,0,recomendo muito esse restaurante novo no centro de Recife ate semana que vem,0
diego_alves,Rafael Rocha,"pai do Theo, torcedor sofredor",2022-12-10 01:00:00,1380,88,78,418,0,0,"obrigada pelas mensagens de aniversario, gente bora pra cima",0
paula_silva,Diego Rocha,analista de dados em Recife,2015-07-04 02:00:00,4096,112,144,1938,0,0,"treino feito, 6km hoje. devagar mas chegando no fim deu certo",0
diego_souza92,Bruno Alves,estudante de enfermagem,2015-05-28 01:00:00,4133,107,119,484,0,0,opiniao impopular: filme antigo e melhor que remake,0
nara_rocha20,Lucas Alves,fotografa e mae de dois,2015-11-14 12:00:00,3963,193,102,455,0,0,"renda extra? venha ser revendedora comigo, explico tudo https://encurtador.com.br/av3fmu",0
lucas_lima87,Helena Rocha,"dev backend, cafe e gatos",2017-05-22 22:00:00,3407,244,429,844,0,0,"obrigada pelas mensagens de aniversario, gente valeu quem ajudou",0
mariana_rocha,Rafael Souza,corredora amadora | 42k,2024-01-10 11:00:00,984,241,458,370,0,0,"bom dia, cafe e mais um dia de trabalho por aqui recomendo",0
helena_lima,Bruno Alves,musico nos fins de semana,2017-03-01 10:00:00,3490,158,250,715,0,0,opiniao impopular: filme antigo e melhor que remake no fim deu certo (93),0
diego_alves,Gustavo Alves,analista de dados em Curitiba,2020-05-31 11:00:00,2303,1180,753,152,0,0,alguem ai assistiu o jogo de ontem? que segundo tempo que dia,0
gustavo_lima,Lucas Souza,corredora amadora | 42k,2020-11-13 13:00:00,2136,87,147,2355,0,0,alguem ai assistiu o jogo de ontem? que segundo tempo recomendo (16),0
gustavo_silva52,Carla Alves,estudante de enfermagem,2022-03-15 08:00:00,1650,29,62,350,0,0,"treino feito, 6km hoje. devagar mas chegando que dia",0
otavio_rocha59,Fernanda Rocha,professora de historia,2022-05-04 19:00:00,1599,1966,3246,3514,0,0,"treino feito, 6km hoje. devagar mas chegando (22)",0
helena_alves,Paula Alves,analista de dados em Curitiba,2022-07-15 00:00:00,1528,412,715,109,0,0,dica pra quem estuda seguranca: pratique em laboratorio proprio coisa de louco (83),0
eduardo_souza76,Igor Alves,fotografa e mae de dois,2015-12-23 05:00:00,3924,321,633,306,0,0,"chuva forte aqui em Belem hoje, transito parado no fim deu certo (90)",0
helena_alves,Diego Rocha,estudante de enfermagem,2024-07-28 06:00:00,784,49,66,182,0,0,"chuva forte aqui em Belem hoje, transito parado amanha continuo (91)",0
bruno_silva,Mariana Rocha,analista de dados em Recife,2015-02-23 00:00:00,4227,15,31,505,0,0,"chuva forte aqui em Recife hoje, transito parado valeu quem ajudou (73)",0
rafael_souza,Carla Lima,"dev backend, cafe e gatos",2021-12-28 21:00:00,1726,123,238,130,0,0,opiniao impopular: filme antigo e melhor que remake coisa de louco,0
carla_alves,Gustavo Silva,estudante de enfermagem,2024-03-21 07:00:00,913,3779,1661,36,0,0,"obrigada pelas mensagens de aniversario, gente que dia",0
igor_lima72,Lucas Rocha,"pai do Theo, torcedor sofredor",2020-03-16 10:00:00,2379,643,632,1735,0,0,"chuva forte aqui em Curitiba hoje, transito parado valeu quem ajudou",0
nara_lima98,Gustavo Alves,analista de dados em Curitiba,2018-01-10 00:00:00,3175,364,388,311,0,0,"obrigada pelas mensagens de aniversario, gente valeu quem ajudou",0
invest3512212,Promo 999,,2025-10-13 13:40:00,341,3,1323,8325,1,0,RENDA EXTRA de R$ 300 por dia!!! clique no link da bio e comece hoje https://encurtador.com.br/1wg6gq,1
rafael_souza57,Fernanda Rocha,musico nos fins de semana,2026-04-28 16:00:00,144,58,34,2120,0,0,alguem ai assistiu o jogo de ontem? que segundo tempo valeu quem ajudou,0
invest1566213,Promo 999,,2026-02-23 15:56:00,208,0,2120,6235,1,0,SEGUIDORES GRATIS!!! siga de volta e me chama no whats https://cutt.ly/u3pf6s,1
diego_souza91,Nara Lima,,2019-09-07 15:00:00,2569,154,165,687,0,0,dica pra quem estuda seguranca: pratique em laboratorio proprio bora pra cima,0
bruno_lima,Carla Rocha,"dev backend, cafe e gatos",2023-04-18 19:00:00,1250,132,74,1426,0,0,"treino feito, 6km hoje. devagar mas chegando depois conto o resto",0
carla_lima55,Paula Alves,musico nos fins de semana,2015-07-11 02:00:00,4089,260,238,60,0,0,opiniao impopular: filme antigo e melhor que remake,0
helena_souza,Diego Lima,"dev backend, cafe e gatos",2016-06-11 21:00:00,3752,38,39,76,0,0,"terminei de ler o livro que a Otavio indicou, valeu a pena depois conto o resto (75)",0
helena_lima,Eduardo Souza,corredora amadora | 42k,2021-06-06 01:00:00,1932,92,71,181,0,0,alguem ai assistiu o jogo de ontem? que segundo tempo depois conto o resto (69),0
bruno_souza,Juliana Rocha,corredora amadora | 42k,2013-03-30 13:00:00,4921,269,94,409,0,0,"consegui finalmente organizar a planilha do mes, vitoria pessoal que dia",0
fernanda_alves,Nara Alves,"pai do Theo, torcedor sofredor",2022-11-27 20:00:00,1392,623,769,259,0,0,"treino feito, 6km hoje. devagar mas chegando que dia (86)",0
otavio_lima,Rafael Rocha,analista de dados em Salvador,2022-04-10 05:00:00,1624,732,682,158,0,0,"renda extra? venha ser revendedora comigo, explico tudo https://encurtador.com.br/qwx76r",0
bruno_silva,Fernanda Souza,"pai do Theo, torcedor sofredor",2014-01-17 16:00:00,4628,56,27,171,0,0,"treino feito, 6km hoje. devagar mas chegando coisa de louco",0
ana_lima,Bruno Rocha,corredora amadora | 42k,2025-02-10 16:00:00,586,192,337,2219,0,0,"recomendo muito esse restaurante novo no centro de Curitiba no mais, tudo tranquilo",0
eduardo_rocha,Lucas Silva,"dev backend, cafe e gatos",2021-04-20 21:00:00,1978,4979,3144,882,0,0,"terminei de ler o livro que a Fernanda indicou, valeu a pena no mais, tudo tranquilo (47)",0
gustavo_rocha,Mariana Lima,analista de dados em Porto Alegre,2023-03-15 06:00:00,1285,913,629,344,0,0,"consegui finalmente organizar a planilha do mes, vitoria pessoal valeu quem ajudou (44)",0
otavio_alves,Nara Lima,corredora amadora | 42k,2021-03-16 10:00:00,2014,319,199,974,0,0,"bom dia, cafe e mais um dia de trabalho por aqui depois conto o resto (96)",0
carla_alves,Bruno Lima,estudante de enfermagem,2017-09-25 16:00:00,3281,173,141,942,0,0,"treino feito, 6km hoje. devagar mas chegando depois conto o resto",0
carla_lima,Fernanda Silva,musico nos fins de semana,2021-07-07 10:00:00,1901,905,1452,1038,0,0,recomendo muito esse restaurante novo no centro de Recife amanha continuo (12),0
ana884983,Promo 999,link na bio https://encurtador.com.br/lq883m,2026-02-03 14:09:00,228,7,2066,13220,1,0,"Cupom exclusivo de R$ 200, ultimas vagas, clique no link https://encurtador.com.br/lq883m",1
eduardo_lima2,Eduardo Rocha,estudante de enfermagem,2024-12-02 03:00:00,657,528,556,1328,0,0,"treino feito, 6km hoje. devagar mas chegando ate semana que vem",0
eduardo_rocha3,Paula Lima,corredora amadora | 42k,2024-05-13 07:00:00,860,2151,3264,320,0,0,"obrigada pelas mensagens de aniversario, gente (55)",0
lucas_rocha58,Fernanda Rocha,"dev backend, cafe e gatos",2016-04-04 21:00:00,3820,243,464,330,0,0,"treino feito, 6km hoje. devagar mas chegando ate semana que vem",0
rafael_souza50,Juliana Silva,analista de dados em Recife,2021-06-16 02:00:00,1922,15,31,172,0,0,alguem ai assistiu o jogo de ontem? que segundo tempo bora pra cima,0
gustavo_alves8,Ana Alves,,2018-12-27 15:00:00,2823,172,173,1024,0,0,"chuva forte aqui em Curitiba hoje, transito parado no fim deu certo (14)",0
rafael_silva88,Otavio Silva,analista de dados em Goiania,2015-07-18 18:00:00,4081,29,63,974,0,0,"bom dia, cafe e mais um dia de trabalho por aqui coisa de louco",0
paula_alves,Paula Lima,corredora amadora | 42k,2022-09-06 13:00:00,1474,167,86,306,0,0,"bom dia, cafe e mais um dia de trabalho por aqui no mais, tudo tranquilo (55)",0
fernanda_rocha83,Gustavo Souza,musico nos fins de semana,2026-07-21 05:00:00,61,3,406,167,0,0,dica pra quem estuda seguranca: pratique em laboratorio proprio amanha continuo (71),0
ana_alves89,Juliana Silva,"pai do Theo, torcedor sofredor",2022-01-03 07:00:00,1721,462,429,1009,0,0,"obrigada pelas mensagens de aniversario, gente ate semana que vem",0
gustavo_lima95,Ana Alves,professora de historia,2023-01-14 14:00:00,1344,193,326,3801,0,0,"treino feito, 6km hoje. devagar mas chegando que dia (68)",0
igor_silva27,Juliana Lima,musico nos fins de semana,2017-08-10 06:00:00,3328,444,725,407,0,0,"bom dia, cafe e mais um dia de trabalho por aqui depois conto o resto (25)",0
diego_rocha,Diego Souza,musico nos fins de semana,2019-06-14 03:00:00,2655,96,200,1298,0,0,alguem ai assistiu o jogo de ontem? que segundo tempo coisa de louco,0
eduardo_souza,Mariana Silva,"dev backend, cafe e gatos",2016-10-31 23:00:00,3610,17,35,978,0,0,"treino feito, 6km hoje. devagar mas chegando no fim deu certo (42)",0
nara_lima81,Lucas Souza,professora de historia,2017-12-04 04:00:00,3212,82,31,155,0,0,"renda extra? venha ser revendedora comigo, explico tudo https://cutt.ly/ct4lt4",0
ana_lima61,Mariana Neves,analista de dados em Sao Paulo,2021-10-02 03:00:00,1814,432,804,517,0,0,"treino feito, 6km hoje. devagar mas chegando recomendo",1
nara_lima90,Gustavo Lima,"pai do Theo, torcedor sofredor",2018-12-17 02:00:00,2834,72,106,107,0,0,recomendo muito esse restaurante novo no centro de Salvador enfim,0
carla_rocha,Otavio Lima,,2024-11-07 21:00:00,681,4895,5000,202,0,0,"treino feito, 6km hoje. devagar mas chegando depois conto o resto",0
gustavo_lima,Paula Alves,fotografa e mae de dois,2021-07-10 01:00:00,1898,108,101,161,0,0,recomendo muito esse restaurante novo no centro de Sao Paulo depois conto o resto,0
igor_alves65,Ana Rocha,fotografa e mae de dois,2023-09-11 23:00:00,1104,416,514,163,0,0,"bom dia, cafe e mais um dia de trabalho por aqui coisa de louco",0
rafael_lima43,Diego Souza,analista de dados em Curitiba,2022-05-11 21:00:00,1592,552,268,365,0,0,alguem ai assistiu o jogo de ontem? que segundo tempo amanha continuo,0
carla_alves46,Igor Souza,corredora amadora | 42k,2013-08-12 06:00:00,4787,183,116,2021,0,0,"bom dia, cafe e mais um dia de trabalho por aqui que dia",0
diego_lima30,Nara Lima,estudante de enfermagem,2022-03-13 14:00:00,1651,84,165,728,0,0,"chuva forte aqui em Recife hoje, transito parado recomendo (79)",0
diego_silva,Lucas Lima,fotografa e mae de dois,2017-07-25 19:00:00,3343,773,1675,214,0,0,"treino feito, 6km hoje. devagar mas chegando no fim deu certo",0
bruno_silva59,Helena Rocha,corredora amadora | 42k,2015-04-05 03:00:00,4186,1362,1671,336,0,0,"bom dia, cafe e mais um dia de trabalho por aqui coisa de louco",0
nara_rocha,Mariana Alves,fotografa e mae de dois,2024-06-05 00:00:00,837,184,199,774,0,0,"obrigada pelas mensagens de aniversario, gente bora pra cima (46)",0
nara_souza54,Otavio Souza,professora de historia,2017-06-22 13:00:00,3376,170,172,239,0,0,"bom dia, cafe e mais um dia de trabalho por aqui enfim (66)",0
helena_rocha13,Paula Rocha,fotografa e mae de dois,2017-12-23 06:00:00,3193,462,563,20,0,0,recomendo muito esse restaurante novo no centro de Porto Alegre bora pra cima,0
paula_rocha,Ana Rocha,estudante de enfermagem,2013-04-05 19:00:00,4915,163,46,121,0,0,recomendo muito esse restaurante novo no centro de Recife no fim deu certo (84),0
gustavo_alves,Mariana Rocha,professora de historia,2019-08-07 12:00:00,2601,161,132,2173,0,0,"bom dia, cafe e mais um dia de trabalho por aqui coisa de louco (92)",0
nara_silva4,Juliana Souza,fotografa e mae de dois,2015-07-07 01:00:00,4093,311,324,624,0,0,opiniao impopular: filme antigo e melhor que remake enfim (17),0
carla_silva,Rafael Silva,corredora amadora | 42k,2012-09-03 09:00:00,5130,26,53,7483,0,0,"obrigada pelas mensagens de aniversario, gente",0
paula_souza89,Eduardo Lima,analista de dados em Sao Paulo,2024-12-16 19:00:00,642,504,933,214,0,0,"treino feito, 6km hoje. devagar mas chegando depois conto o resto (60)",0
eduardo_rocha,Nara Silva,"pai do Theo, torcedor sofredor",2013-08-06 06:00:00,4793,61,75,623,0,0,opiniao impopular: filme antigo e melhor que remake amanha continuo,0
paula_souza27,Ana Rocha,,2020-10-25 06:00:00,2156,345,281,905,1,0,"obrigada pelas mensagens de aniversario, gente coisa de louco (15)",0
mariana_rocha,Eduardo Lima,"dev backend, cafe e gatos",2022-07-18 23:00:00,1524,40,30,390,0,0,"treino feito, 6km hoje. devagar mas chegando depois conto o resto",0
lucas_silva,Mariana Souza,"pai do Theo, torcedor sofredor",2017-04-17 01:00:00,3443,159,69,645,0,0,"treino feito, 6km hoje. devagar mas chegando bora pra cima",0
lucas_silva1,Igor Alves,,2017-02-07 04:00:00,3512,420,406,84,0,0,recomendo muito esse restaurante novo no centro de Belem enfim,0
mariana_souza87,Lucas Souza,"dev backend, cafe e gatos",2024-11-15 14:00:00,673,1233,2157,548,0,0,"renda extra? venha ser revendedora comigo, explico tudo https://encurtador.com.br/8wsha3",0
ana_alves,Bruno Rocha,musico nos fins de semana,2025-01-10 22:00:00,617,610,1223,1636,1,0,dica pra quem estuda seguranca: pratique em laboratorio proprio depois conto o resto (70),0
rafael_lima22,Paula Souza,"dev backend, cafe e gatos",2025-02-26 19:00:00,570,364,387,246,0,0,"terminei de ler o livro que a Paula indicou, valeu a pena recomendo (64)",0
carla_rocha,Fernanda Alves,professora de historia,2019-08-11 09:00:00,2597,581,946,441,0,0,"bom dia, cafe e mais um dia de trabalho por aqui recomendo (74)",0
paula_silva82,Paula Souza,professora de historia,2022-11-20 21:00:00,1399,85,138,821,0,0,"treino feito, 6km hoje. devagar mas chegando no fim deu certo",0
carla_souza6,Ana Lima,musico nos fins de semana,2020-09-04 16:00:00,2206,129,62,384,0,0,"obrigada pelas mensagens de aniversario, gente bora pra cima",0
fernanda_rocha39,Nara Souza,,2013-06-10 03:00:00,4850,544,465,2652,0,0,"bom dia, cafe e mais um dia de trabalho por aqui ate semana que vem (39)",0
ana_silva,Rafael Souza,"pai do Theo, torcedor sofredor",2015-09-06 07:00:00,4032,270,72,348,0,0,dica pra quem estuda seguranca: pratique em laboratorio proprio valeu quem ajudou (63),0
nara_alves,Gustavo Lima,fotografa e mae de dois,2016-02-04 21:00:00,3880,235,128,1172,0,0,"bom dia, cafe e mais um dia de trabalho por aqui coisa de louco",0
helena_souza,Ana Rocha,estudante de enfermagem,2014-08-30 07:00:00,4404,368,168,685,0,0,alguem ai assistiu o jogo de ontem? que segundo tempo que dia,0
fernanda_rocha,Eduardo Alves,,2025-12-27 14:00:00,266,65,39,65,0,0,"treino feito, 6km hoje. devagar mas chegando bora pra cima",0
eduardo_rocha,Fernanda Souza,analista de dados em Recife,2024-07-29 01:00:00,783,610,416,2009,0,0,alguem ai assistiu o jogo de ontem? que segundo tempo,0
carla_silva,Ana Rocha,musico nos fins de semana,2015-06-08 15:00:00,4121,114,232,1956,0,0,opiniao impopular: filme antigo e melhor que remake ate semana que vem (45),0
paula_rocha,Juliana Alves,fotografa e mae de dois,2018-05-27 03:00:00,3038,123,88,135,0,0,"chuva forte aqui em Belem hoje, transito parado que dia",0
ana_alves46,Eduardo Rocha,,2013-08-10 09:00:00,4789,67,120,1652,0,0,"bom dia, cafe e mais um dia de trabalho por aqui no fim deu certo",0
nara_rocha32,Paula Souza,professora de historia,2020-08-18 23:00:00,2223,61,94,714,0,0,"treino feito, 6km hoje. devagar mas chegando depois conto o resto",0
lucas_alves42,Nara Rocha,fotografa e mae de dois,2023-01-22 19:00:00,1336,59,119,489,1,0,"terminei de ler o livro que a Juliana indicou, valeu a pena valeu quem ajudou (12)",0
bruno_souza81,Rafael Silva,musico nos fins de semana,2019-10-30 03:00:00,2517,15,16,1485,0,0,recomendo muito esse restaurante novo no centro de Curitiba,0
helena_souza85,Paula Rocha,"dev backend, cafe e gatos",2013-02-17 09:00:00,4963,233,292,28,0,0,"chuva forte aqui em Recife hoje, transito parado ate semana que vem (83)",0
nara_alves60,Igor Silva,,2019-03-09 13:00:00,2751,266,348,155,0,0,"treino feito, 6km hoje. devagar mas chegando no mais, tudo tranquilo",0
nara_alves,Rafael Rocha,corredora amadora | 42k,2016-02-01 14:00:00,3883,514,440,2014,0,0,"bom dia, cafe e mais um dia de trabalho por aqui coisa de louco (40)",0
nara_rocha95,Nara Martins,fotografa e mae de dois,2025-11-19 18:00:00,304,140,130,245,0,0,dica pra quem estuda seguranca: pratique em laboratorio proprio enfim,1
nara_lima,Lucas Silva,musico nos fins de semana,2017-05-02 19:00:00,3427,1127,2357,639,0,0,"bom dia, cafe e mais um dia de trabalho por aqui depois conto o resto",0
rafael_souza,Igor Silva,fotografa e mae de dois,2023-11-22 09:00:00,1033,589,563,567,0,0,"chuva forte aqui em Recife hoje, transito parado coisa de louco",0
diego_alves34,Igor Silva,estudante de enfermagem,2026-07-04 17:00:00,77,9,404,259,0,0,"recomendo muito esse restaurante novo no centro de Recife no mais, tudo tranquilo",0
lucro9016965,Ana 7712,,2026-03-02 13:11:00,201,8,2627,2839,1,0,"Cupom exclusivo de R$ 200, ultimas vagas, clique no link https://is.gd/zfr0c0",1
eduardo_souza,Otavio Silva,"dev backend, cafe e gatos",2014-07-26 15:00:00,4438,454,662,1872,0,0,"alguem ai assistiu o jogo de ontem? que segundo tempo no mais, tudo tranquilo (24)",0
lucas_lima,Mariana Souza,professora de historia,2023-12-18 10:00:00,1007,478,499,758,0,0,"bom dia, cafe e mais um dia de trabalho por aqui enfim",0
diego_silva,Eduardo Alves,professora de historia,2021-05-01 18:00:00,1967,114,233,1015,0,0,"chuva forte aqui em Belem hoje, transito parado enfim (8)",0
bruno_silva23,Juliana Souza,analista de dados em Belem,2021-06-29 17:00:00,1908,205,87,503,0,0,"renda extra? venha ser revendedora comigo, explico tudo https://is.gd/wyudxz",0
mariana_silva,Juliana Silva,corredora amadora | 42k,2026-08-02 13:00:00,48,12,426,192,0,0,alguem ai assistiu o jogo de ontem? que segundo tempo amanha continuo,0
lucas_souza34,Igor Rocha,corredora amadora | 42k,2014-05-05 21:00:00,4520,264,440,110,0,0,"terminei de ler o livro que a Juliana indicou, valeu a pena valeu quem ajudou (75)",0
paula_rocha8,Carla Alves,analista de dados em Recife,2023-02-06 20:00:00,1321,97,58,262,0,0,"terminei de ler o livro que a Helena indicou, valeu a pena no mais, tudo tranquilo",0
juliana_rocha,Juliana Silva,"pai do Theo, torcedor sofredor",2018-02-14 22:00:00,3139,57,103,174,0,0,"renda extra? venha ser revendedora comigo, explico tudo https://encurtador.com.br/jawhbe",0
bruno_souza,Igor Silva,analista de dados em Salvador,2019-01-13 22:00:00,2806,132,138,126,0,0,recomendo muito esse restaurante novo no centro de Salvador ate semana que vem,0
bruno_lima89,Igor Rocha,corredora amadora | 42k,2026-08-11 07:00:00,40,2,400,187,0,0,"obrigada pelas mensagens de aniversario, gente bora pra cima (31)",0
rafael_rocha,Carla Rocha,professora de historia,2014-10-01 07:00:00,4372,322,622,2160,0,0,recomendo muito esse restaurante novo no centro de Porto Alegre valeu quem ajudou,0
paula_silva,Lucas Rocha,"pai do Theo, torcedor sofredor",2019-10-30 16:00:00,2516,264,104,169,0,0,recomendo muito esse restaurante novo no centro de Sao Paulo que dia,0
mariana_souza,Ana Silva,professora de historia,2017-11-26 02:00:00,3220,978,1424,293,0,0,"consegui finalmente organizar a planilha do mes, vitoria pessoal enfim (6)",0
promo5324040,Renda Extra 24h,,2025-10-13 16:18:00,341,14,2148,11750,0,0,"Sinal gratis de aposta, lucro garantido hoje!!! https://cutt.ly/5dg3zt",1
paula_rocha7,Otavio Souza,estudante de enfermagem,2025-06-10 18:00:00,466,872,1845,115,0,0,"terminei de ler o livro que a Juliana indicou, valeu a pena bora pra cima (53)",0
rafael_rocha,Rafael Lima,"pai do Theo, torcedor sofredor",2026-07-17 16:00:00,64,22,438,193,0,0,"obrigada pelas mensagens de aniversario, gente que dia (62)",0
juliana_souza18,Mariana Silva,"dev backend, cafe e gatos",2017-09-02 15:00:00,3304,293,164,580,0,0,"renda extra? venha ser revendedora comigo, explico tudo https://is.gd/4bdja9",0
carla_alves82,Igor Souza,professora de historia,2016-11-09 05:00:00,3602,491,224,183,0,0,"terminei de ler o livro que a Mariana indicou, valeu a pena ate semana que vem",0
rafael_alves80,Bruno Alves,analista de dados em Porto Alegre,2020-01-28 08:00:00,2427,104,130,412,0,0,"alguem ai assistiu o jogo de ontem? que segundo tempo no mais, tudo tranquilo (44)",0
nara_alves,Fernanda Silva,analista de dados em Curitiba,2024-01-24 09:00:00,970,52,16,521,0,0,"treino feito, 6km hoje. devagar mas chegando ate semana que vem",0
eduardo_lima34,Gustavo Alves,professora de historia,2021-04-29 02:00:00,1970,3767,2924,243,0,0,"terminei de ler o livro que a Lucas indicou, valeu a pena coisa de louco",0
ana_souza,Helena Rocha,"dev backend, cafe e gatos",2019-01-13 14:00:00,2806,316,513,889,0,0,"obrigada pelas mensagens de aniversario, gente recomendo (72)",0
fernanda_lima,Mariana Lima,"dev backend, cafe e gatos",2017-03-31 12:00:00,3460,1139,1507,3618,0,0,alguem ai assistiu o jogo de ontem? que segundo tempo,0
lucas_rocha,Juliana Silva,fotografa e mae de dois,2012-10-29 02:00:00,5074,1320,812,135,0,0,"chuva forte aqui em Goiania hoje, transito parado enfim",0
lucas_souza,Eduardo Lima,musico nos fins de semana,2023-12-20 12:00:00,1005,541,1016,2038,0,0,recomendo muito esse restaurante novo no centro de Goiania bora pra cima (69),0
otavio_silva,Diego Silva,corredora amadora | 42k,2026-07-25 16:00:00,56,26,426,165,0,0,"obrigada pelas mensagens de aniversario, gente valeu quem ajudou (54)",0
promo4931080,Ganhe 1000,,2026-03-10 13:04:00,193,13,2699,6348,1,0,"GANHE DINHEIRO em casa!!! vagas limitadas, chama no direct agora https://encurtador.com.br/b7zf32",1
diego_lima,Paula Souza,estudante de enfermagem,2013-11-04 14:00:00,4702,308,604,362,0,0,"consegui finalmente organizar a planilha do mes, vitoria pessoal coisa de louco",0
otavio_lima63,Rafael Silva,fotografa e mae de dois,2024-10-24 16:00:00,695,102,55,1820,1,0,recomendo muito esse restaurante novo no centro de Recife valeu quem ajudou (30),0
ganhe9226977,Promo 999,,2026-07-18 14:11:00,63,4,1573,1882,1,0,SEGUIDORES GRATIS!!! siga de volta e me chama no whats https://encurtador.com.br/qge0hv,1
paula_alves,Carla Souza,estudante de enfermagem,2016-02-06 09:00:00,3879,3824,2489,277,0,0,"chuva forte aqui em Recife hoje, transito parado depois conto o resto",0
ganhe6084441,Invest Bot,,2026-03-02 13:31:00,201,5,2800,7291,1,0,"GANHE DINHEIRO em casa!!! vagas limitadas, chama no direct agora https://encurtador.com.br/j5pmkp",1
eduardo_alves90,Nara Lima,"dev backend, cafe e gatos",2016-04-13 01:00:00,3812,75,145,1304,0,0,"treino feito, 6km hoje. devagar mas chegando enfim",0
promo462178,Ganhe 1000,link na bio https://encurtador.com.br/6hj8nl,2026-03-10 15:11:00,193,10,1084,2160,1,0,"Sinal gratis de aposta, lucro garantido hoje!!! https://encurtador.com.br/6hj8nl",1
carla_souza,Otavio Souza,"dev backend, cafe e gatos",2025-08-11 08:00:00,405,464,450,335,0,0,"treino feito, 6km hoje. devagar mas chegando que dia",0
diego_silva,Mariana Souza,"pai do Theo, torcedor sofredor",2013-12-28 14:00:00,4648,2109,2636,601,0,0,"obrigada pelas mensagens de aniversario, gente valeu quem ajudou (74)",0
helena_rocha,Mariana Lima,estudante de enfermagem,2017-08-29 16:00:00,3308,539,563,502,0,0,dica pra quem estuda seguranca: pratique em laboratorio proprio (47),0
gustavo_souza,Fernanda Lima,estudante de enfermagem,2017-05-20 22:00:00,3409,359,309,638,0,0,"chuva forte aqui em Belem hoje, transito parado ate semana que vem",0
helena_alves,Gustavo Silva,musico nos fins de semana,2025-11-21 07:00:00,303,2227,2990,474,0,0,"treino feito, 6km hoje. devagar mas chegando ate semana que vem",0
juliana_silva63,Diego Rocha,"dev backend, cafe e gatos",2019-05-14 08:00:00,2686,81,49,413,0,0,"bom dia, cafe e mais um dia de trabalho por aqui valeu quem ajudou",0
otavio_souza93,Paula Souza,fotografa e mae de dois,2015-01-14 00:00:00,4267,527,502,1395,0,0,"consegui finalmente organizar a planilha do mes, vitoria pessoal no fim deu certo",0
ana_souza29,Helena Rocha,analista de dados em Belem,2017-05-18 08:00:00,3412,62,26,1120,0,0,"bom dia, cafe e mais um dia de trabalho por aqui ate semana que vem",0
ana_alves35,Helena Rocha,fotografa e mae de dois,2014-12-10 05:00:00,4302,379,730,123,0,0,alguem ai assistiu o jogo de ontem? que segundo tempo que dia,0
paula_rocha,Rafael Silva,musico nos fins de semana,2022-04-06 13:00:00,1627,75,64,265,0,0,"bom dia, cafe e mais um dia de trabalho por aqui bora pra cima (34)",0
juliana_rocha,Gustavo Lima,corredora amadora | 42k,2016-04-09 21:00:00,3815,74,100,2428,0,0,"treino feito, 6km hoje. devagar mas chegando no fim deu certo",0
juliana_rocha70,Diego Lima,musico nos fins de semana,2024-03-17 11:00:00,917,126,209,199,0,0,"alguem ai assistiu o jogo de ontem? que segundo tempo no mais, tudo tranquilo",0
mariana_rocha,Mariana Silva,fotografa e mae de dois,2025-07-11 20:00:00,435,521,210,375,0,0,alguem ai assistiu o jogo de ontem? que segundo tempo coisa de louco,0
invest8571793,Invest Bot,link na bio https://bit.ly/8yf6nw,2026-06-03 16:10:00,108,3,1541,2947,0,0,RENDA EXTRA de R$ 300 por dia!!! clique no link da bio e comece hoje https://bit.ly/8yf6nw,1
rafael_lima,Nara Silva,fotografa e mae de dois,2015-01-31 01:00:00,4250,258,89,4093,1,0,"obrigada pelas mensagens de aniversario, gente no fim deu certo",0
nara_rocha,Igor Souza,fotografa e mae de dois,2013-12-19 07:00:00,4658,45,13,408,0,0,alguem ai assistiu o jogo de ontem? que segundo tempo no fim deu certo (53),0
paula_alves4,Paula Rocha,,2024-04-02 12:00:00,901,31,12,842,1,0,"renda extra? venha ser revendedora comigo, explico tudo https://is.gd/wxs937",0
eduardo_alves1,Mariana Rocha,musico nos fins de semana,2023-04-11 21:00:00,1257,478,1018,415,0,0,"consegui finalmente organizar a planilha do mes, vitoria pessoal depois conto o resto",0
lucas_lima96,Lucas Alves,"dev backend, cafe e gatos",2012-07-23 06:00:00,5172,111,170,241,0,0,"chuva forte aqui em Belem hoje, transito parado depois conto o resto",0
juliana_lima,Eduardo Martins,"pai do Theo, torcedor sofredor",2019-05-19 16:00:00,2680,1010,763,66,0,0,melhor serie do ano sem discussao que dia,1
fernanda_lima,Rafael Alves,professora de historia,2026-08-26 05:00:00,25,1,400,88,0,0,recomendo muito esse restaurante novo no centro de Goiania que dia,0
igor_souza,Bruno Souza,corredora amadora | 42k,2017-09-13 17:00:00,3293,154,46,285,0,0,"bom dia, cafe e mais um dia de trabalho por aqui recomendo",0
lucas_souza56,Igor Alves,"pai do Theo, torcedor sofredor",2023-12-02 01:00:00,1023,225,264,286,0,0,dica pra quem estuda seguranca: pratique em laboratorio proprio que dia,0
paula_rocha,Igor Lima,analista de dados em Porto Alegre,2026-08-03 12:00:00,48,10,405,173,1,0,"consegui finalmente organizar a planilha do mes, vitoria pessoal no fim deu certo",0
rafael_souza,Rafael Silva,professora de historia,2022-08-09 22:00:00,1502,27,17,448,0,0,"obrigada pelas mensagens de aniversario, gente coisa de louco",0
bruno_lima,Diego Silva,,2019-01-16 04:00:00,2804,299,523,668,0,0,"obrigada pelas mensagens de aniversario, gente bora pra cima (74)",0
otavio_silva,Gustavo Silva,analista de dados em Recife,2019-02-07 17:00:00,2781,743,514,168,0,0,"treino feito, 6km hoje. devagar mas chegando ate semana que vem (9)",0
bruno_souza25,Igor Souza,analista de dados em Recife,2021-09-06 22:00:00,1839,269,466,126,0,0,"chuva forte aqui em Recife hoje, transito parado depois conto o resto (62)",0
mariana_rocha,Diego Alves,fotografa e mae de dois,2024-11-25 01:00:00,664,115,121,215,0,0,opiniao impopular: filme antigo e melhor que remake bora pra cima,0
paula_silva,Mariana Silva,"dev backend, cafe e gatos",2013-07-04 03:00:00,4826,43,56,190,1,0,"treino feito, 6km hoje. devagar mas chegando que dia",0
fernanda_alves15,Igor Rocha,analista de dados em Salvador,2018-05-30 23:00:00,3034,37,72,1026,0,0,recomendo muito esse restaurante novo no centro de Salvador enfim,0
bruno_souza,Lucas Silva,analista de dados em Curitiba,2026-07-30 08:00:00,52,23,429,167,0,0,"consegui finalmente organizar a planilha do mes, vitoria pessoal que dia (96)",0
diego_alves19,Carla Lima,professora de historia,2024-09-27 03:00:00,723,52,19,1162,0,0,dica pra quem estuda seguranca: pratique em laboratorio proprio amanha continuo (69),0
otavio_souza54,Otavio Alves,professora de historia,2016-05-24 23:00:00,3770,104,145,123,0,0,"vagas limitadas no curso de bolo caseiro, chama no direct pra reservar",0
user8984258,Renda Extra 24h,,2026-02-03 12:25:00,228,12,2532,4970,1,0,"Cupom exclusivo de R$ 200, ultimas vagas, clique no link https://encurtador.com.br/4otq2i",1
mariana_silva,Nara Souza,"pai do Theo, torcedor sofredor",2023-03-28 11:00:00,1272,635,918,491,0,0,"bom dia, cafe e mais um dia de trabalho por aqui no mais, tudo tranquilo",0
mariana_rocha,Mariana Alves,professora de historia,2020-01-28 17:00:00,2426,1192,2137,514,0,0,"bom dia, cafe e mais um dia de trabalho por aqui enfim",0
fernanda_lima,Eduardo Silva,"dev backend, cafe e gatos",2018-04-23 09:00:00,3072,167,122,658,0,0,"terminei de ler o livro que a Diego indicou, valeu a pena amanha continuo",0
mariana_lima,Rafael Rocha,,2020-01-22 17:00:00,2432,1256,1019,41,0,0,"obrigada pelas mensagens de aniversario, gente recomendo (52)",0
diego_silva42,Bruno Silva,estudante de enfermagem,2019-02-20 01:00:00,2769,377,279,382,0,0,dica pra quem estuda seguranca: pratique em laboratorio proprio enfim,0
igor_alves,Lucas Lima,estudante de enfermagem,2013-05-30 09:00:00,4861,1561,1486,640,0,0,dica pra quem estuda seguranca: pratique em laboratorio proprio que dia,0
gustavo_rocha,Juliana Alves,"dev backend, cafe e gatos",2015-05-22 03:00:00,4139,156,324,388,0,0,"consegui finalmente organizar a planilha do mes, vitoria pessoal no mais, tudo tranquilo",0
otavio_rocha54,Nara Lima,,2013-08-16 06:00:00,4783,326,622,79,0,0,"treino feito, 6km hoje. devagar mas chegando depois conto o resto",0
lucas_rocha,Ana Souza,fotografa e mae de dois,2016-02-29 05:00:00,3856,134,164,285,0,0,"obrigada pelas mensagens de aniversario, gente que dia",0
helena_lima93,Mariana Rocha,analista de dados em Curitiba,2016-04-19 13:00:00,3805,1199,1998,139,0,0,alguem ai assistiu o jogo de ontem? que segundo tempo bora pra cima,0
juliana_silva27,Mariana Souza,,2024-11-22 20:00:00,666,357,154,256,0,0,"treino feito, 6km hoje. devagar mas chegando no mais, tudo tranquilo (17)",0
gustavo_rocha,Juliana Alves,musico nos fins de semana,2014-12-28 23:00:00,4283,128,237,407,0,0,opiniao impopular: filme antigo e melhor que remake bora pra cima (64),0
eduardo_silva53,Bruno Lima,fotografa e mae de dois,2021-06-02 08:00:00,1936,78,169,764,1,0,"obrigada pelas mensagens de aniversario, gente recomendo",0
helena_lima,Otavio Rocha,fotografa e mae de dois,2021-04-04 11:00:00,1995,373,463,365,0,0,"consegui finalmente organizar a planilha do mes, vitoria pessoal bora pra cima (35)",0
otavio_silva9,Otavio Souza,"pai do Theo, torcedor sofredor",2017-08-20 18:00:00,3317,1227,721,1739,0,0,opiniao impopular: filme antigo e melhor que remake recomendo (72),0
nara_alves,Fernanda Lima,fotografa e mae de dois,2015-12-01 10:00:00,3946,2205,3236,2360,0,0,alguem ai assistiu o jogo de ontem? que segundo tempo que dia (19),0
juliana_rocha,Diego Lima,professora de historia,2024-05-01 22:00:00,871,1152,513,1028,0,0,"chuva forte aqui em Salvador hoje, transito parado no mais, tudo tranquilo (22)",0
diego_souza25,Mariana Silva,analista de dados em Belem,2026-07-18 18:00:00,63,7,412,173,0,0,"vagas limitadas no curso de bolo caseiro, chama no direct pra reservar",0
ana_silva,Gustavo Souza,"dev backend, cafe e gatos",2023-05-25 11:00:00,1214,38,32,467,0,0,"bom dia, cafe e mais um dia de trabalho por aqui valeu quem ajudou",0
helena_silva27,Juliana Alves,estudante de enfermagem,2017-11-18 05:00:00,3228,1141,1186,487,0,0,"obrigada pelas mensagens de aniversario, gente depois conto o resto",0
ana_silva,Ana Rocha,"dev backend, cafe e gatos",2025-02-09 20:00:00,587,342,682,777,0,0,dica pra quem estuda seguranca: pratique em laboratorio proprio amanha continuo (28),0
gustavo_silva,Paula Alves,"dev backend, cafe e gatos",2018-11-25 11:00:00,2856,729,1382,2425,0,0,"treino feito, 6km hoje. devagar mas chegando enfim",0
diego_rocha94,Lucas Silva,,2018-12-17 04:00:00,2834,104,78,343,0,0,"consegui finalmente organizar a planilha do mes, vitoria pessoal que dia",0
eduardo_rocha63,Diego Silva,"dev backend, cafe e gatos",2026-08-19 10:00:00,32,3,405,94,0,0,"obrigada pelas mensagens de aniversario, gente ate semana que vem (9)",0
mariana_lima44,Rafael Souza,corredora amadora | 42k,2015-12-18 07:00:00,3929,603,1219,526,0,0,"chuva forte aqui em Belem hoje, transito parado bora pra cima",0
mariana_alves,Carla Souza,estudante de enfermagem,2017-09-08 03:00:00,3299,148,277,256,0,0,"treino feito, 6km hoje. devagar mas chegando ate semana que vem",0
mariana_souza59,Juliana Lima,"pai do Theo, torcedor sofredor",2024-01-28 17:00:00,965,103,199,1763,0,0,"treino feito, 6km hoje. devagar mas chegando depois conto o resto",0
ganhe7448435,Promo 999,,2026-02-23 12:04:00,208,13,1974,9452,1,0,SEGUIDORES GRATIS!!! siga de volta e me chama no whats https://is.gd/t7lcy6,1
igor_alves,Fernanda Rocha,"pai do Theo, torcedor sofredor",2024-01-04 19:00:00,989,80,110,1939,0,0,recomendo muito esse restaurante novo no centro de Sao Paulo amanha continuo (27),0
lucro6784205,Ganhe 1000,,2026-06-08 12:47:00,103,3,1630,3225,1,0,"Sinal gratis de aposta, lucro garantido hoje!!! https://bit.ly/c9pm79",1
gustavo_lima89,Helena Lima,"dev backend, cafe e gatos",2025-06-29 07:00:00,448,141,148,537,0,0,opiniao impopular: filme antigo e melhor que remake amanha continuo,0
fernanda_silva42,Fernanda Souza,,2025-03-18 04:00:00,551,129,265,948,0,0,alguem ai assistiu o jogo de ontem? que segundo tempo no fim deu certo,0
carla_alves,Bruno Souza,,2014-08-28 22:00:00,4405,393,529,74,0,0,"chuva forte aqui em Sao Paulo hoje, transito parado amanha continuo (83)",0
helena_rocha59,Paula Souza,estudante de enfermagem,2025-03-19 20:00:00,549,589,610,3286,0,0,"bom dia, cafe e mais um dia de trabalho por aqui que dia",0
gustavo_lima,Ana Rocha,analista de dados em Sao Paulo,2019-05-04 21:00:00,2695,118,230,1195,0,0,alguem ai assistiu o jogo de ontem? que segundo tempo depois conto o resto,0
rafael_rocha11,Mariana Alves,corredora amadora | 42k,2026-07-18 04:00:00,64,3,404,182,0,0,"dica pra quem estuda seguranca: pratique em laboratorio proprio no mais, tudo tranquilo",0
diego_lima83,Ana Lima,estudante de enfermagem,2013-01-28 11:00:00,4983,127,85,261,0,0,"treino feito, 6km hoje. devagar mas chegando no fim deu certo (85)",0
mariana_silva90,Gustavo Silva,"dev backend, cafe e gatos",2022-10-16 21:00:00,1434,342,353,162,0,0,dica pra quem estuda seguranca: pratique em laboratorio proprio ate semana que vem (71),0
igor_silva51,Ana Lima,professora de historia,2022-10-09 01:00:00,1442,24,50,304,0,0,"bom dia, cafe e mais um dia de trabalho por aqui depois conto o resto",0
paula_rocha,Juliana Lima,estudante de enfermagem,2017-07-17 11:00:00,3352,90,95,197,0,0,"chuva forte aqui em Sao Paulo hoje, transito parado recomendo (3)",0
invest1667640,Renda Extra 24h,,2025-10-13 16:04:00,341,22,1481,11046,1,0,"Cupom exclusivo de R$ 200, ultimas vagas, clique no link https://bit.ly/ggabbn",1
eduardo_souza16,Otavio Silva,"dev backend, cafe e gatos",2025-02-14 13:00:00,582,135,251,463,0,0,opiniao impopular: filme antigo e melhor que remake enfim,0
fernanda_souza,Helena Rocha,corredora amadora | 42k,2013-06-20 02:00:00,4840,126,47,718,0,0,"obrigada pelas mensagens de aniversario, gente no mais, tudo tranquilo (74)",0
nara_souza63,Helena Rocha,corredora amadora | 42k,2016-03-24 02:00:00,3832,1153,1436,326,0,0,opiniao impopular: filme antigo e melhor que remake valeu quem ajudou,0
nara_rocha59,Paula Silva,corredora amadora | 42k,2016-09-06 19:00:00,3665,89,137,619,0,0,dica pra quem estuda seguranca: pratique em laboratorio proprio coisa de louco (5),0
mariana_souza,Carla Souza,professora de historia,2026-08-14 16:00:00,36,5,408,90,0,0,recomendo muito esse restaurante novo no centro de Recife bora pra cima (48),0
nara_silva55,Rafael Silva,musico nos fins de semana,2018-04-09 21:00:00,3085,109,43,95,1,0,recomendo muito esse restaurante novo no centro de Recife enfim (2),0
lucas_silva57,Helena Alves,corredora amadora | 42k,2019-09-10 21:00:00,2566,84,64,1833,0,0,"bom dia, cafe e mais um dia de trabalho por aqui no mais, tudo tranquilo (41)",0
fernanda_rocha,Helena Rocha,,2024-11-25 07:00:00,664,115,134,245,0,0,"bom dia, cafe e mais um dia de trabalho por aqui depois conto o resto",0
gustavo_silva,Helena Alves,fotografa e mae de dois,2016-02-09 11:00:00,3876,391,585,301,0,0,recomendo muito esse restaurante novo no centro de Curitiba valeu quem ajudou (2),0
otavio_souza54,Lucas Neves,corredora amadora | 42k,2021-10-23 13:00:00,1792,636,288,249,0,0,"bom dia, cafe e mais um dia de trabalho por aqui enfim",1
paula_rocha68,Bruno Rocha,analista de dados em Recife,2016-09-21 20:00:00,3650,665,1179,1636,0,0,opiniao impopular: filme antigo e melhor que remake (34),0
carla_silva,Paula Souza,analista de dados em Recife,2023-07-05 17:00:00,1172,71,153,2115,0,0,"treino feito, 6km hoje. devagar mas chegando coisa de louco",0
helena_souza,Lucas Alves,analista de dados em Curitiba,2025-10-20 00:00:00,335,134,162,1067,0,0,"terminei de ler o livro que a Nara indicou, valeu a pena",0
helena_silva,Lucas Rocha,fotografa e mae de dois,2018-06-05 16:00:00,3028,152,167,3989,1,0,"consegui finalmente organizar a planilha do mes, vitoria pessoal depois conto o resto (70)",0
eduardo_silva,Paula Souza,corredora amadora | 42k,2025-10-29 13:00:00,325,4146,5000,1699,0,0,recomendo muito esse restaurante novo no centro de Porto Alegre depois conto o resto,0
bruno_silva28,Helena Lima,analista de dados em Sao Paulo,2023-05-16 03:00:00,1223,1233,1146,414,0,0,"bom dia, cafe e mais um dia de trabalho por aqui que dia",0
juliana_alves53,Gustavo Lima,professora de historia,2022-05-06 15:00:00,1597,251,246,1209,0,0,"bom dia, cafe e mais um dia de trabalho por aqui amanha continuo (36)",0
igor_alves85,Igor Souza,professora de historia,2021-04-25 00:00:00,1974,475,336,1040,0,0,"opiniao impopular: filme antigo e melhor que remake no mais, tudo tranquilo (87)",0
mariana_lima,Gustavo Lima,estudante de enfermagem,2014-10-28 12:00:00,4345,826,692,381,0,0,"consegui finalmente organizar a planilha do mes, vitoria pessoal coisa de louco",0
ana_rocha71,Juliana Lima,professora de historia,2020-01-02 07:00:00,2453,133,269,196,0,0,"terminei de ler o livro que a Bruno indicou, valeu a pena valeu quem ajudou (76)",0
helena_silva86,Ana Lima,estudante de enfermagem,2022-05-23 18:00:00,1580,633,497,1102,0,0,"consegui finalmente organizar a planilha do mes, vitoria pessoal valeu quem ajudou",0
paula_souza,Otavio Rocha,analista de dados em Porto Alegre,2014-03-04 08:00:00,4583,119,250,821,0,0,"terminei de ler o livro que a Mariana indicou, valeu a pena ate semana que vem",0
carla_rocha33,Lucas Alves,estudante de enfermagem,2012-08-02 03:00:00,5162,87,26,500,0,0,alguem ai assistiu o jogo de ontem? que segundo tempo valeu quem ajudou,0
mariana_alves,Igor Souza,,2017-10-02 18:00:00,3274,278,279,787,0,0,"treino feito, 6km hoje. devagar mas chegando recomendo",0
juliana_alves1,Paula Alves,analista de dados em Sao Paulo,2017-12-17 13:00:00,3198,516,1005,278,0,0,"consegui finalmente organizar a planilha do mes, vitoria pessoal no fim deu certo (78)",0
otavio_souza,Paula Souza,corredora amadora | 42k,2012-10-25 20:00:00,5077,70,62,99,0,0,opiniao impopular: filme antigo e melhor que remake recomendo (60),0
promo4812939,Renda Extra 24h,,2026-03-02 13:03:00,201,12,1119,10140,1,0,"Cupom exclusivo de R$ 200, ultimas vagas, clique no link https://cutt.ly/zfdx22",1
gustavo_souza,Otavio Lima,professora de historia,2016-02-18 16:00:00,3866,544,280,89,0,0,"obrigada pelas mensagens de aniversario, gente coisa de louco",0
bruno_rocha43,Lucas Silva,musico nos fins de semana,2019-02-07 15:00:00,2781,862,1096,228,0,0,"treino feito, 6km hoje. devagar mas chegando valeu quem ajudou (92)",0
otavio_silva14,Otavio Alves,estudante de enfermagem,2023-01-24 07:00:00,1335,162,345,223,0,0,"treino feito, 6km hoje. devagar mas chegando no fim deu certo",0
user9958696,Promo 999,link na bio https://cutt.ly/b38jd9,2026-03-02 15:52:00,201,11,640,5136,1,0,"GANHE DINHEIRO em casa!!! vagas limitadas, chama no direct agora https://cutt.ly/b38jd9",1
otavio_silva,Juliana Lima,professora de historia,2026-03-11 18:00:00,192,198,221,348,0,0,"terminei de ler o livro que a Lucas indicou, valeu a pena valeu quem ajudou",0
nara_silva,Carla Neves,analista de dados em Porto Alegre,2025-08-18 11:00:00,398,115,153,253,0,0,"consegui finalmente organizar a planilha do mes, vitoria pessoal coisa de louco",1
helena_souza,Lucas Rocha,fotografa e mae de dois,2026-07-28 00:00:00,54,3,404,118,0,0,opiniao impopular: filme antigo e melhor que remake amanha continuo,0
eduardo_lima,Fernanda Alves,estudante de enfermagem,2014-07-26 11:00:00,4439,247,317,38,0,0,opiniao impopular: filme antigo e melhor que remake que dia,0
diego_silva96,Nara Rocha,"dev backend, cafe e gatos",2016-11-09 18:00:00,3601,77,56,867,0,0,"treino feito, 6km hoje. devagar mas chegando ate semana que vem",0
rafael_lima,Juliana Rocha,"pai do Theo, torcedor sofredor",2017-04-20 01:00:00,3440,280,238,2825,0,0,"recomendo muito esse restaurante novo no centro de Porto Alegre no mais, tudo tranquilo",0
paula_alves,Juliana Souza,corredora amadora | 42k,2016-06-14 21:00:00,3749,184,351,366,0,0,opiniao impopular: filme antigo e melhor que remake bora pra cima,0
eduardo_rocha,Paula Silva,corredora amadora | 42k,2026-02-07 22:00:00,224,521,1042,454,0,0,"bom dia, cafe e mais um dia de trabalho por aqui no fim deu certo",0
gustavo_souza,Diego Silva,estudante de enfermagem,2020-12-08 03:00:00,2112,343,106,1545,0,0,alguem ai assistiu o jogo de ontem? que segundo tempo recomendo,0
otavio_souza,Nara Alves,professora de historia,2022-03-13 10:00:00,1652,109,149,2152,0,0,recomendo muito esse restaurante novo no centro de Curitiba (84),0
ana_rocha38,Bruno Silva,professora de historia,2026-09-13 05:00:00,7,4,401,5,0,0,opiniao impopular: filme antigo e melhor que remake recomendo (81),0
otavio_silva31,Nara Souza,fotografa e mae de dois,2016-08-23 17:00:00,3679,237,457,147,0,0,"chuva forte aqui em Salvador hoje, transito parado (82)",0
ana_alves34,Helena Silva,,2021-03-26 20:00:00,2003,54,43,644,0,0,"treino feito, 6km hoje. devagar mas chegando coisa de louco (33)",0
nara_silva78,Lucas Rocha,"dev backend, cafe e gatos",2020-11-01 03:00:00,2149,615,597,714,0,0,"consegui finalmente organizar a planilha do mes, vitoria pessoal amanha continuo (42)",0
fernanda_alves,Bruno Rocha,"dev backend, cafe e gatos",2020-08-02 20:00:00,2239,172,77,160,0,0,"obrigada pelas mensagens de aniversario, gente coisa de louco",0
carla_silva,Mariana Silva,,2024-10-22 01:00:00,698,2030,3309,295,0,0,dica pra quem estuda seguranca: pratique em laboratorio proprio ate semana que vem,0
nara_rocha49,Diego Rocha,professora de historia,2023-01-03 14:00:00,1355,195,267,2543,0,0,"renda extra? venha ser revendedora comigo, explico tudo https://bit.ly/9vzdet",0
bruno_rocha8,Helena Lima,,2022-07-27 12:00:00,1516,410,111,646,0,0,dica pra quem estuda seguranca: pratique em laboratorio proprio bora pra cima (32),0
lucas_souza,Otavio Alves,"dev backend, cafe e gatos",2022-03-09 00:00:00,1656,349,295,501,0,0,"chuva forte aqui em Goiania hoje, transito parado enfim (62)",0
mariana_lima,Igor Souza,estudante de enfermagem,2013-10-18 04:00:00,4720,359,446,852,0,0,"bom dia, cafe e mais um dia de trabalho por aqui ate semana que vem (49)",0
lucas_alves61,Diego Silva,professora de historia,2019-10-23 18:00:00,2523,1219,807,4387,0,0,"chuva forte aqui em Recife hoje, transito parado amanha continuo (78)",0
igor_silva42,Fernanda Silva,professora de historia,2024-01-07 13:00:00,986,101,201,1092,0,0,"chuva forte aqui em Goiania hoje, transito parado coisa de louco",0
diego_alves,Mariana Alves,professora de historia,2023-05-07 06:00:00,1232,15,12,823,0,0,dica pra quem estuda seguranca: pratique em laboratorio proprio ate semana que vem,0
lucas_silva46,Ana Silva,estudante de enfermagem,2014-09-08 20:00:00,4394,303,267,1066,1,0,dica pra quem estuda seguranca: pratique em laboratorio proprio enfim (78),0
lucas_souza41,Bruno Souza,"dev backend, cafe e gatos",2017-02-02 22:00:00,3516,410,299,339,0,0,"obrigada pelas mensagens de aniversario, gente",0
ana_alves42,Gustavo Alves,professora de historia,2026-02-23 00:00:00,209,29,47,203,0,0,dica pra quem estuda seguranca: pratique em laboratorio proprio que dia (77),0
helena_silva,Diego Silva,analista de dados em Porto Alegre,2012-11-30 08:00:00,5042,19,22,139,0,0,"dica pra quem estuda seguranca: pratique em laboratorio proprio no mais, tudo tranquilo",0
invest8534648,Invest Bot,,2026-03-02 14:42:00,201,26,2137,10245,1,0,"Sinal gratis de aposta, lucro garantido hoje!!! https://cutt.ly/jybjy9",1
otavio_rocha,Rafael Alves,"pai do Theo, torcedor sofredor",2019-01-10 17:00:00,2809,170,102,123,0,0,"treino feito, 6km hoje. devagar mas chegando",0
otavio_silva,Paula Lima,"dev backend, cafe e gatos",2022-08-05 06:00:00,1507,78,150,8040,0,0,"recomendo muito esse restaurante novo no centro de Recife no mais, tudo tranquilo (13)",0
igor_souza55,Ana Silva,"pai do Theo, torcedor sofredor",2023-09-27 04:00:00,1089,17,34,339,0,0,"renda extra? venha ser revendedora comigo, explico tudo https://cutt.ly/l6t4dd",0
igor_souza74,Nara Alves,estudante de enfermagem,2026-08-19 16:00:00,31,22,445,103,0,0,"treino feito, 6km hoje. devagar mas chegando ate semana que vem",0
eduardo_souza,Otavio Silva,analista de dados em Salvador,2021-07-07 19:00:00,1900,2330,2379,251,0,0,"bom dia, cafe e mais um dia de trabalho por aqui que dia",0
otavio_souza63,Nara Alves,analista de dados em Porto Alegre,2022-12-12 06:00:00,1378,510,651,529,0,0,"treino feito, 6km hoje. devagar mas chegando depois conto o resto (6)",0
rafael_souza24,Rafael Souza,corredora amadora | 42k,2022-06-28 05:00:00,1545,960,2052,168,0,0,alguem ai assistiu o jogo de ontem? que segundo tempo bora pra cima (42),0
ana_rocha,Igor Rocha,professora de historia,2020-11-15 17:00:00,2134,90,149,3675,0,0,"consegui finalmente organizar a planilha do mes, vitoria pessoal no mais, tudo tranquilo",0
mariana_rocha,Lucas Souza,fotografa e mae de dois,2022-10-02 03:00:00,1449,103,58,1036,0,0,opiniao impopular: filme antigo e melhor que remake valeu quem ajudou,0
invest106247,Invest Bot,,2026-06-03 14:17:00,108,18,1702,4921,1,0,"Cupom exclusivo de R$ 200, ultimas vagas, clique no link https://bit.ly/y4d9ms",1
mariana_alves,Juliana Rocha,"dev backend, cafe e gatos",2014-06-30 13:00:00,4464,426,562,616,0,0,"obrigada pelas mensagens de aniversario, gente valeu quem ajudou (11)",0
user8570178,Ana 7712,,2026-07-18 15:59:00,63,13,2285,2370,1,0,Airdrop de cripto liberado! dobre seu investimento em 24h https://tinyurl.com/v9to0t,1
mariana_rocha,Lucas Rocha,corredora amadora | 42k,2018-03-18 06:00:00,3108,831,1658,2936,0,0,"chuva forte aqui em Goiania hoje, transito parado depois conto o resto (28)",0
lucas_silva0,Paula Souza,"dev backend, cafe e gatos",2021-06-26 08:00:00,1912,89,156,418,0,0,"consegui finalmente organizar a planilha do mes, vitoria pessoal enfim (60)",0
igor_silva,Lucas Lima,fotografa e mae de dois,2017-02-19 21:00:00,3499,45,74,756,0,0,"treino feito, 6km hoje. devagar mas chegando depois conto o resto (34)",0
otavio_rocha,Mariana Rocha,"pai do Theo, torcedor sofredor",2023-07-05 08:00:00,1173,87,166,473,0,0,"terminei de ler o livro que a Diego indicou, valeu a pena ate semana que vem",0
ana_rocha38,Ana Alves,"pai do Theo, torcedor sofredor",2023-09-04 11:00:00,1112,1544,1660,1562,0,0,"renda extra? venha ser revendedora comigo, explico tudo https://encurtador.com.br/8xrkdo",0
ana_alves67,Igor Silva,corredora amadora | 42k,2025-09-24 22:00:00,360,66,27,517,0,0,recomendo muito esse restaurante novo no centro de Goiania ate semana que vem (6),0
ana_lima,Igor Silva,"pai do Theo, torcedor sofredor",2021-10-27 19:00:00,1788,97,58,910,0,0,"terminei de ler o livro que a Carla indicou, valeu a pena enfim",0
mariana_silva68,Igor Alves,estudante de enfermagem,2023-09-19 06:00:00,1097,110,212,860,1,0,"opiniao impopular: filme antigo e melhor que remake no mais, tudo tranquilo (43)",0
rafael_lima,Fernanda Neves,professora de historia,2025-03-29 11:00:00,540,56,51,141,0,0,dica pra quem estuda seguranca: pratique em laboratorio proprio depois conto o resto,1
gustavo_souza72,Igor Lima,analista de dados em Porto Alegre,2019-02-11 07:00:00,2778,281,500,514,0,0,recomendo muito esse restaurante novo no centro de Porto Alegre valeu quem ajudou (18),0
gustavo_silva1,Ana Rocha,,2017-12-08 08:00:00,3208,447,599,74,0,0,"treino feito, 6km hoje. devagar mas chegando recomendo",0
bruno_silva,Juliana Rocha,musico nos fins de semana,2012-10-18 08:00:00,5085,317,384,105,0,0,"chuva forte aqui em Curitiba hoje, transito parado bora pra cima (11)",0
lucas_silva,Helena Lima,corredora amadora | 42k,2015-05-15 14:00:00,4145,329,344,150,0,0,alguem ai assistiu o jogo de ontem? que segundo tempo depois conto o resto (7),0
promo5222776,Ganhe 1000,link na bio https://bit.ly/xujifz,2026-02-03 16:04:00,228,14,2277,13514,0,0,RENDA EXTRA de R$ 300 por dia!!! clique no link da bio e comece hoje https://bit.ly/xujifz,1
otavio_rocha50,Carla Silva,corredora amadora | 42k,2016-05-23 06:00:00,3772,922,608,866,0,0,"terminei de ler o livro que a Rafael indicou, valeu a pena recomendo (6)",0
eduardo_souza,Juliana Rocha,"dev backend, cafe e gatos",2025-12-21 11:00:00,273,998,341,81,0,0,dica pra quem estuda seguranca: pratique em laboratorio proprio que dia,0
eduardo_souza,Bruno Alves,corredora amadora | 42k,2023-06-04 04:00:00,1204,463,631,88,0,0,opiniao impopular: filme antigo e melhor que remake (15),0
gustavo_souza,Carla Lima,corredora amadora | 42k,2017-08-12 13:00:00,3325,77,109,789,0,0,"obrigada pelas mensagens de aniversario, gente",0
fernanda_souza,Otavio Souza,fotografa e mae de dois,2019-07-30 21:00:00,2608,79,98,530,0,0,"treino feito, 6km hoje. devagar mas chegando coisa de louco (70)",0
ganhe7822403,Promo 999,,2026-06-03 14:30:00,108,10,1408,1808,1,0,"Cupom exclusivo de R$ 200, ultimas vagas, clique no link https://is.gd/i5e05s",1
carla_alves,Mariana Alves,fotografa e mae de dois,2026-08-31 03:00:00,20,4,403,35,0,0,"obrigada pelas mensagens de aniversario, gente ate semana que vem",0
mariana_lima45,Nara Rocha,professora de historia,2024-08-18 18:00:00,762,632,1094,574,0,0,"terminei de ler o livro que a Diego indicou, valeu a pena enfim (26)",0
igor_souza86,Gustavo Alves,corredora amadora | 42k,2014-07-14 04:00:00,4451,150,87,132,0,0,"terminei de ler o livro que a Mariana indicou, valeu a pena que dia (40)",0
paula_alves,Juliana Silva,corredora amadora | 42k,2018-06-18 12:00:00,3016,218,330,112,0,0,"chuva forte aqui em Porto Alegre hoje, transito parado (35)",0
paula_lima43,Lucas Souza,"pai do Theo, torcedor sofredor",2016-04-15 18:00:00,3809,38,24,235,0,0,"treino feito, 6km hoje. devagar mas chegando depois conto o resto",0
ana_lima,Helena Alves,"pai do Theo, torcedor sofredor",2024-12-04 17:00:00,654,418,749,823,0,0,"treino feito, 6km hoje. devagar mas chegando ate semana que vem (14)",0
gustavo_silva77,Bruno Rocha,fotografa e mae de dois,2013-05-03 06:00:00,4888,319,571,119,0,0,opiniao impopular: filme antigo e melhor que remake depois conto o resto,0
paula_silva,Bruno Alves,fotografa e mae de dois,2021-03-10 22:00:00,2019,29,50,152,0,0,dica pra quem estuda seguranca: pratique em laboratorio proprio,0
lucas_silva6,Fernanda Silva,,2021-07-24 04:00:00,1884,56,120,1468,0,0,dica pra quem estuda seguranca: pratique em laboratorio proprio,0
diego_silva17,Juliana Alves,"dev backend, cafe e gatos",2021-01-10 23:00:00,2078,486,179,96,0,0,"terminei de ler o livro que a Mariana indicou, valeu a pena recomendo (65)",0
rafael_souza27,Ana Silva,,2013-11-16 18:00:00,4690,631,492,109,0,0,"bom dia, cafe e mais um dia de trabalho por aqui enfim",0
eduardo_rocha70,Juliana Alves,estudante de enfermagem,2026-08-29 20:00:00,21,35,433,60,0,0,"recomendo muito esse restaurante novo no centro de Salvador no mais, tudo tranquilo (31)",0
igor_lima68,Fernanda Lima,analista de dados em Porto Alegre,2024-02-04 20:00:00,958,593,1295,756,0,0,"consegui finalmente organizar a planilha do mes, vitoria pessoal no fim deu certo (31)",0
carla_souza76,Helena Souza,analista de dados em Belem,2022-05-26 09:00:00,1578,230,126,455,0,0,"consegui finalmente organizar a planilha do mes, vitoria pessoal amanha continuo",0
paula_lima,Juliana Rocha,"pai do Theo, torcedor sofredor",2020-04-15 07:00:00,2349,1209,2373,2946,0,0,recomendo muito esse restaurante novo no centro de Goiania depois conto o resto,0
bruno_silva,Paula Alves,"dev backend, cafe e gatos",2016-02-02 05:00:00,3883,492,865,889,0,0,"bom dia, cafe e mais um dia de trabalho por aqui no mais, tudo tranquilo (11)",0
juliana_rocha15,Helena Lima,"dev backend, cafe e gatos",2022-09-02 17:00:00,1478,356,782,2095,0,0,opiniao impopular: filme antigo e melhor que remake,0
lucas_silva28,Otavio Alves,corredora amadora | 42k,2023-08-25 21:00:00,1121,820,1050,294,0,0,dica pra quem estuda seguranca: pratique em laboratorio proprio coisa de louco,0
ana_alves18,Fernanda Silva,corredora amadora | 42k,2014-01-08 10:00:00,4638,88,95,138,0,0,"obrigada pelas mensagens de aniversario, gente valeu quem ajudou (6)",0
lucro9405201,Ana 7712,,2026-02-03 15:10:00,228,9,765,4505,1,0,"Cupom exclusivo de R$ 200, ultimas vagas, clique no link https://is.gd/82fbh7",1
rafael_lima,Ana Souza,analista de dados em Recife,2015-02-16 22:00:00,4233,416,644,1360,0,0,opiniao impopular: filme antigo e melhor que remake enfim,0
rafael_alves,Nara Silva,musico nos fins de semana,2021-07-08 17:00:00,1899,828,925,658,0,0,"obrigada pelas mensagens de aniversario, gente (63)",0
mariana_rocha,Fernanda Souza,professora de historia,2024-12-25 01:00:00,634,19,21,11145,0,0,opiniao impopular: filme antigo e melhor que remake depois conto o resto (23),0
otavio_silva,Paula Rocha,corredora amadora | 42k,2024-04-27 05:00:00,876,146,182,2205,0,0,"consegui finalmente organizar a planilha do mes, vitoria pessoal coisa de louco (16)",0
diego_souza85,Igor Alves,fotografa e mae de dois,2026-07-28 19:00:00,53,2,403,146,0,0,"bom dia, cafe e mais um dia de trabalho por aqui bora pra cima",0
lucro3013425,Invest Bot,,2026-03-02 14:36:00,201,7,1644,2265,1,0,SEGUIDORES GRATIS!!! siga de volta e me chama no whats https://is.gd/wjwg4x,1
paula_rocha,Eduardo Lima,estudante de enfermagem,2025-09-15 18:00:00,369,183,179,1443,0,0,promocao de hoje na loja: cupom de 20% pra quem chegar antes do meio dia,0
nara_lima41,Nara Lima,estudante de enfermagem,2016-10-12 11:00:00,3630,467,842,160,0,0,"bom dia, cafe e mais um dia de trabalho por aqui amanha continuo",0
ana_silva,Otavio Silva,"dev backend, cafe e gatos",2023-12-06 15:00:00,1018,122,88,445,0,0,"consegui finalmente organizar a planilha do mes, vitoria pessoal ate semana que vem (43)",0
